Participant,Condition,Epoch,N400_mean,P600_mean
0205-L8NWB,congruent,0,-6.244256725270009e-06,-9.752746603276789e-06
0205-L8NWB,congruent,1,1.7201163320280595e-06,4.227174101840159e-06
0205-L8NWB,congruent,2,-3.820271384780117e-06,-1.0514088536022685e-05
0205-L8NWB,congruent,3,-1.6301120206632477e-07,-8.871503229977344e-07
0205-L8NWB,congruent,4,-1.0717601901509687e-06,-6.129301592108993e-06
0205-L8NWB,congruent,5,1.063571568244922e-05,-3.6392257455930433e-06
0205-L8NWB,congruent,6,1.8234563632657231e-06,2.3646280188058e-06
0205-L8NWB,congruent,7,3.818190403949462e-06,1.2735809566040426e-06
0205-L8NWB,congruent,8,-5.113370985789711e-06,-6.231740389187e-06
0205-L8NWB,congruent,9,4.6688767034862284e-06,-4.748896125635454e-06
0205-L8NWB,congruent,10,3.948429701992047e-06,-6.042533622689389e-06
0205-L8NWB,congruent,11,1.3529840453857058e-06,-1.3646914213237082e-06
0205-L8NWB,congruent,12,7.777767702790011e-06,-4.584918438261348e-06
0205-L8NWB,congruent,13,9.867239491187687e-06,-5.202032592249109e-06
0205-L8NWB,congruent,14,7.298519335339365e-06,6.640929305436598e-06
0205-L8NWB,congruent,15,-1.1159571159304165e-06,-3.2420350378423266e-07
0205-L8NWB,congruent,16,-7.71482930979589e-08,1.2363824638644405e-06
0205-L8NWB,congruent,17,-5.263737054816007e-07,-3.4749012706044386e-06
0205-L8NWB,congruent,18,4.25716232638691e-06,2.0481074820411092e-06
0205-L8NWB,congruent,19,-2.7997336116655817e-06,-3.595963740464902e-06
0205-L8NWB,congruent,20,-4.995395341842247e-06,-5.741938542067961e-07
0205-L8NWB,congruent,21,1.2119363447696371e-06,-3.7550315335892304e-06
0205-L8NWB,congruent,22,5.94804868545878e-06,5.353573604678746e-07
0205-L8NWB,congruent,23,1.917800731763838e-06,3.8164675368009905e-06
0205-L8NWB,congruent,24,-5.681586564529179e-06,-5.915910240543337e-06
0205-L8NWB,congruent,25,-1.4287976708347436e-06,-8.335884993394695e-06
0205-L8NWB,congruent,26,9.23145369961898e-06,7.979100492673605e-06
0205-L8NWB,congruent,27,1.3305112761283865e-06,3.7915620704034648e-06
0205-L8NWB,congruent,28,-9.048010205521192e-06,1.2949090010823664e-06
0205-L8NWB,congruent,29,4.579770003482867e-06,-2.7326354368301845e-07
0205-L8NWB,congruent,30,8.29339643956585e-06,2.4384402620777627e-08
0205-L8NWB,congruent,31,9.689185267035486e-06,-2.962752488617577e-07
0205-L8NWB,congruent,32,-5.222633446529043e-06,2.4367780496197966e-07
0205-L8NWB,congruent,33,2.748859325579726e-06,4.1653415745958665e-06
0205-L8NWB,congruent,34,1.1568398963531186e-05,4.001881541723996e-06
0205-L8NWB,congruent,35,5.334458674406439e-06,4.51315264802816e-06
0205-L8NWB,congruent,36,-3.669297317500553e-06,5.176506114621512e-06
0205-L8NWB,congruent,37,4.89395608840072e-06,-3.350597092238552e-06
0205-L8NWB,congruent,38,1.0061026346109262e-05,7.945977676205843e-06
0205-L8NWB,congruent,39,-6.9470387001481e-06,-2.712620940670922e-06
0205-L8NWB,congruent,40,1.16030119762766e-05,6.316976739458459e-06
0205-L8NWB,congruent,41,-5.036330955936751e-06,-9.543097092299078e-06
0205-L8NWB,congruent,42,7.976038081054321e-06,6.158937386965283e-06
0205-L8NWB,congruent,43,-7.749007013901209e-06,2.0807128873300332e-08
0205-L8NWB,congruent,44,-7.638242347508252e-06,4.2272690338331615e-07
0205-L8NWB,congruent,45,-9.212903746871341e-07,1.6765547966555672e-06
0205-L8NWB,congruent,46,7.888742271126659e-06,1.0360600031645914e-06
0205-L8NWB,congruent,47,2.6342250047700395e-06,2.0376367132415847e-06
0205-L8NWB,congruent,48,1.6565329379103077e-06,1.9544613896630783e-07
0205-L8NWB,congruent,49,1.7239907908434487e-06,8.77281374797749e-07
0205-L8NWB,congruent,50,1.908220142453289e-06,1.7803491121159213e-06
0205-L8NWB,congruent,51,2.7811194927942818e-06,4.852532628469926e-06
0205-L8NWB,congruent,52,5.059169770238891e-06,3.618910217643389e-06
0205-L8NWB,congruent,53,2.9735554551137867e-06,1.7901401638568853e-06
0205-L8NWB,congruent,54,-4.376908803641205e-06,-6.331486021367153e-06
0205-L8NWB,congruent,55,1.0267995662616158e-05,5.527161337512322e-06
0205-L8NWB,congruent,56,5.205244814234525e-06,8.397355461824806e-06
0205-L8NWB,congruent,57,-7.450258804197369e-06,-1.1911752314529875e-06
0205-L8NWB,congruent,58,1.3208290047858406e-06,3.511768244595904e-07
0205-L8NWB,congruent,59,4.763596617165773e-06,2.961720748972302e-07
0205-L8NWB,congruent,60,1.4271130692707472e-06,-4.060347520124427e-06
0205-L8NWB,congruent,61,-1.3075915217739764e-05,-2.7203414363826357e-06
0205-L8NWB,congruent,62,-5.189632209584891e-06,-4.220434041441674e-06
0205-L8NWB,congruent,63,-7.445330194296217e-06,-5.870556965836744e-06
0205-L8NWB,congruent,64,9.355189893938345e-06,9.630294076270045e-07
0205-L8NWB,congruent,65,4.597324620742181e-06,6.173646995289502e-06
0205-L8NWB,congruent,66,4.542366057943985e-06,2.8913582590853753e-06
0205-L8NWB,congruent,67,1.4770076194896469e-06,6.423320717949095e-08
0205-L8NWB,congruent,68,4.172978739378122e-06,-5.004028732654228e-07
0205-L8NWB,congruent,69,-4.133833054969019e-06,-5.2365968628125145e-06
0205-L8NWB,congruent,70,-3.380018366560749e-06,3.876072150445645e-06
0205-L8NWB,congruent,71,-1.5524930276129691e-06,5.97409190734312e-07
0205-L8NWB,congruent,72,-5.849226474737489e-06,-5.886088575161316e-06
0205-L8NWB,congruent,73,-9.416725090957468e-06,-8.98346318332691e-06
0205-L8NWB,congruent,74,-7.392561067448638e-06,-8.143396986275468e-06
0205-L8NWB,congruent,75,-7.4963233438218805e-06,-9.343958665045244e-06
0205-L8NWB,congruent,76,6.173584944020822e-08,-5.560457437848887e-06
0205-L8NWB,congruent,77,-2.174683756667874e-06,-1.3352597889065895e-06
0205-L8NWB,congruent,78,-4.577569364458324e-06,-7.079318413366609e-06
0205-L8NWB,congruent,79,8.402589906478246e-06,1.2798171816844726e-05
0205-L8NWB,congruent,80,2.0922370854090486e-07,-9.488803337705245e-07
0205-L8NWB,congruent,81,-6.8721663372233865e-06,-5.179941081318904e-06
0205-L8NWB,congruent,82,-1.5886317718533506e-06,-8.148136199741578e-06
0205-L8NWB,congruent,83,-3.472188961127856e-06,-3.4301454615419038e-06
0205-L8NWB,congruent,84,2.7717649699088465e-07,4.860269416916684e-06
0205-L8NWB,congruent,85,-5.655117493560334e-07,-9.456711002891315e-06
0205-L8NWB,congruent,86,8.522759421770043e-06,2.73239130768501e-06
0205-L8NWB,congruent,87,3.902274540874131e-06,5.747913704646657e-06
0205-L8NWB,congruent,88,8.241217112406232e-07,2.357109939498071e-06
0205-L8NWB,congruent,89,-7.945242857695125e-07,-7.238036138792135e-06
0205-L8NWB,congruent,90,9.535658082593997e-06,1.1620936714769101e-06
0205-L8NWB,congruent,91,6.0370194260551435e-06,5.505405102984924e-06
0205-L8NWB,congruent,92,5.838580163246471e-07,-3.5437758958077117e-06
0205-L8NWB,congruent,93,5.062171245611402e-06,1.4230832477198748e-06
0205-L8NWB,congruent,94,4.4188071773319346e-07,-1.052727169598649e-06
0205-L8NWB,congruent,95,-1.1979743932930857e-05,1.5901626243099003e-07
0205-L8NWB,congruent,96,-2.8548315527916635e-06,-6.836450760021418e-06
0205-L8NWB,congruent,97,3.514792053430644e-06,9.068885730492595e-07
0205-L8NWB,congruent,98,3.316831816809477e-06,-5.826992744894489e-06
0205-L8NWB,congruent,99,9.879333830844024e-06,1.791276962383565e-06
0205-L8NWB,congruent,100,7.058808472766063e-06,1.156231126799201e-05
0205-L8NWB,congruent,101,-1.3222182688382268e-06,2.4207099896603317e-06
0205-L8NWB,congruent,102,-2.0764255565675155e-07,1.2084987043948454e-06
0205-L8NWB,congruent,103,4.416304039587853e-06,-1.6670354243966478e-06
0205-L8NWB,congruent,104,4.264950719724302e-06,1.1357601801545236e-06
0205-L8NWB,congruent,105,6.820391148385421e-06,5.044277698695947e-06
0205-L8NWB,congruent,106,9.102179484393602e-06,4.686325718955605e-06
0205-L8NWB,congruent,107,-2.547368966689434e-06,-6.034567961041885e-06
0205-L8NWB,congruent,108,5.5718558204552465e-06,-2.4937597346673955e-06
0205-L8NWB,congruent,109,8.22768431034937e-06,4.73781177869031e-06
0205-L8NWB,congruent,110,-9.82348754849634e-06,-8.310664452439096e-06
0205-L8NWB,congruent,111,3.3147775157816944e-06,2.6939900258266403e-06
0205-L8NWB,congruent,112,-1.1313611376330941e-05,1.7993781575392126e-06
0205-L8NWB,congruent,113,-6.529888010837421e-06,-1.461388526896044e-06
0205-L8NWB,congruent,114,-1.3512016869823927e-06,-3.0292637889570683e-06
0205-L8NWB,congruent,115,4.4876244917960806e-06,1.6583043914132615e-06
0205-L8NWB,congruent,116,1.596809786721412e-05,6.67519456909872e-06
0205-L8NWB,congruent,117,8.636753013294394e-06,8.196787916293534e-06
0205-L8NWB,congruent,118,8.528595712824688e-06,3.927451537757239e-06
0205-L8NWB,congruent,119,-9.25281193813299e-06,3.953673924018379e-06
0205-L8NWB,congruent,120,-2.5922162800918397e-06,-7.465054356710893e-06
0205-L8NWB,congruent,121,-3.8101029110600998e-06,1.0379185719901281e-06
0205-L8NWB,congruent,122,2.02800042153637e-06,-2.468803946071184e-06
0205-L8NWB,congruent,123,-2.4224976824189484e-06,-4.966336521502771e-06
0205-L8NWB,congruent,124,-9.20319122181378e-06,-6.530401806754797e-06
0205-L8NWB,congruent,125,4.490505954107878e-06,1.1413332259603573e-05
0205-L8NWB,congruent,126,-3.630024096435302e-07,6.518284980970061e-07
0205-L8NWB,congruent,127,-6.3006271866687135e-06,-3.163501394023401e-06
0205-L8NWB,congruent,128,1.945584376376218e-06,-5.339638625052139e-07
0205-L8NWB,congruent,129,6.600703181654812e-06,3.307022582989706e-06
0205-L8NWB,congruent,130,1.4466266497852884e-05,2.042868211594637e-06
0205-L8NWB,congruent,131,6.287117217012016e-07,-9.508993890970824e-07
0205-L8NWB,congruent,132,1.8337824744847551e-06,8.380282531771797e-07
0205-L8NWB,congruent,133,-2.4515339451960305e-06,-7.04982124349318e-06
0205-L8NWB,congruent,134,1.5363526681397776e-06,4.9494147940442165e-06
0205-L8NWB,congruent,135,-5.550673482461525e-06,-3.3847001459644054e-06
0205-L8NWB,congruent,136,-2.1098405840999392e-06,-9.759388651738221e-06
0205-L8NWB,congruent,137,-1.2186357199188484e-05,-4.167222233242614e-06
0205-L8NWB,congruent,138,-7.122089689160856e-06,3.5495423149305746e-06
0205-L8NWB,congruent,139,9.134082023963899e-06,4.1918287319554764e-06
0205-L8NWB,congruent,140,-5.541199306452564e-07,7.5774507132033134e-06
0205-L8NWB,congruent,141,-4.353383358527486e-06,-1.253484702450788e-06
0205-L8NWB,congruent,142,-3.7913638327504143e-06,-4.887261263550793e-07
0205-L8NWB,congruent,143,-3.0902028150948218e-06,-1.909896530425038e-06
0205-L8NWB,congruent,144,4.84025295509449e-06,-3.7878314262907236e-06
0205-L8NWB,congruent,145,6.8137735253842e-07,-6.155705316505735e-06
0205-L8NWB,congruent,146,7.811625903265017e-06,7.279336783902566e-06
0205-L8NWB,congruent,147,9.96302860801914e-06,1.7201745269888456e-05
0205-L8NWB,congruent,148,6.776282377733368e-07,6.15367034584581e-07
0205-L8NWB,congruent,149,-1.9457929862336776e-06,-1.4633858347175476e-06
0205-L8NWB,congruent,150,8.884565953008406e-06,1.0514763259016304e-05
0205-L8NWB,congruent,151,2.289393985352887e-06,2.6445290652996173e-06
0205-L8NWB,congruent,152,-7.394009167336424e-06,-8.17212902006495e-06
0205-L8NWB,congruent,153,7.623399300360654e-06,2.8213665604394915e-06
0205-L8NWB,congruent,154,6.724957982931186e-06,-2.60372198416181e-06
0205-L8NWB,congruent,155,1.2676006314825145e-05,7.889501207975709e-06
0205-L8NWB,congruent,156,-4.685998386403281e-06,1.4071655084192373e-06
0205-L8NWB,congruent,157,2.793502178953344e-06,-3.281653218358398e-06
0205-L8NWB,congruent,158,1.0594462111978172e-05,5.1558608206556745e-06
0205-L8NWB,congruent,159,2.684233831067129e-06,5.829135436242278e-06
0205-L8NWB,congruent,160,8.13998778900631e-06,1.0246872589405993e-05
0205-L8NWB,congruent,161,-1.0958626349586398e-05,-9.998602319526488e-06
0205-L8NWB,congruent,162,-7.878125081036047e-06,-1.5554010357110735e-05
0205-L8NWB,congruent,163,-1.6892482750295165e-06,-4.31811598484146e-06
0205-L8NWB,congruent,164,5.622406428762233e-06,3.655287374189953e-06
0205-L8NWB,congruent,165,1.3837508503931243e-06,-2.329460503512098e-06
0205-L8NWB,congruent,166,-4.128451466664368e-06,-2.9562414798505977e-06
0205-L8NWB,congruent,167,-3.473102744205509e-06,4.046969842416307e-07
0205-L8NWB,congruent,168,1.2384879078847644e-06,1.6736751733855728e-06
0205-L8NWB,congruent,169,-1.5023960964521327e-06,2.5337225278970126e-06
0205-L8NWB,congruent,170,7.433682887770656e-06,-1.0555978154897537e-05
0205-L8NWB,congruent,171,-9.627007163942902e-06,-3.0081950712511278e-06
0205-L8NWB,congruent,172,7.675924322597868e-06,5.62948249991488e-06
0205-L8NWB,congruent,173,-3.03952817734476e-06,-5.464142578674351e-06
0205-L8NWB,congruent,174,-9.235257144414539e-06,-6.968294893176876e-06
0205-L8NWB,congruent,175,1.5738804591941555e-05,7.2430318583044974e-06
0205-L8NWB,congruent,176,-8.503447389378323e-06,2.2225746616551844e-07
0205-L8NWB,congruent,177,-3.169793651836933e-06,-5.769718385578643e-06
0205-L8NWB,congruent,178,3.6393329763343364e-06,-1.034907509827381e-06
0205-L8NWB,congruent,179,9.065799610147955e-06,4.903708699202838e-06
0205-L8NWB,congruent,180,1.2484349472087519e-05,2.297380414081705e-06
0205-L8NWB,congruent,181,-2.7859800856822623e-06,-5.657727137811184e-06
0205-L8NWB,congruent,182,4.946481518313476e-07,-6.3357337692802e-06
0205-L8NWB,congruent,183,1.3051581381850164e-05,2.629457663909474e-06
0205-L8NWB,congruent,184,-3.4827017502745906e-06,1.8243381445857107e-06
0205-L8NWB,congruent,185,7.118440284833164e-06,3.311869570741292e-06
0205-L8NWB,congruent,186,4.583025794973327e-06,2.475846370647479e-06
0205-L8NWB,congruent,187,9.676863665971764e-07,-4.910009383053088e-06
0205-L8NWB,congruent,188,3.907099055386203e-06,-4.883658260101088e-06
0205-L8NWB,congruent,189,-6.972552310132238e-07,-1.6296651048560618e-06
0205-L8NWB,congruent,190,-3.6767192749379756e-06,-6.363538124864144e-06
0205-L8NWB,congruent,191,2.0112021106753103e-06,1.153435467550265e-07
0205-L8NWB,congruent,192,5.107231027822383e-06,-1.9262517599733735e-06
0205-L8NWB,congruent,193,6.528005432367478e-06,4.019244121281964e-06
0205-L8NWB,congruent,194,4.382064325281807e-06,-6.132422969345246e-06
0205-L8NWB,congruent,195,3.867402879749977e-06,6.254110201316185e-06
0205-L8NWB,congruent,196,-5.7314146426660655e-06,-5.315278962202097e-07
0205-L8NWB,congruent,197,-3.774339049792893e-06,-5.009774309587851e-06
0205-L8NWB,congruent,198,-8.52611859213018e-07,-1.5593501267356623e-06
0205-L8NWB,congruent,199,2.9545965043385774e-06,-5.687931643786487e-06
0205-L8NWB,congruent,200,3.555482722804282e-06,-1.3432195399392799e-06
0205-L8NWB,incongruent,0,1.0003594462392966e-05,4.057042444279181e-06
0205-L8NWB,incongruent,1,-5.239968466386871e-07,7.797654195298806e-07
0205-L8NWB,incongruent,2,1.4626681166404521e-05,3.6254243274177595e-06
0205-L8NWB,incongruent,3,3.593369497381098e-06,-2.939286086987628e-06
0205-L8NWB,incongruent,4,-1.2052503867115705e-06,3.2114258607602566e-06
0205-L8NWB,incongruent,5,1.1653882540926185e-05,-1.8558356402355264e-06
0205-L8NWB,incongruent,6,1.0041306653445068e-05,1.0253254924043693e-05
0205-L8NWB,incongruent,7,4.318339718016922e-06,-3.7401239671234815e-06
0205-L8NWB,incongruent,8,-7.63107113202864e-07,4.8720077377049556e-06
0205-L8NWB,incongruent,9,-3.3262464136394948e-06,2.8917702595218225e-07
0205-L8NWB,incongruent,10,1.9499614321507107e-06,7.086568326817884e-07
0205-L8NWB,incongruent,11,2.9247691027437727e-06,6.744000352325964e-06
0205-L8NWB,incongruent,12,8.54100296617186e-06,5.840653181802295e-06
0205-L8NWB,incongruent,13,4.8456206534594375e-06,1.8714627924385925e-06
0205-L8NWB,incongruent,14,-1.5807961380735199e-06,1.6904529339887858e-06
0205-L8NWB,incongruent,15,-4.808487149679009e-06,5.336380728588712e-07
0205-L8NWB,incongruent,16,-4.367764120800923e-06,6.871655787371558e-06
0205-L8NWB,incongruent,17,6.195434076038375e-06,6.044451823398772e-07
0205-L8NWB,incongruent,18,-2.6746403752670115e-07,3.212044828728458e-06
0205-L8NWB,incongruent,19,9.388779426803238e-07,-2.0541985741970197e-06
0205-L8NWB,incongruent,20,-7.65821404419389e-06,-5.932886279854371e-06
0205-L8NWB,incongruent,21,2.4457306034868643e-06,-3.6631006286539025e-06
0205-L8NWB,incongruent,22,-6.039667513218833e-06,-1.1150934497326943e-05
0205-L8NWB,incongruent,23,7.117645420951173e-06,-3.968207685974004e-07
0205-L8NWB,incongruent,24,-5.525290184787083e-06,-6.0065096822063145e-06
0205-L8NWB,incongruent,25,3.529838501209151e-06,5.961978119012613e-07
0205-L8NWB,incongruent,26,3.1113821917010695e-06,2.8144191682022343e-07
0205-L8NWB,incongruent,27,7.833409038469936e-06,6.401497699308105e-06
0205-L8NWB,incongruent,28,1.2435678358714164e-05,2.698167672039939e-06
0205-L8NWB,incongruent,29,-6.156893826433603e-08,-5.35308597442511e-06
0205-L8NWB,incongruent,30,5.277407848741469e-06,5.645079485493851e-06
0205-L8NWB,incongruent,31,-1.1497282745231655e-07,-2.749521417602657e-06
0205-L8NWB,incongruent,32,5.173538370718073e-06,2.3098427932672187e-07
0205-L8NWB,incongruent,33,7.438116168807922e-06,1.0869511843458704e-05
0205-L8NWB,incongruent,34,2.4860562107698644e-06,7.47134214635256e-07
0205-L8NWB,incongruent,35,-7.543704386030931e-06,8.441667463203686e-07
0205-L8NWB,incongruent,36,-5.87881776762045e-06,-5.74613488429693e-06
0205-L8NWB,incongruent,37,5.370389928968938e-06,-6.543187088051051e-06
0205-L8NWB,incongruent,38,3.89302193491999e-06,-2.01867884877326e-06
0205-L8NWB,incongruent,39,7.20191619273925e-06,4.6823247613380324e-07
0205-L8NWB,incongruent,40,3.982067448894525e-06,2.1775341095055732e-07
0205-L8NWB,incongruent,41,5.237595950020861e-06,9.481232503685764e-06
0205-L8NWB,incongruent,42,3.691419601072922e-06,2.2006816967020006e-06
0205-L8NWB,incongruent,43,5.497949917785174e-06,2.727946177671193e-06
0205-L8NWB,incongruent,44,9.693832144701489e-06,5.484343459921443e-06
0205-L8NWB,incongruent,45,1.092555782545632e-05,9.851659116271263e-06
0205-L8NWB,incongruent,46,1.1639035335501894e-05,7.794028116592903e-06
0205-L8NWB,incongruent,47,1.1937771120087286e-05,1.3786512738201069e-05
0205-L8NWB,incongruent,48,-2.491755571937579e-06,4.443471714025732e-06
0205-L8NWB,incongruent,49,1.0608387756286031e-05,1.0378767733823456e-05
0205-L8NWB,incongruent,50,1.3778547989993163e-05,9.796223728279842e-06
0205-L8NWB,incongruent,51,2.113211699889674e-06,5.810717515211059e-06
0205-L8NWB,incongruent,52,1.023123326821602e-05,5.940498351088278e-06
0205-L8NWB,incongruent,53,6.842348094591801e-06,-4.849765999286499e-06
0205-L8NWB,incongruent,54,3.923550016026114e-06,-3.338757982161183e-06
0205-L8NWB,incongruent,55,9.344263568180762e-06,1.2515414181420553e-05
0205-L8NWB,incongruent,56,-2.096156338042057e-06,-7.125564705436414e-06
0205-L8NWB,incongruent,57,4.334334077516098e-07,-2.3498632877757586e-06
0205-L8NWB,incongruent,58,5.70706724765794e-06,-5.6858646486326e-06
0205-L8NWB,incongruent,59,4.958141508498972e-06,-1.520298942766192e-06
0205-L8NWB,incongruent,60,9.963874412623808e-06,1.0570057296134438e-05
0205-L8NWB,incongruent,61,1.404774908462202e-05,1.993074762542343e-06
0205-L8NWB,incongruent,62,5.786452642927672e-06,-2.335194639389517e-06
0205-L8NWB,incongruent,63,-7.40222565803101e-06,-1.0779937343213592e-05
0205-L8NWB,incongruent,64,1.7253692950555527e-05,5.099000799741389e-06
0205-L8NWB,incongruent,65,-1.2529570006050133e-05,-8.35609291655965e-06
0205-L8NWB,incongruent,66,1.098704096324241e-05,2.8106398101413427e-06
0205-L8NWB,incongruent,67,1.7813898435485151e-06,-4.472585007580262e-06
0228-XZBNN,congruent,0,-1.0968347494341368e-06,-4.859358490702818e-06
0228-XZBNN,congruent,1,4.97226336824297e-06,-7.61526246500426e-07
0228-XZBNN,congruent,2,-6.692459799516602e-07,-6.3805308047507165e-06
0228-XZBNN,congruent,3,7.37555881360675e-06,1.591766802965819e-06
0228-XZBNN,congruent,4,4.312633364871401e-06,8.013761608426062e-07
0228-XZBNN,congruent,5,8.077406207614097e-06,7.437254632779669e-06
0228-XZBNN,congruent,6,-2.856182681951156e-06,-4.896870106412974e-06
0228-XZBNN,congruent,7,1.8924769396121481e-06,2.306653487999595e-06
0228-XZBNN,congruent,8,4.901796344429538e-06,2.5021427511042586e-06
0228-XZBNN,congruent,9,-9.525125900143973e-07,2.378111253216446e-06
0228-XZBNN,congruent,10,-1.598252629915617e-06,7.249567644954787e-07
0228-XZBNN,congruent,11,3.807966023989592e-06,5.549279907411074e-07
0228-XZBNN,congruent,12,1.0202014025700074e-05,7.923527435721641e-06
0228-XZBNN,congruent,13,3.064470478643525e-06,4.380353402834593e-06
0228-XZBNN,congruent,14,2.9057613125052717e-06,3.4371183319087653e-06
0228-XZBNN,congruent,15,1.2479039668406054e-06,3.818642841184531e-06
0228-XZBNN,congruent,16,2.321768657768476e-08,-7.660519655862492e-07
0228-XZBNN,congruent,17,5.305510407372908e-07,7.634163329959044e-07
0228-XZBNN,congruent,18,1.8540956412961193e-06,5.808964424134507e-06
0228-XZBNN,congruent,19,-3.884186673696465e-06,-5.066343883773832e-06
0228-XZBNN,congruent,20,2.712814157199248e-06,-1.2628560451689072e-06
0228-XZBNN,congruent,21,4.552177618797395e-06,1.8105243488568995e-06
0228-XZBNN,congruent,22,1.952982472387123e-06,7.168997559171308e-07
0228-XZBNN,congruent,23,-2.034377567491769e-06,-5.515041833258512e-06
0228-XZBNN,congruent,24,4.059988240367791e-06,1.4401444735566455e-06
0228-XZBNN,congruent,25,-2.3961847231904183e-06,-1.0170561158941234e-06
0228-XZBNN,congruent,26,4.712495661463013e-06,3.449920320042128e-06
0228-XZBNN,congruent,27,-7.403173898674302e-07,-3.111035610478886e-06
0228-XZBNN,congruent,28,-2.407876942319815e-08,7.601582759287269e-07
0228-XZBNN,congruent,29,9.70647230168814e-07,2.037397699399677e-06
0228-XZBNN,congruent,30,-1.752987089130892e-06,-7.776394062662783e-07
0228-XZBNN,congruent,31,-1.538949382481165e-06,3.3546573588434476e-07
0228-XZBNN,congruent,32,4.2737855106351085e-06,3.046345896865833e-06
0228-XZBNN,congruent,33,-2.87447191194887e-07,2.3996657882362016e-06
0228-XZBNN,congruent,34,1.4570085830607804e-06,2.37513329284526e-06
0228-XZBNN,congruent,35,-2.4877846287937006e-06,2.1830430533208183e-06
0228-XZBNN,congruent,36,-4.835541455609562e-06,-4.0449369480571694e-06
0228-XZBNN,congruent,37,2.1724421673533774e-06,4.093624421856757e-06
0228-XZBNN,congruent,38,-4.931504748748281e-06,-3.6239590594992164e-06
0228-XZBNN,congruent,39,1.2962092547014264e-06,-7.412065485708057e-07
0228-XZBNN,congruent,40,1.8259069556346211e-06,5.893402522068101e-06
0228-XZBNN,congruent,41,-3.978494700002544e-06,-3.6076334089205398e-06
0228-XZBNN,congruent,42,1.396103157690217e-07,1.4469636171708848e-06
0228-XZBNN,congruent,43,7.5207581892235116e-06,4.083196934184909e-06
0228-XZBNN,congruent,44,-1.995688068030863e-07,5.670855950200104e-07
0228-XZBNN,congruent,45,-2.2635294516062204e-06,-2.3316203891653387e-06
0228-XZBNN,congruent,46,1.6587913233546384e-06,-3.1218791617215436e-06
0228-XZBNN,congruent,47,8.33968135148138e-06,4.9314764489911855e-06
0228-XZBNN,congruent,48,-3.702434385654931e-06,-7.676469300666725e-07
0228-XZBNN,congruent,49,3.3652888399670643e-06,-3.63084055280926e-06
0228-XZBNN,congruent,50,5.727268638364286e-06,1.6674797613110551e-06
0228-XZBNN,congruent,51,2.7512475350169857e-06,6.576734765861579e-07
0228-XZBNN,congruent,52,6.635167471362629e-06,1.8984776229019298e-06
0228-XZBNN,congruent,53,3.5775140263785847e-06,3.16995956095331e-06
0228-XZBNN,congruent,54,-3.86570860284068e-06,-4.539798730830355e-07
0228-XZBNN,congruent,55,2.894712732184586e-06,-1.0984044138927422e-07
0228-XZBNN,congruent,56,-1.921116677143691e-06,-2.6799530984000063e-06
0228-XZBNN,congruent,57,1.459227932374362e-06,-2.7571756100933658e-06
0228-XZBNN,congruent,58,-6.564258913237868e-07,4.1846386580932685e-06
0228-XZBNN,congruent,59,-1.5457487616517667e-06,-3.525394769988186e-06
0228-XZBNN,congruent,60,-4.3440572597185835e-06,-3.4419951411715156e-06
0228-XZBNN,congruent,61,5.825351746996624e-06,7.253295796644439e-07
0228-XZBNN,congruent,62,4.515306635126926e-06,-2.864905198903537e-07
0228-XZBNN,congruent,63,6.3387710070661505e-06,5.866569618846536e-06
0228-XZBNN,congruent,64,-1.762508604157325e-06,-4.418182324922994e-06
0228-XZBNN,congruent,65,3.0411213080382992e-06,-1.187354074224382e-06
0228-XZBNN,congruent,66,1.4195857927508651e-06,4.04269123837052e-06
0228-XZBNN,congruent,67,-2.4023448983614564e-06,-1.992049357561051e-06
0228-XZBNN,congruent,68,1.921437483829072e-06,6.021670173787258e-07
0228-XZBNN,congruent,69,-4.018532139178923e-07,-1.8099934304843482e-07
0228-XZBNN,congruent,70,1.536872954820554e-06,-3.6084754327103384e-06
0228-XZBNN,congruent,71,3.538297010075885e-06,2.779798039689435e-06
0228-XZBNN,congruent,72,-2.2444854267074255e-06,1.4625994728274931e-06
0228-XZBNN,congruent,73,3.7663479475478887e-06,9.110701550118319e-07
0228-XZBNN,congruent,74,2.0271449097387057e-06,5.271429121888356e-06
0228-XZBNN,congruent,75,-4.9331248578662615e-06,-5.186875695643029e-06
0228-XZBNN,congruent,76,8.48724589272962e-06,4.788971431931756e-06
0228-XZBNN,congruent,77,6.1443561655336055e-06,-4.1752044515093146e-06
0228-XZBNN,congruent,78,-2.2449455431219884e-06,-7.942406968810034e-07
0228-XZBNN,congruent,79,-1.910420716615266e-06,-1.6383059000514785e-06
0228-XZBNN,congruent,80,-1.135958101990937e-06,-2.7098116794012187e-06
0228-XZBNN,congruent,81,3.022905305505493e-06,-8.880708613660039e-07
0228-XZBNN,congruent,82,5.306259056787478e-06,2.4332089617291765e-07
0228-XZBNN,congruent,83,-2.3071649297242698e-06,2.350131354506394e-06
0228-XZBNN,congruent,84,6.211482720198424e-06,1.5407927089425386e-06
0228-XZBNN,congruent,85,-8.480525678542183e-07,4.885270292463431e-07
0228-XZBNN,congruent,86,3.44661723446795e-07,-2.999112072609309e-06
0228-XZBNN,congruent,87,-1.4430379242679963e-06,-1.2094794142606664e-06
0228-XZBNN,congruent,88,6.4881674978457515e-06,1.8763666507417363e-06
0228-XZBNN,congruent,89,-7.5374205659667644e-06,-5.027191322415915e-06
0228-XZBNN,congruent,90,3.6632495393088906e-06,2.5571618815065206e-06
0228-XZBNN,congruent,91,4.430980487930612e-06,3.531272118565086e-06
0228-XZBNN,congruent,92,-7.727233917707759e-07,-1.4483429529399672e-06
0228-XZBNN,congruent,93,4.044055809703794e-06,8.466749989216583e-10
0228-XZBNN,congruent,94,6.32744994364074e-07,-1.0453770911254583e-06
0228-XZBNN,congruent,95,4.3171539351428456e-06,1.8433774285808972e-06
0228-XZBNN,congruent,96,-1.8519172371163395e-07,6.532107841121966e-07
0228-XZBNN,congruent,97,-1.3881991809529333e-06,2.5870026401910845e-06
0228-XZBNN,congruent,98,5.652037604052609e-08,-1.0774407127676794e-06
0228-XZBNN,congruent,99,-3.2646753754272375e-06,-1.0040940542859806e-06
0228-XZBNN,congruent,100,3.1258010705674643e-06,-3.4508380221518554e-06
0228-XZBNN,congruent,101,6.960719948202982e-06,5.087330369401688e-06
0228-XZBNN,congruent,102,-3.9761145163901346e-06,-3.906321751348535e-06
0228-XZBNN,congruent,103,1.5674650157446174e-06,1.8504888756612518e-06
0228-XZBNN,congruent,104,3.975045803702216e-07,-3.459800825374606e-06
0228-XZBNN,congruent,105,4.516395117794767e-06,4.748373367374945e-06
0228-XZBNN,congruent,106,3.4063583538462517e-06,-5.032088804614714e-06
0228-XZBNN,congruent,107,1.073546615871163e-06,3.6003277215820054e-06
0228-XZBNN,congruent,108,-9.909440768920402e-06,-7.863988343872354e-06
0228-XZBNN,congruent,109,9.169163169409922e-06,3.2037390378500513e-06
0228-XZBNN,congruent,110,-1.4325711669164173e-07,1.2090815784803326e-06
0228-XZBNN,congruent,111,-2.0816181593308706e-06,-1.8795569970673443e-06
0228-XZBNN,congruent,112,2.9669001315813514e-06,-1.5428119510038718e-08
0228-XZBNN,congruent,113,5.625882600714458e-06,-5.036144850228294e-06
0228-XZBNN,congruent,114,4.520361185195052e-06,2.7803976469780133e-06
0228-XZBNN,congruent,115,4.238046940399565e-06,3.886118203998071e-06
0228-XZBNN,congruent,116,-1.7975734541526867e-07,-2.1333508993588955e-06
0228-XZBNN,congruent,117,-3.4505240582462702e-06,-7.181988512312402e-06
0228-XZBNN,congruent,118,2.250967658249123e-06,1.1005802907188093e-06
0228-XZBNN,congruent,119,3.6573136191387335e-06,-1.1150202455588852e-06
0228-XZBNN,congruent,120,1.9070381480678035e-06,5.340929382600396e-07
0228-XZBNN,congruent,121,-9.274394189508033e-08,2.093678819706034e-06
0228-XZBNN,congruent,122,1.034779452601045e-06,-1.8086707504689472e-06
0228-XZBNN,congruent,123,1.152224641717758e-06,-1.991327225757923e-06
0228-XZBNN,congruent,124,6.199122824890406e-06,1.102511289722466e-06
0228-XZBNN,congruent,125,6.473376006707357e-06,1.7274888801164724e-06
0228-XZBNN,congruent,126,-1.0098777146755961e-06,8.529518827263832e-07
0228-XZBNN,congruent,127,2.3039052381056e-06,2.470737716782256e-06
0228-XZBNN,congruent,128,2.5961512827198487e-06,7.052246954767573e-07
0228-XZBNN,congruent,129,9.844159844685765e-07,-4.175709567719975e-07
0228-XZBNN,congruent,130,3.9876238046748685e-06,-2.957839814445763e-07
0228-XZBNN,congruent,131,-6.095776432031144e-07,-9.649877936732023e-07
0228-XZBNN,congruent,132,-1.1205914145203166e-06,-3.642455445369267e-06
0228-XZBNN,congruent,133,3.032216070972296e-06,9.055172310680392e-07
0228-XZBNN,congruent,134,2.490646991357535e-07,-1.909146846385289e-07
0228-XZBNN,congruent,135,6.9194816551290925e-06,6.69822371248339e-06
0228-XZBNN,congruent,136,-4.395019496054696e-06,-2.5482036448418378e-06
0228-XZBNN,congruent,137,-5.349925117838127e-06,-5.259666966327957e-06
0228-XZBNN,congruent,138,6.527561363378929e-06,5.055229902310388e-06
0228-XZBNN,congruent,139,1.917297348655811e-06,-1.55558702339446e-06
0228-XZBNN,congruent,140,9.266682597655416e-08,-4.157807902340466e-06
0228-XZBNN,congruent,141,2.860169575215253e-06,3.399723052918294e-07
0228-XZBNN,congruent,142,8.566011863813578e-07,-5.047648085658664e-06
0228-XZBNN,congruent,143,2.21015816165221e-06,-1.697203968434751e-06
0228-XZBNN,congruent,144,4.4544647298196184e-06,3.0817600676841324e-06
0228-XZBNN,congruent,145,-2.6631819536681157e-06,-3.7906972847717807e-06
0228-XZBNN,congruent,146,-2.53442689631136e-07,3.0869594346174166e-06
0228-XZBNN,congruent,147,-1.3485287664127058e-06,-1.4184415182243622e-06
0228-XZBNN,congruent,148,4.39207221553858e-07,1.1849360167929675e-06
0228-XZBNN,congruent,149,1.5652990288940102e-06,1.2148488550685388e-06
0228-XZBNN,congruent,150,-4.989929457061797e-06,-2.9472464879786573e-06
0228-XZBNN,congruent,151,1.8150238433827843e-06,-2.1743220481585125e-06
0228-XZBNN,congruent,152,3.6009667097212563e-06,3.133517111867488e-06
0228-XZBNN,congruent,153,1.0965865395465317e-07,-2.2027024052247943e-06
0228-XZBNN,congruent,154,-3.5637803987573414e-06,-5.032883483343637e-07
0228-XZBNN,congruent,155,4.222371387089835e-06,-1.5992848415458713e-06
0228-XZBNN,congruent,156,6.649428170364023e-07,8.27375181159576e-06
0228-XZBNN,congruent,157,-6.136031375971723e-06,-1.9545365883678963e-06
0228-XZBNN,congruent,158,7.598240976108911e-06,2.451910276172204e-06
0228-XZBNN,congruent,159,4.1617360756991046e-06,4.873777749210697e-06
0228-XZBNN,congruent,160,-1.2821531279948202e-06,-9.245765220704082e-07
0228-XZBNN,congruent,161,7.233860858203332e-06,1.3691506445448523e-06
0228-XZBNN,congruent,162,-1.8653420107702383e-06,-3.3165968933472227e-06
0228-XZBNN,congruent,163,8.509171657241997e-07,5.751492094967264e-07
0228-XZBNN,congruent,164,3.704074925664687e-06,5.305384668883405e-06
0228-XZBNN,congruent,165,-4.19004791179706e-06,-8.753279748815512e-06
0228-XZBNN,congruent,166,7.4040003449631545e-06,4.237598884134212e-06
0228-XZBNN,congruent,167,3.056072570444132e-06,1.3922037344325179e-06
0228-XZBNN,congruent,168,6.219037340021561e-07,-2.1908302455501464e-06
0228-XZBNN,congruent,169,-3.757192541526864e-06,-8.66536929841987e-06
0228-XZBNN,congruent,170,-1.792058859626456e-06,-2.427015256359937e-07
0228-XZBNN,congruent,171,4.7666301534887565e-06,3.6439720231408984e-06
0228-XZBNN,congruent,172,-5.491898115365025e-06,2.6824021925289063e-06
0228-XZBNN,congruent,173,8.926645230548448e-06,-4.345922005132119e-07
0228-XZBNN,congruent,174,-2.1252213389547994e-06,-1.382609168179092e-06
0228-XZBNN,congruent,175,6.694331816441091e-06,2.517526684357088e-06
0228-XZBNN,congruent,176,3.9693758789523475e-06,1.5078709435369913e-06
0228-XZBNN,congruent,177,3.10865211797966e-06,1.2204352016919214e-06
0228-XZBNN,congruent,178,-2.950293551122615e-06,-7.045702249664417e-06
0228-XZBNN,congruent,179,3.349724467779775e-06,5.4369622752725805e-06
0228-XZBNN,congruent,180,5.71855058775015e-06,2.4883157952217966e-06
0228-XZBNN,congruent,181,1.0137437740031445e-06,-1.3859388107020348e-06
0228-XZBNN,congruent,182,-2.8756424790923953e-06,-4.064494959704407e-06
0228-XZBNN,congruent,183,1.4565252206773694e-06,3.5853782258882836e-06
0228-XZBNN,congruent,184,-5.361759231713734e-06,-1.2868858324964636e-06
0228-XZBNN,congruent,185,-1.6475319196987668e-06,-3.413728961764933e-07
0228-XZBNN,congruent,186,9.863525956986866e-06,4.788160044646629e-06
0228-XZBNN,congruent,187,8.314011076245867e-07,2.508464178385601e-06
0228-XZBNN,congruent,188,1.072973627384573e-06,5.188590448679357e-06
0228-XZBNN,congruent,189,4.8120236206211136e-06,2.6872531864683697e-06
0228-XZBNN,congruent,190,-9.619460958869592e-07,9.462075625557529e-07
0228-XZBNN,congruent,191,2.5479938903273177e-06,-1.273268585137069e-06
0228-XZBNN,congruent,192,-3.6142613745221706e-07,-1.7475149057474923e-06
0228-XZBNN,congruent,193,3.967523110516458e-06,1.961684685646279e-07
0228-XZBNN,congruent,194,3.0078015056191778e-06,-2.0715216241204236e-06
0228-XZBNN,congruent,195,5.932462164918662e-06,2.9360285653981115e-06
0228-XZBNN,congruent,196,-2.2053726459439118e-06,7.21991576065909e-07
0228-XZBNN,congruent,197,2.1858255443920126e-06,2.081047209773191e-06
0228-XZBNN,congruent,198,-6.930749416233793e-07,-3.7557602921918594e-06
0228-XZBNN,congruent,199,3.3302823576909357e-06,8.538773117407763e-07
0228-XZBNN,congruent,200,2.2858297775116313e-06,4.362374757297112e-06
0228-XZBNN,congruent,201,-3.458965029257277e-06,-8.868882657364589e-07
0228-XZBNN,congruent,202,8.014466934543507e-06,2.1092134804289483e-06
0228-XZBNN,congruent,203,-2.4655623226755813e-06,-1.6236149526277489e-06
0228-XZBNN,congruent,204,-4.878830072051145e-06,4.30759751370264e-06
0228-XZBNN,congruent,205,4.353587264349007e-06,5.119013261756707e-06
0228-XZBNN,congruent,206,-8.496100748433997e-08,-1.816013283389108e-06
0228-XZBNN,congruent,207,-1.6613948730641045e-06,-2.858238419962639e-07
0228-XZBNN,congruent,208,-3.2804314069147894e-06,-3.2052229945387714e-06
0228-XZBNN,congruent,209,9.114570146412999e-07,2.550937155204654e-06
0228-XZBNN,congruent,210,1.9853698278187077e-06,-5.0596861208309415e-08
0228-XZBNN,incongruent,0,-2.4206584762463067e-06,-2.4002413669270744e-06
0228-XZBNN,incongruent,1,-1.2204399137371466e-06,-6.673483713784776e-06
0228-XZBNN,incongruent,2,6.6946943841320715e-06,4.737609713240387e-06
0228-XZBNN,incongruent,3,3.7702726376297807e-06,-4.9210867198168874e-08
0228-XZBNN,incongruent,4,1.6643478211039788e-07,-1.0549115714693318e-06
0228-XZBNN,incongruent,5,4.695308305337593e-06,8.59768641394898e-07
0228-XZBNN,incongruent,6,6.802872370616624e-06,5.637275998379632e-06
0228-XZBNN,incongruent,7,1.5823705038759542e-06,-5.8103800581835755e-06
0228-XZBNN,incongruent,8,7.97021010245986e-06,6.5696879184049575e-06
0228-XZBNN,incongruent,9,6.5291889825356765e-06,4.794100814149635e-06
0228-XZBNN,incongruent,10,4.782201939430721e-06,8.514181859780558e-06
0228-XZBNN,incongruent,11,7.67301341347703e-06,4.683411593672325e-06
0228-XZBNN,incongruent,12,4.1461533327399975e-06,9.685626337591306e-07
0228-XZBNN,incongruent,13,-2.2566511361721977e-06,-3.848716099415766e-06
0228-XZBNN,incongruent,14,7.929493497763892e-06,4.332151052911887e-06
0228-XZBNN,incongruent,15,-2.6920721389556784e-07,-3.878665598599876e-06
0228-XZBNN,incongruent,16,1.7883488284552892e-08,6.3362028515407635e-06
0228-XZBNN,incongruent,17,6.114576477708862e-06,2.1112382340256446e-06
0228-XZBNN,incongruent,18,6.471124630993176e-08,1.2461970651288984e-07
0228-XZBNN,incongruent,19,-2.8797594679415906e-06,-4.5187479681965993e-07
0228-XZBNN,incongruent,20,7.001788546893404e-06,-1.7100471706651836e-07
0228-XZBNN,incongruent,21,5.005479799695542e-06,-9.596438169926322e-07
0228-XZBNN,incongruent,22,1.6510769506194064e-06,-7.418913261408485e-07
0228-XZBNN,incongruent,23,1.1583022172877554e-06,4.323548824289618e-07
0228-XZBNN,incongruent,24,2.0507227444377755e-06,1.0912969517620492e-06
0228-XZBNN,incongruent,25,1.8353326892003694e-06,1.9269779081246712e-06
0228-XZBNN,incongruent,26,6.057645903625004e-06,5.009331767802321e-06
0228-XZBNN,incongruent,27,-8.812711128047988e-06,-4.727991762875164e-06
0228-XZBNN,incongruent,28,-3.9787569099181975e-06,-1.9025958317947748e-06
0228-XZBNN,incongruent,29,5.560358088100916e-06,6.766854138135132e-06
0228-XZBNN,incongruent,30,-5.299198731911511e-06,-3.370411619480372e-06
0228-XZBNN,incongruent,31,5.6792181982897114e-06,1.9269920126513295e-06
0228-XZBNN,incongruent,32,5.19603412901237e-06,-1.0404158813578794e-06
0228-XZBNN,incongruent,33,7.323451648430795e-06,-1.6024148027200547e-07
0228-XZBNN,incongruent,34,5.96479495317742e-06,2.7089985919947037e-06
0228-XZBNN,incongruent,35,2.1140198231516536e-06,3.2443804559490167e-06
0228-XZBNN,incongruent,36,-8.122777789410611e-07,-2.1566790355648555e-07
0228-XZBNN,incongruent,37,3.086217362526566e-06,7.369415335378447e-07
0228-XZBNN,incongruent,38,2.039166549388031e-06,2.375320915956082e-06
0228-XZBNN,incongruent,39,8.271428488608042e-06,1.580415796720797e-06
0228-XZBNN,incongruent,40,-1.2744797986026062e-06,-2.4105204913622344e-06
0228-XZBNN,incongruent,41,2.5535009538119986e-06,2.9422775302514144e-06
0228-XZBNN,incongruent,42,3.582617668384812e-06,1.8439530053771814e-06
0228-XZBNN,incongruent,43,3.7717020574858128e-06,2.751134937542455e-06
0228-XZBNN,incongruent,44,3.7616865186912893e-06,-4.208163357006936e-07
0228-XZBNN,incongruent,45,2.0514183869057505e-06,-3.524239292328642e-06
0228-XZBNN,incongruent,46,1.0824250117737777e-06,-2.039012558153919e-06
0228-XZBNN,incongruent,47,8.036982194811537e-07,7.694261196465877e-06
0228-XZBNN,incongruent,48,-1.3080818418135867e-06,1.4576067789678337e-06
0228-XZBNN,incongruent,49,8.781763314985395e-06,5.938633002548042e-06
0228-XZBNN,incongruent,50,7.189718621810691e-06,4.924545957017842e-06
0228-XZBNN,incongruent,51,6.808620849756448e-06,6.769014281658269e-06
0228-XZBNN,incongruent,52,4.752341379329003e-06,1.7480506206802243e-06
0228-XZBNN,incongruent,53,-2.0844735660578498e-07,4.197566555813243e-07
0228-XZBNN,incongruent,54,2.7933650817807277e-06,1.7917813333725712e-07
0228-XZBNN,incongruent,55,2.7895125141223096e-07,1.6338916697558197e-06
0228-XZBNN,incongruent,56,1.5260772888695876e-06,4.2276029290204796e-07
0228-XZBNN,incongruent,57,-3.350557415098809e-07,4.414628960395616e-06
0228-XZBNN,incongruent,58,8.376669090117884e-06,6.5938418379076775e-06
0228-XZBNN,incongruent,59,7.469097403834948e-06,8.002934872793532e-06
0228-XZBNN,incongruent,60,8.64712706931307e-06,1.056679172455382e-05
0228-XZBNN,incongruent,61,2.2041250661200884e-06,5.305475976131294e-07
0228-XZBNN,incongruent,62,1.098102350296755e-05,3.978599148417776e-06
0228-XZBNN,incongruent,63,5.265003649869954e-06,7.196489442919172e-06
0228-XZBNN,incongruent,64,3.886383172093361e-06,-2.5903294546719596e-06
0228-XZBNN,incongruent,65,6.2387474250801755e-06,3.8000119483313166e-07
0228-XZBNN,incongruent,66,8.526114942178267e-07,-4.30970907671531e-06
0228-XZBNN,incongruent,67,8.653412538190666e-06,3.6346757212794243e-06
0228-XZBNN,incongruent,68,3.1943666238709383e-06,2.031479299375337e-06
0228-XZBNN,incongruent,69,4.819044104242893e-06,3.71646068197312e-06
0228-XZBNN,incongruent,70,5.940516825476243e-06,4.7641087097085407e-07
0228-XZBNN,incongruent,71,8.612953367684106e-06,3.067806702266594e-06
0130-TTVK4,congruent,0,-2.688188304765122e-06,1.514219434501827e-06
0130-TTVK4,congruent,1,-2.232442349068601e-07,4.3236352699042506e-07
0130-TTVK4,congruent,2,-1.3309530659019818e-06,-5.73411435306976e-07
0130-TTVK4,congruent,3,6.41386912066237e-06,2.189822846178226e-06
0130-TTVK4,congruent,4,2.3482554538133144e-06,-1.2657210735529957e-06
0130-TTVK4,congruent,5,3.01692803323775e-06,1.5013461938360396e-06
0130-TTVK4,congruent,6,4.010377358686943e-06,3.186299370932293e-06
0130-TTVK4,congruent,7,8.290039432007088e-07,9.148787920415832e-07
0130-TTVK4,congruent,8,-3.665625043854178e-07,8.241927114770286e-07
0130-TTVK4,congruent,9,3.559041330478743e-08,2.5218564712909407e-06
0130-TTVK4,congruent,10,1.3503163409191817e-07,2.512386205617239e-06
0130-TTVK4,congruent,11,-4.352692717395077e-06,8.20521734925223e-07
0130-TTVK4,congruent,12,5.8365876462502995e-06,1.3788964471744115e-06
0130-TTVK4,congruent,13,5.953903973100865e-06,3.565842183978558e-06
0130-TTVK4,congruent,14,7.102822889805582e-06,4.595522846059317e-06
0130-TTVK4,congruent,15,4.121863952456776e-06,-1.2163144227201092e-06
0130-TTVK4,congruent,16,3.489450874759498e-06,-3.42194727784478e-07
0130-TTVK4,congruent,17,8.321207429888729e-07,-1.114458333189128e-06
0130-TTVK4,congruent,18,-8.060137038905995e-07,4.5355284654423065e-06
0130-TTVK4,congruent,19,2.5763871917582065e-06,2.6146004756448204e-06
0130-TTVK4,congruent,20,-3.888726981655379e-07,1.6691729338808407e-07
0130-TTVK4,congruent,21,4.4795514803600665e-06,-7.263235331537378e-07
0130-TTVK4,congruent,22,-7.86046746458273e-07,-1.4476771046811454e-06
0130-TTVK4,congruent,23,3.8537006438450064e-07,-4.126506997153792e-06
0130-TTVK4,congruent,24,-4.823584209321011e-06,-2.795943331742224e-06
0130-TTVK4,congruent,25,-6.4873784106141e-07,-1.3115909294695763e-06
0130-TTVK4,congruent,26,-3.516012730292234e-06,2.3097082909424595e-08
0130-TTVK4,congruent,27,1.0299645411164781e-06,-3.1747031197629233e-06
0130-TTVK4,congruent,28,4.666320024207305e-06,5.49484902099578e-07
0130-TTVK4,congruent,29,7.594449403497065e-07,-2.294548161390825e-06
0130-TTVK4,congruent,30,4.725143040776711e-06,3.681554335065964e-06
0130-TTVK4,congruent,31,-9.198991508693738e-07,1.187806972363596e-06
0130-TTVK4,congruent,32,-3.585165446144346e-06,-5.706932485216113e-06
0130-TTVK4,congruent,33,-8.360576375798646e-07,1.2252485047714693e-06
0130-TTVK4,congruent,34,3.7270236441193968e-06,5.826483115473162e-06
0130-TTVK4,congruent,35,2.643866510745004e-06,3.5002219846195378e-06
0130-TTVK4,congruent,36,1.0708991609479712e-06,-6.652914555858897e-07
0130-TTVK4,congruent,37,3.5474269042865583e-06,8.733675374726045e-07
0130-TTVK4,congruent,38,1.2083625561150174e-06,8.182234974849567e-06
0130-TTVK4,congruent,39,4.369505488505255e-06,6.2421745932002816e-06
0130-TTVK4,congruent,40,-1.4738238723675972e-06,5.48000979685647e-07
0130-TTVK4,congruent,41,-9.05104919847211e-07,1.837042609145647e-06
0130-TTVK4,congruent,42,1.8425122323199415e-06,-2.6274446171675994e-06
0130-TTVK4,congruent,43,8.916587152343876e-06,3.3093689477001483e-06
0130-TTVK4,congruent,44,7.258574591116276e-06,3.98519707308327e-06
0130-TTVK4,congruent,45,-2.3371422701413063e-07,2.42993211896997e-06
0130-TTVK4,congruent,46,-2.757643205279602e-06,1.5488753560039775e-06
0130-TTVK4,congruent,47,2.5735875586457735e-06,6.518055084942057e-07
0130-TTVK4,congruent,48,1.860975718088878e-06,-1.5235023233259742e-06
0130-TTVK4,congruent,49,8.118628088211992e-06,7.3559096420619064e-06
0130-TTVK4,congruent,50,7.828226042475887e-06,2.719930793327413e-06
0130-TTVK4,congruent,51,-1.0935244199904682e-07,2.000549557738671e-06
0130-TTVK4,congruent,52,-3.7261295673447115e-06,-5.578095545775478e-07
0130-TTVK4,congruent,53,7.128728820040218e-06,4.905588145565241e-06
0130-TTVK4,congruent,54,5.231542861475517e-06,3.755492746104328e-07
0130-TTVK4,congruent,55,-2.474408367655596e-06,-3.4703128547811e-06
0130-TTVK4,congruent,56,3.2957780448393832e-06,7.686355916579395e-07
0130-TTVK4,congruent,57,7.745087963593267e-06,5.454912511995954e-06
0130-TTVK4,congruent,58,1.387698733929388e-06,-6.896628520250893e-07
0130-TTVK4,congruent,59,1.7111120536711182e-06,6.44638762320161e-07
0130-TTVK4,congruent,60,-4.6143324041637506e-07,-4.426065291602793e-06
0130-TTVK4,congruent,61,2.7133864048939534e-06,1.8058450719099474e-06
0130-TTVK4,congruent,62,-1.6442461558448172e-07,-4.879871364743291e-06
0130-TTVK4,congruent,63,9.734331413639737e-06,4.723894210476768e-06
0130-TTVK4,congruent,64,3.428457956420488e-06,8.911784987358692e-07
0130-TTVK4,congruent,65,6.842147753806405e-06,2.5056908774935337e-06
0130-TTVK4,congruent,66,2.6592015351361276e-06,-5.124324446156018e-06
0130-TTVK4,congruent,67,1.0323401506773698e-05,3.394086349669837e-06
0130-TTVK4,congruent,68,7.103161220490016e-06,4.7919277417603175e-06
0130-TTVK4,congruent,69,1.3505047861167851e-06,-1.0631613258904665e-06
0130-TTVK4,congruent,70,-1.1635649874060302e-06,-1.5381363616105835e-06
0130-TTVK4,congruent,71,-2.587935503337534e-06,-1.8017358175711664e-06
0130-TTVK4,congruent,72,-6.781541135209435e-07,-1.4432101732198535e-06
0130-TTVK4,congruent,73,4.433407367492899e-06,2.6598368610032855e-07
0130-TTVK4,congruent,74,3.1733015428585006e-06,2.195263295214462e-06
0130-TTVK4,congruent,75,1.1665385827285925e-06,9.524448605246832e-07
0130-TTVK4,congruent,76,2.509719043013085e-06,3.690995620797328e-07
0130-TTVK4,congruent,77,-4.786253424248888e-06,2.112629728177871e-06
0130-TTVK4,congruent,78,9.6206010886495e-07,-2.7105322354151676e-06
0130-TTVK4,congruent,79,3.2018516381985177e-06,6.9095468187345985e-06
0130-TTVK4,congruent,80,-1.93192552327218e-07,-2.255232267004297e-06
0130-TTVK4,congruent,81,-5.689992907983128e-06,-6.441379843568907e-06
0130-TTVK4,congruent,82,6.360987128533869e-06,2.64897989450306e-06
0130-TTVK4,congruent,83,5.635187206010146e-07,-3.4127683637197932e-06
0130-TTVK4,congruent,84,1.2247063273079588e-06,-2.3624400985044666e-06
0130-TTVK4,congruent,85,2.8939015003755853e-06,-2.4559300402592478e-06
0130-TTVK4,congruent,86,-4.387728894642898e-07,1.0942764036762608e-06
0130-TTVK4,congruent,87,-2.209552853576438e-06,-2.513953880531055e-06
0130-TTVK4,congruent,88,2.1254715356180215e-06,1.798450540931897e-06
0130-TTVK4,congruent,89,-3.673733619733563e-07,-1.8190868879724894e-06
0130-TTVK4,congruent,90,2.809735773872698e-06,1.3398247312882257e-06
0130-TTVK4,congruent,91,-3.0267734705605076e-06,-3.738908150301699e-06
0130-TTVK4,congruent,92,3.039699585381978e-06,2.21687643055362e-06
0130-TTVK4,congruent,93,-2.5032247545904483e-06,-1.0471009007065184e-06
0130-TTVK4,congruent,94,-2.908358604591067e-06,3.703706941881477e-06
0130-TTVK4,congruent,95,8.190335086596961e-07,-7.450925765138597e-06
0130-TTVK4,congruent,96,4.647619263231053e-06,9.71230064960169e-08
0130-TTVK4,congruent,97,4.074235653067009e-06,-1.935173773738969e-06
0130-TTVK4,congruent,98,4.2224623064155e-06,3.4420786484299316e-06
0130-TTVK4,congruent,99,-3.1213203175339615e-06,-2.78105115902274e-06
0130-TTVK4,congruent,100,4.538750904936688e-06,2.58014216217815e-08
0130-TTVK4,congruent,101,1.5451220503373001e-06,7.823775330638054e-07
0130-TTVK4,congruent,102,4.876343840410874e-06,2.568933414687894e-06
0130-TTVK4,congruent,103,-3.68152789720108e-06,5.420334078850908e-07
0130-TTVK4,congruent,104,-2.049990380764462e-06,-2.1077194032626945e-06
0130-TTVK4,congruent,105,1.635152853336395e-06,-1.8352012191431002e-06
0130-TTVK4,congruent,106,-1.5616902604065075e-06,9.643094019688155e-07
0130-TTVK4,congruent,107,2.8318088454164184e-07,6.440082289819828e-07
0130-TTVK4,congruent,108,2.8883936660599685e-06,5.216328679914261e-06
0130-TTVK4,congruent,109,-6.564025108448692e-06,-8.388118867776546e-06
0130-TTVK4,congruent,110,3.945393007155415e-06,1.8363677706647352e-06
0130-TTVK4,congruent,111,-3.2608479655692138e-06,-3.148190812041207e-06
0130-TTVK4,congruent,112,4.85097250605236e-06,-2.6481926673356653e-06
0130-TTVK4,congruent,113,2.9378240028360847e-06,3.393127713679211e-06
0130-TTVK4,congruent,114,-1.1133730119894874e-06,-4.609205025864444e-06
0130-TTVK4,congruent,115,8.952021272503055e-06,3.5414293884103353e-06
0130-TTVK4,congruent,116,2.2557321508794686e-06,1.1021420887440803e-06
0130-TTVK4,congruent,117,2.036159903320891e-06,4.72069585096591e-06
0130-TTVK4,congruent,118,8.579879146701844e-06,3.817189394612894e-06
0130-TTVK4,congruent,119,2.1989423304117522e-07,-1.1392660934845289e-06
0130-TTVK4,congruent,120,3.699139241612745e-06,6.984255956110383e-06
0130-TTVK4,congruent,121,1.6034404230953246e-06,5.3457130037351435e-08
0130-TTVK4,congruent,122,1.966177035869286e-06,2.476960307686564e-06
0130-TTVK4,congruent,123,-5.135761972649849e-07,-1.1018976571376056e-06
0130-TTVK4,congruent,124,8.33112509790807e-06,4.143522574438216e-06
0130-TTVK4,congruent,125,4.672481799899749e-06,3.103669917313204e-06
0130-TTVK4,congruent,126,2.729626873853708e-07,-2.6738267914552705e-06
0130-TTVK4,congruent,127,5.923641360156727e-06,3.2276921782537967e-06
0130-TTVK4,congruent,128,7.630561467974945e-06,2.9860469049635438e-06
0130-TTVK4,congruent,129,9.450223266191974e-07,1.070994991412129e-06
0130-TTVK4,congruent,130,1.6954000601293975e-06,2.1564684569841027e-06
0130-TTVK4,congruent,131,4.680161300400938e-06,-2.593852405310655e-07
0130-TTVK4,congruent,132,1.004548795572866e-05,6.977001520996328e-06
0130-TTVK4,congruent,133,2.366658135755219e-06,6.20184211069539e-08
0130-TTVK4,congruent,134,3.978463693072218e-06,-5.599872601233508e-06
0130-TTVK4,congruent,135,6.037122365845004e-06,7.0737025989145136e-06
0130-TTVK4,congruent,136,-3.345536134251497e-06,-5.107430051950009e-06
0130-TTVK4,congruent,137,-5.546927665769037e-07,-1.8845931770343182e-06
0130-TTVK4,congruent,138,-8.519548055282118e-07,-4.868912234930213e-06
0130-TTVK4,congruent,139,9.325453724125308e-06,8.620639212340757e-06
0130-TTVK4,congruent,140,6.415020232854125e-06,-2.806449191035854e-07
0130-TTVK4,congruent,141,4.772543402025223e-06,-4.953496034706482e-07
0130-TTVK4,congruent,142,7.69570507974639e-07,5.320636548474475e-06
0130-TTVK4,congruent,143,3.716009175273848e-06,-4.550629898679177e-07
0130-TTVK4,congruent,144,1.5161019548216254e-06,2.361695226039789e-06
0130-TTVK4,congruent,145,5.3225110088025143e-08,-6.237222902172756e-07
0130-TTVK4,congruent,146,3.6552617633966345e-06,2.990001329078029e-06
0130-TTVK4,congruent,147,9.446688046100663e-07,4.018453179071866e-06
0130-TTVK4,congruent,148,-1.8449004675448603e-06,1.8298673418683812e-06
0130-TTVK4,congruent,149,-2.626932668934875e-06,-7.112174967929659e-07
0130-TTVK4,congruent,150,7.176870455074849e-07,-1.4319585617463624e-06
0130-TTVK4,congruent,151,4.153299937787593e-06,1.954658075157603e-06
0130-TTVK4,congruent,152,1.2832852781754752e-06,-2.8092230544737054e-06
0130-TTVK4,congruent,153,5.2223943151888765e-06,2.4741149200035182e-06
0130-TTVK4,congruent,154,5.081224808199739e-06,2.1118583240820445e-06
0130-TTVK4,congruent,155,-1.163783860750958e-06,-1.0499238559786573e-06
0130-TTVK4,congruent,156,6.3770770248310604e-06,4.596790954225308e-06
0130-TTVK4,congruent,157,3.858138960765753e-07,1.1372754647812195e-07
0130-TTVK4,congruent,158,2.8181414530837128e-06,1.0022137195368101e-06
0130-TTVK4,congruent,159,3.530596972893291e-06,1.3448608314278985e-06
0130-TTVK4,congruent,160,3.230555074060839e-06,5.155368653263696e-06
0130-TTVK4,congruent,161,1.8402782876905774e-06,3.94321851137717e-06
0130-TTVK4,congruent,162,3.4293269289021733e-06,1.8799306258176289e-06
0130-TTVK4,congruent,163,1.3642236768263273e-06,-2.2020631492840953e-07
0130-TTVK4,congruent,164,2.0299924188402324e-06,3.3222110720729262e-06
0130-TTVK4,congruent,165,1.1339105218265585e-06,1.6983091619340332e-06
0130-TTVK4,congruent,166,6.976820841381584e-06,4.029894918798222e-06
0130-TTVK4,congruent,167,1.950877647439053e-06,6.8956834202493355e-06
0130-TTVK4,congruent,168,1.110167366383175e-06,1.5110987418171446e-06
0130-TTVK4,congruent,169,-1.345813248761519e-06,7.184070251092933e-07
0130-TTVK4,congruent,170,-3.0681519552587343e-06,-6.363608641104177e-06
0130-TTVK4,congruent,171,6.3554394340939816e-06,-7.129937943303903e-07
0130-TTVK4,congruent,172,9.809827951254945e-06,7.002656628860876e-06
0130-TTVK4,congruent,173,-1.9244864379909843e-06,-5.060789063052313e-06
0130-TTVK4,congruent,174,-3.5483984721216066e-06,-4.7947309554033865e-06
0130-TTVK4,congruent,175,-2.763093679185661e-06,-1.8260540599843491e-06
0130-TTVK4,congruent,176,2.773966854957082e-06,3.148388594848861e-06
0130-TTVK4,congruent,177,-1.531143668205438e-06,4.485019547353697e-06
0130-TTVK4,congruent,178,6.509288204960657e-06,7.061334207189568e-06
0130-TTVK4,congruent,179,-1.2840665307586642e-06,-3.450445321808369e-06
0130-TTVK4,congruent,180,-3.7680935137123937e-06,-8.789852081220236e-07
0130-TTVK4,congruent,181,-1.711098999228001e-06,-1.1222407793761007e-06
0130-TTVK4,congruent,182,1.724616424483813e-06,1.1814598578062002e-06
0130-TTVK4,congruent,183,-1.373132269756206e-07,-8.132130088057524e-07
0130-TTVK4,congruent,184,4.346982677162226e-06,1.3340324643920493e-06
0130-TTVK4,congruent,185,8.869578741190089e-07,-9.15797728692125e-08
0130-TTVK4,congruent,186,-1.5398616711450724e-06,-5.189091616472666e-06
0130-TTVK4,congruent,187,1.1935072660431601e-06,-1.5956821139404487e-06
0130-TTVK4,congruent,188,3.7249660122486947e-06,-4.215236693357711e-07
0130-TTVK4,congruent,189,2.1859328706759273e-06,1.3571250471792862e-06
0130-TTVK4,congruent,190,-3.3088837677721682e-06,-2.4506204779736355e-06
0130-TTVK4,congruent,191,-4.374195070670028e-07,1.6765771499646803e-06
0130-TTVK4,congruent,192,8.480014827794785e-07,6.170837216492941e-07
0130-TTVK4,congruent,193,2.0869931318894344e-06,1.601364363578489e-06
0130-TTVK4,congruent,194,8.190187333555557e-06,3.7173447267445418e-06
0130-TTVK4,congruent,195,-1.5933157739605781e-06,-4.953295928579802e-06
0130-TTVK4,congruent,196,4.1718423185044115e-06,1.5891795639515717e-06
0130-TTVK4,congruent,197,-2.3033677735532473e-06,-3.15066910952351e-06
0130-TTVK4,congruent,198,3.690924023578142e-06,-1.3110524373695626e-06
0130-TTVK4,congruent,199,-7.898071240837181e-07,2.142004580575425e-06
0130-TTVK4,congruent,200,6.444866050934129e-06,5.3383012724775493e-08
0130-TTVK4,congruent,201,-7.101767910267098e-07,-3.607298933055683e-06
0130-TTVK4,congruent,202,4.914394974315734e-06,8.020194611218655e-07
0130-TTVK4,congruent,203,4.004602142471361e-06,5.1391861868986295e-06
0130-TTVK4,congruent,204,-2.98444851832343e-07,2.8618129000417074e-07
0130-TTVK4,congruent,205,4.131651488158085e-06,8.054803056085524e-07
0130-TTVK4,congruent,206,-7.111468381051598e-06,-3.3877975153968734e-06
0130-TTVK4,congruent,207,1.1501841178796307e-06,2.28616564604025e-06
0130-TTVK4,incongruent,0,4.450317295011743e-06,2.389960251522991e-06
0130-TTVK4,incongruent,1,2.0393674919934018e-06,-1.4343455288972e-06
0130-TTVK4,incongruent,2,2.6543568886933005e-06,5.408248561676792e-06
0130-TTVK4,incongruent,3,4.485176810841438e-06,2.7199454934012863e-06
0130-TTVK4,incongruent,4,-1.7559364611395203e-06,5.816358836163386e-08
0130-TTVK4,incongruent,5,7.832701251544186e-06,5.2617911762169585e-06
0130-TTVK4,incongruent,6,2.826949556094227e-07,-4.795914434344291e-06
0130-TTVK4,incongruent,7,-2.6731947911190585e-06,-5.031967080034186e-06
0130-TTVK4,incongruent,8,1.9099289729420677e-06,9.72794354926746e-07
0130-TTVK4,incongruent,9,-2.954663167499448e-06,-2.4744348546442444e-06
0130-TTVK4,incongruent,10,-4.38210067916028e-06,-4.259004933674851e-06
0130-TTVK4,incongruent,11,1.5364132740579179e-06,2.8547662352050326e-06
0130-TTVK4,incongruent,12,2.4726512040754224e-06,1.8984342172981434e-06
0130-TTVK4,incongruent,13,-2.1212431066064303e-06,-1.8136080124361766e-06
0130-TTVK4,incongruent,14,1.089518982422369e-06,-1.7027385758062072e-07
0130-TTVK4,incongruent,15,5.2892765135584464e-06,3.6647729066632296e-06
0130-TTVK4,incongruent,16,1.5897471971026297e-06,3.054741034067818e-06
0130-TTVK4,incongruent,17,-9.693232942139255e-08,-1.6557363990095038e-06
0130-TTVK4,incongruent,18,2.0825298583472967e-06,1.0497078680172719e-06
0130-TTVK4,incongruent,19,5.211717702794863e-06,2.8062718771427455e-06
0130-TTVK4,incongruent,20,-1.0470678145509757e-06,-2.31848522583809e-06
0130-TTVK4,incongruent,21,6.818505501352963e-06,1.759714263828625e-06
0130-TTVK4,incongruent,22,1.297383906528069e-07,8.055788754304098e-07
0130-TTVK4,incongruent,23,-4.4279934256348935e-06,-2.206851560166908e-06
0130-TTVK4,incongruent,24,6.320429015472066e-06,3.501934125470608e-06
0130-TTVK4,incongruent,25,-6.827727508074206e-07,-3.1715948122614105e-06
0130-TTVK4,incongruent,26,3.6727153788785e-06,-1.7233401623900727e-06
0130-TTVK4,incongruent,27,2.689329739488815e-06,4.776291670222387e-06
0130-TTVK4,incongruent,28,-6.479576497606888e-06,-2.4923425575945264e-06
0130-TTVK4,incongruent,29,3.2672165941638116e-06,-3.574329264243271e-06
0130-TTVK4,incongruent,30,-3.148583572480922e-06,-1.6613738444999331e-06
0130-TTVK4,incongruent,31,1.0682765810429247e-06,3.469287901808472e-06
0130-TTVK4,incongruent,32,1.969484694346229e-06,4.747449334901237e-06
0130-TTVK4,incongruent,33,2.0944294567151913e-07,7.123682377111047e-07
0130-TTVK4,incongruent,34,7.111611847407688e-06,2.201131805948103e-06
0130-TTVK4,incongruent,35,-3.1980738366076893e-06,1.4678538913196364e-06
0130-TTVK4,incongruent,36,9.260276953004344e-07,-2.9503633796901984e-06
0130-TTVK4,incongruent,37,3.6410239625779656e-06,6.0187228999419555e-06
0130-TTVK4,incongruent,38,-6.876771750040364e-07,-2.4281234941933297e-06
0130-TTVK4,incongruent,39,6.623311013608883e-07,3.6441019437692668e-06
0130-TTVK4,incongruent,40,-2.8498241670195063e-07,1.3105444531034907e-06
0130-TTVK4,incongruent,41,3.725649673149828e-06,3.45175194512832e-06
0130-TTVK4,incongruent,42,2.5508393636429573e-06,3.2862491029358613e-06
0130-TTVK4,incongruent,43,6.86136119521694e-06,3.467152965329374e-06
0130-TTVK4,incongruent,44,-3.5844463449509944e-07,2.825324078423808e-06
0130-TTVK4,incongruent,45,4.424602867618727e-06,1.8589384280591478e-06
0130-TTVK4,incongruent,46,4.807307080197998e-06,6.0328688591544565e-06
0130-TTVK4,incongruent,47,3.328448170633494e-06,4.371967690761807e-06
0130-TTVK4,incongruent,48,3.869411751661303e-06,5.972772401192724e-07
0130-TTVK4,incongruent,49,-2.8814734470890283e-07,-3.043374572042252e-06
0130-TTVK4,incongruent,50,1.5635775706576926e-06,4.0508328387575856e-06
0130-TTVK4,incongruent,51,2.817691252743296e-06,-2.047741757777208e-06
0130-TTVK4,incongruent,52,3.271997983068902e-06,4.540550008183608e-06
0130-TTVK4,incongruent,53,4.626801810430717e-06,-2.7606915118614006e-06
0130-TTVK4,incongruent,54,4.483743261303445e-06,9.269560462570457e-07
0130-TTVK4,incongruent,55,-9.018037721300409e-07,4.257725562132934e-06
0130-TTVK4,incongruent,56,2.600559966380824e-07,-7.661803464559855e-07
0130-TTVK4,incongruent,57,-7.66334403199435e-08,-9.049113467918731e-07
0130-TTVK4,incongruent,58,2.360997720899769e-06,5.40131645927119e-07
0130-TTVK4,incongruent,59,4.511834716066286e-06,5.12300832792554e-06
0130-TTVK4,incongruent,60,6.9932090473229225e-06,5.696697490302265e-06
0130-TTVK4,incongruent,61,5.8102668544720704e-06,8.447013631200957e-06
0130-TTVK4,incongruent,62,-3.6074066467106235e-06,-5.157516152464632e-06
0130-TTVK4,incongruent,63,1.008441405990745e-06,1.8975054594909327e-06
0130-TTVK4,incongruent,64,5.549579017096764e-08,1.1961023789691959e-06
0130-TTVK4,incongruent,65,5.5930147261609065e-06,1.87711605718855e-06
0130-TTVK4,incongruent,66,-2.0567817052707278e-06,-2.3910954319443095e-06
0130-TTVK4,incongruent,67,3.981118045685002e-06,2.336361598617179e-06
0214-2YMBI,congruent,0,1.318496049707822e-05,7.806840028348692e-06
0214-2YMBI,congruent,1,3.716808338389247e-06,-8.986176722238517e-06
0214-2YMBI,congruent,2,1.1757252930579278e-05,6.552584013141095e-06
0214-2YMBI,congruent,3,1.6785568989004325e-06,-4.82193144244939e-07
0214-2YMBI,congruent,4,6.736293683139828e-06,6.376133402479911e-06
0214-2YMBI,congruent,5,-2.871709762974679e-06,8.511748003568544e-07
0214-2YMBI,congruent,6,5.491783562984663e-06,-2.292193360735645e-06
0214-2YMBI,congruent,7,7.664721439754041e-06,2.501222768573781e-06
0214-2YMBI,congruent,8,-4.161536352327889e-06,-2.5740994876977984e-06
0214-2YMBI,congruent,9,1.1759585036403339e-05,6.1194706082708216e-06
0214-2YMBI,congruent,10,1.2975134207315947e-05,4.392350049172643e-06
0214-2YMBI,congruent,11,3.570302938261106e-06,-4.465620956502134e-06
0214-2YMBI,congruent,12,2.7145551433728625e-06,3.6499222433131776e-06
0214-2YMBI,congruent,13,-8.151036964727863e-07,-3.8043236965530246e-06
0214-2YMBI,congruent,14,9.072841646068745e-06,7.21504651435917e-06
0214-2YMBI,congruent,15,-9.181773493501402e-07,-6.0865585973459434e-06
0214-2YMBI,congruent,16,7.619766914724511e-06,-4.161984332978609e-06
0214-2YMBI,congruent,17,5.755873597275833e-06,-3.1169553754209906e-06
0214-2YMBI,congruent,18,1.2675196903926913e-05,2.052452352127582e-06
0214-2YMBI,congruent,19,5.181671755601e-06,-1.9894005171396703e-06
0214-2YMBI,congruent,20,4.3183225751633043e-07,-6.440001660060104e-07
0214-2YMBI,congruent,21,3.680611857995345e-06,-1.502427632756931e-06
0214-2YMBI,congruent,22,-7.344524152472648e-07,-3.0373661697509866e-08
0214-2YMBI,congruent,23,8.00530561316028e-06,5.262092460018824e-06
0214-2YMBI,congruent,24,4.722150754554156e-06,-2.8746149579180854e-06
0214-2YMBI,congruent,25,-6.100999018621094e-06,-2.6208145537787597e-06
0214-2YMBI,congruent,26,-7.448635158306783e-06,1.2413010555253874e-06
0214-2YMBI,congruent,27,1.4882049511007357e-05,8.765357914980114e-06
0214-2YMBI,congruent,28,5.845378375933959e-06,1.222061573377361e-06
0214-2YMBI,congruent,29,-3.2369134026181757e-06,1.4937182541615778e-06
0214-2YMBI,congruent,30,4.867355936456076e-06,-1.3568613547759786e-06
0214-2YMBI,congruent,31,4.208934186451325e-07,-7.147391480059324e-07
0214-2YMBI,congruent,32,8.091921534824342e-06,-2.357384415896803e-06
0214-2YMBI,congruent,33,-1.4220146161956438e-06,-3.362315802053908e-06
0214-2YMBI,congruent,34,1.2162355597123751e-05,7.232416235559601e-06
0214-2YMBI,congruent,35,-5.482122152890477e-07,-6.8316810995716815e-06
0214-2YMBI,congruent,36,2.690698018838048e-06,3.931189593226192e-06
0214-2YMBI,congruent,37,5.765881207895234e-06,3.0832424125943203e-06
0214-2YMBI,congruent,38,3.1568829925066065e-06,3.2698627558654435e-06
0214-2YMBI,congruent,39,5.107408313623347e-06,1.2355724961285983e-06
0214-2YMBI,congruent,40,4.274949590584426e-06,2.1777385754644762e-06
0214-2YMBI,congruent,41,6.325322093826848e-06,8.316327548444837e-06
0214-2YMBI,congruent,42,-1.7536604263264163e-06,-2.9133582187682714e-06
0214-2YMBI,congruent,43,2.891564862729072e-06,-5.797399685143285e-06
0214-2YMBI,congruent,44,6.347666170815823e-07,2.7738044765602265e-06
0214-2YMBI,congruent,45,2.760042680543311e-06,1.2868876109485141e-06
0214-2YMBI,congruent,46,-4.591626271343161e-06,4.4247916143817415e-06
0214-2YMBI,congruent,47,1.2966095210825875e-06,-7.529981686266946e-06
0214-2YMBI,congruent,48,3.740465604324797e-06,-4.215287414327086e-07
0214-2YMBI,congruent,49,2.2331071667100667e-06,-1.729687241001269e-06
0214-2YMBI,congruent,50,3.265115173833959e-06,-2.6118521335541157e-06
0214-2YMBI,congruent,51,7.027606089068851e-06,3.178927598933442e-06
0214-2YMBI,congruent,52,4.760116807473264e-06,1.0860083145991311e-06
0214-2YMBI,congruent,53,7.93384521769326e-06,-4.460842970211865e-07
0214-2YMBI,congruent,54,3.4312847560233767e-06,2.3166341132188923e-06
0214-2YMBI,congruent,55,-2.8034389158156654e-07,-4.240304837135358e-06
0214-2YMBI,congruent,56,6.584158457049127e-06,5.662204426973567e-06
0214-2YMBI,congruent,57,-2.677570524945872e-07,9.147463421790028e-06
0214-2YMBI,congruent,58,1.359766076329515e-05,4.20429347054659e-06
0214-2YMBI,congruent,59,-2.517956908693146e-06,-1.3051483513026833e-07
0214-2YMBI,congruent,60,1.1900226147377429e-05,6.104810406684631e-06
0214-2YMBI,congruent,61,3.958365188017375e-06,-1.8703057456100114e-06
0214-2YMBI,congruent,62,8.19902094959499e-06,3.508086924952636e-06
0214-2YMBI,congruent,63,-1.368317935973615e-06,-9.515283775466158e-06
0214-2YMBI,congruent,64,1.010596983247901e-05,3.230910924528464e-06
0214-2YMBI,congruent,65,6.633234436765263e-06,5.527976041217357e-06
0214-2YMBI,congruent,66,1.0018003354048548e-05,1.9199803162865987e-06
0214-2YMBI,congruent,67,-2.84657946279703e-06,-9.8916448399187e-07
0214-2YMBI,congruent,68,2.0104720177673082e-08,-2.5750574811860877e-07
0214-2YMBI,congruent,69,7.783800595647726e-06,-1.848852087863807e-06
0214-2YMBI,congruent,70,3.88893721593352e-06,3.3877993501370258e-06
0214-2YMBI,congruent,71,4.083046920437247e-06,-1.7429291177911564e-06
0214-2YMBI,congruent,72,3.5718385178998142e-06,1.5330182485208824e-06
0214-2YMBI,congruent,73,4.106907235918641e-07,-7.965659409879314e-06
0214-2YMBI,congruent,74,2.402959859288e-06,-3.048087014405814e-06
0214-2YMBI,congruent,75,2.846889457253026e-06,-2.803312562054157e-07
0214-2YMBI,congruent,76,2.721132276574155e-06,4.410817435948905e-06
0214-2YMBI,congruent,77,1.7760219825173976e-05,5.41877188889075e-06
0214-2YMBI,congruent,78,3.5368334689706337e-06,6.30350640363498e-06
0214-2YMBI,congruent,79,-4.42347797948968e-06,1.3670492982584307e-06
0214-2YMBI,congruent,80,1.1842028601456704e-05,6.460161742148669e-06
0214-2YMBI,congruent,81,1.1429065194423277e-06,7.709540452305401e-06
0214-2YMBI,congruent,82,-4.028314307124518e-06,-3.134489051530028e-06
0214-2YMBI,congruent,83,1.3155377474791176e-05,8.153552952126495e-06
0214-2YMBI,congruent,84,7.0955243189414335e-06,3.419581351801548e-06
0214-2YMBI,congruent,85,5.863210595297843e-06,1.1877703424135436e-06
0214-2YMBI,congruent,86,-3.380233735247559e-06,-2.696354906058089e-06
0214-2YMBI,congruent,87,-1.3967720680309606e-06,7.398882992820624e-08
0214-2YMBI,congruent,88,1.3499465078308471e-05,2.3431607142319577e-06
0214-2YMBI,congruent,89,8.655831179903055e-06,1.1168198103794625e-05
0214-2YMBI,congruent,90,-2.3648660747019667e-06,7.570562060843582e-06
0214-2YMBI,congruent,91,6.146296136592994e-06,8.094716741750703e-07
0214-2YMBI,congruent,92,6.5425769185681865e-06,5.859478403658616e-06
0214-2YMBI,congruent,93,-1.6065898194951488e-06,-1.0160286164943976e-06
0214-2YMBI,congruent,94,8.023683427092658e-06,4.043512334860434e-06
0214-2YMBI,congruent,95,2.1966805690559353e-06,-1.094104297209891e-06
0214-2YMBI,congruent,96,6.300720034509034e-06,5.515829960775584e-07
0214-2YMBI,congruent,97,8.853375054596551e-06,-1.783956514781106e-06
0214-2YMBI,congruent,98,8.05727321239379e-06,4.367349596985167e-06
0214-2YMBI,congruent,99,1.2947329506469533e-06,1.3516919697240295e-06
0214-2YMBI,congruent,100,6.510372537136139e-06,-1.4445549393768691e-06
0214-2YMBI,congruent,101,1.3720567921876499e-05,6.719255190865358e-06
0214-2YMBI,congruent,102,4.82836271281949e-06,7.202544721086326e-07
0214-2YMBI,congruent,103,6.471656419912405e-06,1.242620321781305e-06
0214-2YMBI,congruent,104,1.5433643397586052e-05,4.007569580164168e-06
0214-2YMBI,congruent,105,9.795251874357005e-07,-5.577531410838816e-06
0214-2YMBI,congruent,106,2.5283427357634894e-06,1.9744454351468483e-06
0214-2YMBI,congruent,107,7.267800043468847e-06,-8.231324299676023e-06
0214-2YMBI,congruent,108,1.1330017083813622e-05,-1.0233659136678632e-06
0214-2YMBI,congruent,109,1.0644051820696853e-05,2.5316224824451083e-06
0214-2YMBI,congruent,110,-2.934043796340698e-06,-4.777158200595714e-06
0214-2YMBI,congruent,111,-3.958821849323547e-06,-6.113850413857479e-06
0214-2YMBI,congruent,112,1.789796384077556e-06,-7.295874335345445e-06
0214-2YMBI,congruent,113,1.2012247330046693e-05,1.0464911757082604e-05
0214-2YMBI,congruent,114,-1.8637234713337688e-06,-4.809018036915881e-07
0214-2YMBI,congruent,115,-5.583792007654468e-06,-5.784062114211032e-06
0214-2YMBI,congruent,116,3.4527212194152096e-06,-5.9294401855592695e-06
0214-2YMBI,congruent,117,8.776206725723708e-06,2.708849108617059e-06
0214-2YMBI,congruent,118,4.3317982592816684e-06,-8.504092732091007e-07
0214-2YMBI,congruent,119,8.345722742917149e-07,-3.0637827690914697e-06
0214-2YMBI,congruent,120,-8.620980980715645e-07,-4.502768169454888e-06
0214-2YMBI,congruent,121,3.893634696386377e-06,1.6239745098198498e-06
0214-2YMBI,congruent,122,3.8354790079367606e-06,-6.248630551951592e-06
0214-2YMBI,congruent,123,5.470787273254934e-06,-1.4078020692220697e-06
0214-2YMBI,congruent,124,1.169447628833236e-05,3.675157593449252e-07
0214-2YMBI,congruent,125,-8.565102798576556e-07,2.745805247713426e-06
0214-2YMBI,congruent,126,8.661456628510508e-06,-6.243989358704098e-07
0214-2YMBI,congruent,127,3.747011338072449e-06,-3.9481729679789013e-07
0214-2YMBI,congruent,128,2.0506954082681664e-06,-2.9259932480640315e-06
0214-2YMBI,congruent,129,4.708031509573388e-06,3.784244314789876e-06
0214-2YMBI,congruent,130,8.210256404111035e-06,4.655547344064195e-07
0214-2YMBI,congruent,131,6.371077196107336e-06,2.4263643620254227e-06
0214-2YMBI,congruent,132,-3.243674180246489e-06,-3.678749549259757e-06
0214-2YMBI,congruent,133,1.408729201588414e-06,-1.9874804841989506e-06
0214-2YMBI,congruent,134,-1.5174827053608847e-06,-2.605411578343134e-06
0214-2YMBI,congruent,135,8.923072811660424e-06,6.057702957278498e-06
0214-2YMBI,congruent,136,1.3108601370739e-06,5.688933819942608e-06
0214-2YMBI,congruent,137,1.3625637589335893e-06,1.4179126950379257e-06
0214-2YMBI,congruent,138,3.550483135266662e-06,-3.3810671132169545e-06
0214-2YMBI,congruent,139,1.5113267570526974e-05,3.640927943731412e-06
0214-2YMBI,congruent,140,9.029966909048929e-06,5.816928508372194e-06
0214-2YMBI,congruent,141,3.3927572228204395e-06,5.5467102858178515e-06
0214-2YMBI,congruent,142,7.670530975645564e-06,4.4873278375888e-07
0214-2YMBI,congruent,143,-8.856508291122534e-07,-1.5939672074404028e-06
0214-2YMBI,congruent,144,-3.84765385437801e-06,-6.42064485857004e-06
0214-2YMBI,congruent,145,3.0545760670438556e-06,3.3670028482171757e-06
0214-2YMBI,congruent,146,9.147289347416477e-06,8.181528027146552e-07
0214-2YMBI,congruent,147,9.799363915703064e-06,2.719287861700593e-06
0214-2YMBI,congruent,148,2.8749284755999075e-06,6.718446845270404e-06
0214-2YMBI,congruent,149,1.2326909642068474e-05,2.0381658635920025e-06
0214-2YMBI,congruent,150,1.2923075659004806e-05,3.8003845245143737e-06
0214-2YMBI,congruent,151,5.635836824279032e-06,2.3378918170329805e-06
0214-2YMBI,congruent,152,8.491794026445274e-06,1.0959597133213042e-06
0214-2YMBI,congruent,153,8.198941096288585e-06,7.804900142294387e-06
0214-2YMBI,congruent,154,4.425601479833499e-06,3.236076324377398e-07
0214-2YMBI,congruent,155,1.5854865419485461e-06,3.838785723186348e-06
0214-2YMBI,congruent,156,-2.80677724837802e-06,1.2714536767700007e-06
0214-2YMBI,congruent,157,2.4917808951257758e-06,-5.34607914434751e-06
0214-2YMBI,congruent,158,1.2741141868704161e-05,3.9854340745584045e-06
0214-2YMBI,congruent,159,4.806753470158719e-06,4.29744822297383e-06
0214-2YMBI,congruent,160,1.530392975006637e-06,-3.0636694732845964e-06
0214-2YMBI,congruent,161,1.3572452412820705e-05,5.00922896726862e-06
0214-2YMBI,congruent,162,7.7840027615442e-06,-3.573679344036153e-07
0214-2YMBI,congruent,163,5.1469224788824874e-06,-5.90493468862107e-07
0214-2YMBI,congruent,164,7.896329223465352e-06,8.320357929895805e-06
0214-2YMBI,congruent,165,1.7314292996923445e-06,4.687556955022735e-06
0214-2YMBI,congruent,166,1.445218813804162e-06,4.7261033477572135e-06
0214-2YMBI,congruent,167,-6.342808321835602e-06,-3.930762287734439e-06
0214-2YMBI,congruent,168,-2.76211256577375e-06,-7.205216852943689e-06
0214-2YMBI,congruent,169,1.0318325425036113e-05,1.0004822812414951e-05
0214-2YMBI,congruent,170,-2.456581494214963e-06,3.721352694569824e-06
0214-2YMBI,congruent,171,1.2036789685354474e-05,2.21953355052809e-07
0214-2YMBI,congruent,172,8.659167220279591e-06,5.2785006738788e-06
0214-2YMBI,congruent,173,-5.4692919142105525e-06,-1.0993036494752962e-05
0214-2YMBI,congruent,174,5.1542312338965935e-06,2.3742026226358402e-07
0214-2YMBI,congruent,175,1.6401204862081376e-06,1.086119956059174e-07
0214-2YMBI,congruent,176,7.855830841514198e-06,3.1530656114995544e-06
0214-2YMBI,congruent,177,7.5050450675172324e-06,2.1461966709155095e-06
0214-2YMBI,congruent,178,-3.6930905718712103e-06,-4.161437337421534e-06
0214-2YMBI,congruent,179,6.872973964115568e-06,4.592102472490528e-06
0214-2YMBI,congruent,180,1.1697623296201253e-05,3.735644024531365e-06
0214-2YMBI,congruent,181,7.050576481360889e-06,7.196298482256306e-06
0214-2YMBI,congruent,182,3.333053679875659e-06,-4.588713018508975e-06
0214-2YMBI,congruent,183,1.1338794292084061e-05,-2.7299314782481886e-06
0214-2YMBI,congruent,184,1.921213541180808e-05,9.203665722640784e-06
0214-2YMBI,congruent,185,4.541312843778341e-06,6.4975098442488335e-06
0214-2YMBI,congruent,186,1.1569734332702848e-06,-2.2673324759477562e-07
0214-2YMBI,congruent,187,5.0260485704680116e-06,-2.6788055924235576e-06
0214-2YMBI,congruent,188,4.939102987405793e-06,-3.843885860020335e-06
0214-2YMBI,congruent,189,3.6859056670525098e-06,4.447475878700682e-06
0214-2YMBI,congruent,190,2.8251616935781846e-06,1.3988548048142456e-06
0214-2YMBI,congruent,191,5.686372597676383e-07,-5.029251249637086e-06
0214-2YMBI,congruent,192,2.005241731084476e-06,8.80184553610088e-06
0214-2YMBI,congruent,193,1.2682229341645445e-05,-9.217639682402117e-06
0214-2YMBI,congruent,194,9.565514712186685e-06,1.5349386917875703e-07
0214-2YMBI,congruent,195,1.0100582164819652e-05,2.0907002520183427e-06
0214-2YMBI,congruent,196,9.164004110639959e-06,5.509638530905244e-06
0214-2YMBI,congruent,197,2.8628776078330268e-06,-4.134711717176947e-06
0214-2YMBI,congruent,198,8.004531090417907e-06,-7.87733955377129e-07
0214-2YMBI,congruent,199,-1.3824625818305903e-07,-5.379804085293769e-06
0214-2YMBI,congruent,200,8.229640225596081e-06,4.762261471584378e-06
0214-2YMBI,congruent,201,1.1363065286434637e-05,4.34398580676121e-06
0214-2YMBI,congruent,202,5.837365497690124e-06,-1.2413496449827265e-06
0214-2YMBI,congruent,203,8.025932683188814e-06,-5.617217021930955e-08
0214-2YMBI,congruent,204,1.0168999994483168e-05,4.4918242679634025e-06
0214-2YMBI,congruent,205,8.299156889984724e-06,-2.9584220540282224e-06
0214-2YMBI,congruent,206,2.7020687502767196e-06,1.3028080456951619e-08
0214-2YMBI,congruent,207,-2.3865690477063643e-06,-1.939516563983474e-06
0214-2YMBI,congruent,208,4.113005243873344e-06,-3.923296090822019e-07
0214-2YMBI,congruent,209,7.005777101432206e-06,3.1333319906356005e-07
0214-2YMBI,congruent,210,2.1956117128956864e-06,2.370578751654767e-06
0214-2YMBI,incongruent,0,2.606444687482908e-06,1.5991376822815052e-06
0214-2YMBI,incongruent,1,4.380841907606168e-06,-7.38144438090558e-06
0214-2YMBI,incongruent,2,1.1297087500574495e-06,-5.973029104752802e-06
0214-2YMBI,incongruent,3,7.967136294136959e-06,-5.1473998805858965e-06
0214-2YMBI,incongruent,4,1.3866623647750921e-05,8.00729710676811e-06
0214-2YMBI,incongruent,5,1.000715575079917e-05,6.505915485881992e-06
0214-2YMBI,incongruent,6,3.5468595979935008e-06,5.275032194136666e-06
0214-2YMBI,incongruent,7,2.2980786822510263e-06,-2.1297720602289447e-06
0214-2YMBI,incongruent,8,1.3804302307199337e-05,8.242344918221162e-06
0214-2YMBI,incongruent,9,1.202329099756417e-05,2.136931176932238e-06
0214-2YMBI,incongruent,10,1.0772049061649052e-05,1.0399583076781703e-05
0214-2YMBI,incongruent,11,6.999988691776262e-06,6.657882043687519e-06
0214-2YMBI,incongruent,12,4.740691609742971e-06,9.18180188874674e-07
0214-2YMBI,incongruent,13,5.63138732416621e-06,6.98137458088209e-06
0214-2YMBI,incongruent,14,9.79251970818858e-06,-2.5471692726182187e-07
0214-2YMBI,incongruent,15,-3.883077365690056e-06,-2.19120791515631e-06
0214-2YMBI,incongruent,16,6.7768046914202065e-06,-1.6716391011778103e-06
0214-2YMBI,incongruent,17,1.0016956102372941e-05,7.623966131814826e-06
0214-2YMBI,incongruent,18,7.011837693051779e-06,1.5501433175645029e-06
0214-2YMBI,incongruent,19,-1.6621016866113955e-06,5.294058219527579e-06
0214-2YMBI,incongruent,20,8.626679069961397e-06,7.135352664461025e-06
0214-2YMBI,incongruent,21,2.4271676532754734e-06,1.6239596947335656e-06
0214-2YMBI,incongruent,22,2.4814220894852593e-06,-3.996417510492813e-06
0214-2YMBI,incongruent,23,1.4189070091572363e-05,4.486670018489257e-06
0214-2YMBI,incongruent,24,9.616377937908412e-06,-1.9357884320446693e-06
0214-2YMBI,incongruent,25,1.5350423840573479e-06,-1.7748724741527533e-06
0214-2YMBI,incongruent,26,5.461039927075095e-06,-3.6661278371909306e-06
0214-2YMBI,incongruent,27,5.057558947423415e-06,3.990386146099527e-06
0214-2YMBI,incongruent,28,5.084756139128094e-06,2.2982882002874246e-06
0214-2YMBI,incongruent,29,3.578432513479844e-06,-2.4525858168823612e-06
0214-2YMBI,incongruent,30,7.276105468463884e-06,1.2596801402346927e-06
0214-2YMBI,incongruent,31,5.206288438994832e-06,5.20720497991756e-07
0214-2YMBI,incongruent,32,3.5265676569861825e-06,-9.626141076643723e-07
0214-2YMBI,incongruent,33,2.2375033066268912e-05,8.360946792208209e-06
0214-2YMBI,incongruent,34,1.3532157924149e-05,1.0568656866815854e-06
0214-2YMBI,incongruent,35,2.3078831597348828e-06,-1.6247329656811487e-06
0214-2YMBI,incongruent,36,6.660090774475562e-06,-1.447581637675169e-06
0214-2YMBI,incongruent,37,7.891344286498327e-08,3.5324564050677993e-06
0214-2YMBI,incongruent,38,1.0407667770954128e-05,6.36337606007831e-07
0214-2YMBI,incongruent,39,1.2780924980260817e-05,-1.752241967124331e-07
0214-2YMBI,incongruent,40,1.0565724221190852e-05,5.119361096398852e-06
0214-2YMBI,incongruent,41,1.752628439306314e-05,6.667367847065101e-06
0214-2YMBI,incongruent,42,1.0090744835553896e-05,1.0981325950222046e-05
0214-2YMBI,incongruent,43,1.056115167140286e-05,8.861931269707793e-06
0214-2YMBI,incongruent,44,9.211473070490018e-06,2.5543002641812824e-06
0214-2YMBI,incongruent,45,1.8534344730726714e-05,1.328592571037474e-06
0214-2YMBI,incongruent,46,-1.0324838658816091e-05,-8.768939180200586e-06
0214-2YMBI,incongruent,47,1.3650052039631595e-05,2.892702345266011e-06
0214-2YMBI,incongruent,48,1.7527593627415076e-06,1.7780683139928894e-06
0214-2YMBI,incongruent,49,1.4701828872380419e-05,3.809038245107916e-06
0214-2YMBI,incongruent,50,1.5408071227861886e-06,-3.045044501289908e-07
0214-2YMBI,incongruent,51,-3.5810758279463505e-06,-4.669232127012749e-06
0214-2YMBI,incongruent,52,8.508498565983119e-06,1.5217046909107563e-06
0214-2YMBI,incongruent,53,6.541995957311348e-06,1.8485459924138513e-06
0214-2YMBI,incongruent,54,4.313395556030897e-06,1.0687191834301535e-06
0214-2YMBI,incongruent,55,1.3889050155504646e-05,3.6290513015772356e-06
0214-2YMBI,incongruent,56,1.188568685261403e-05,8.828445684763879e-06
0214-2YMBI,incongruent,57,2.3485760141147677e-06,-8.819972643754185e-06
0214-2YMBI,incongruent,58,1.9791527073209636e-05,5.778610191643128e-06
0214-2YMBI,incongruent,59,-2.872060824383441e-07,-6.04409001489601e-06
0214-2YMBI,incongruent,60,9.418621375617274e-06,3.2508741536547326e-06
0214-2YMBI,incongruent,61,1.0433627791951555e-05,3.888164503152931e-06
0214-2YMBI,incongruent,62,4.010603896498952e-07,3.1203373080778138e-06
0214-2YMBI,incongruent,63,7.751273869736389e-06,-2.72619443116247e-06
0214-2YMBI,incongruent,64,1.3485220851093288e-05,-4.791921930545687e-06
0214-2YMBI,incongruent,65,1.1395899058008422e-05,4.2110659719123245e-06
0214-2YMBI,incongruent,66,3.607614830350812e-06,-5.941309309190846e-07
0214-2YMBI,incongruent,67,8.134395288704659e-06,1.1538412735925082e-06
0214-2YMBI,incongruent,68,3.443598717390348e-06,-8.073185649801972e-06
0214-2YMBI,incongruent,69,1.7569314769416164e-05,1.077467825720008e-05
0214-2YMBI,incongruent,70,6.925386566092091e-06,-7.067661342062494e-07
0214-2YMBI,incongruent,71,8.27873188167461e-06,4.39802221523581e-06
0214-2YMBI,incongruent,72,1.2005532397975579e-05,3.1325555366748984e-06
0214-2YMBI,incongruent,73,1.7842482803268227e-05,8.345747179394728e-06
0104-7VZA0,congruent,0,-3.4824927589774306e-08,1.4046908281465382e-06
0104-7VZA0,congruent,1,-1.3522657321320534e-06,-1.6044942959680293e-06
0104-7VZA0,congruent,2,2.442913147483463e-07,-3.039095009724661e-07
0104-7VZA0,congruent,3,-1.3191755955420616e-07,6.53420870783406e-08
0104-7VZA0,congruent,4,-1.5497514677427928e-06,-2.3491698156957514e-06
0104-7VZA0,congruent,5,2.7303285788253053e-06,2.1453425750029824e-06
0104-7VZA0,congruent,6,9.694329255173426e-07,-3.3495755028766947e-07
0104-7VZA0,congruent,7,1.0961690831019389e-06,2.206495253301634e-06
0104-7VZA0,congruent,8,-1.1577153056439599e-06,-6.571302436438138e-08
0104-7VZA0,congruent,9,-7.037768422045214e-09,-7.587722995235515e-07
0104-7VZA0,congruent,10,2.196180447889439e-07,-4.228550220902604e-07
0104-7VZA0,congruent,11,-6.511048998684635e-07,-1.3933870689266087e-06
0104-7VZA0,congruent,12,-2.596370534458444e-07,-1.3581684118895204e-07
0104-7VZA0,congruent,13,-2.2339799995785095e-07,4.757380734862569e-07
0104-7VZA0,congruent,14,1.0969716787286734e-06,-4.814662776242429e-07
0104-7VZA0,congruent,15,2.735902977003569e-07,1.0345928002119735e-06
0104-7VZA0,congruent,16,8.896841619154333e-07,1.376958461201722e-06
0104-7VZA0,congruent,17,7.716950458334089e-07,4.049781549202073e-07
0104-7VZA0,congruent,18,-3.1433644948790625e-07,7.620136740991633e-07
0104-7VZA0,congruent,19,-8.411336557756169e-07,-6.461271035848649e-07
0104-7VZA0,congruent,20,1.2222518119741393e-06,1.5554723792075108e-06
0104-7VZA0,congruent,21,1.4028443674248428e-06,2.7804952035094093e-07
0104-7VZA0,congruent,22,1.1035489069456952e-06,-5.440848538559279e-09
0104-7VZA0,congruent,23,-3.310685493611811e-07,1.6351916523033201e-07
0104-7VZA0,congruent,24,-1.7840065724311534e-06,-1.0384652450483206e-06
0104-7VZA0,congruent,25,1.2698704866587299e-06,5.548537399739566e-07
0104-7VZA0,congruent,26,8.958427778929631e-07,1.8778412574163928e-06
0104-7VZA0,congruent,27,-2.2524324406436427e-06,-2.0389836203081897e-06
0104-7VZA0,congruent,28,1.7068136031224117e-06,1.5870228632790578e-06
0104-7VZA0,congruent,29,-6.952953505763501e-07,-8.692724330410022e-07
0104-7VZA0,congruent,30,-1.1571963349805674e-06,-1.2927616670480123e-06
0104-7VZA0,congruent,31,4.500299242693235e-07,1.6449120012817363e-07
0104-7VZA0,congruent,32,5.699791963682339e-07,3.07862807571059e-07
0104-7VZA0,congruent,33,-3.110779436723414e-07,4.648265394969766e-07
0104-7VZA0,congruent,34,-4.6411863195552364e-07,-3.9589283821726734e-07
0104-7VZA0,congruent,35,4.5986656721854667e-07,4.39445966517463e-08
0104-7VZA0,congruent,36,-1.2053750725745242e-06,-1.2997955947921272e-07
0104-7VZA0,congruent,37,-6.220067505498809e-07,-2.572411499230593e-07
0104-7VZA0,congruent,38,7.419226281329744e-07,5.410734279056403e-07
0104-7VZA0,congruent,39,8.186830884005597e-07,1.8116767229967348e-06
0104-7VZA0,congruent,40,-2.3723943469061096e-07,-3.4945768006214793e-07
0104-7VZA0,congruent,41,1.1358685537824678e-06,1.4448443058659985e-06
0104-7VZA0,congruent,42,1.1781619160205305e-06,4.1471439796568464e-07
0104-7VZA0,congruent,43,2.3027872667599217e-07,-1.832395891652694e-07
0104-7VZA0,congruent,44,7.992832602068775e-07,1.2088204873966563e-06
0104-7VZA0,congruent,45,-1.4120201607489273e-06,3.2814489654576784e-07
0104-7VZA0,congruent,46,-6.246932725479543e-07,-4.132304008058082e-07
0104-7VZA0,congruent,47,8.375283946948065e-07,1.25428056229717e-06
0104-7VZA0,congruent,48,6.568592869420876e-08,1.949063722686741e-07
0104-7VZA0,congruent,49,-1.0484144286876044e-06,-1.5457213496561908e-06
0104-7VZA0,congruent,50,-5.473972529116521e-07,6.925126103731691e-07
0104-7VZA0,congruent,51,-6.036942961970852e-07,2.0394225264300055e-07
0104-7VZA0,congruent,52,5.419131828225208e-07,2.1530598183981188e-07
0104-7VZA0,congruent,53,2.000833714033125e-06,7.447270475289707e-07
0104-7VZA0,congruent,54,1.8758741765871031e-07,9.14666442922054e-07
0104-7VZA0,congruent,55,1.6118500435090943e-07,-9.184269731119166e-07
0104-7VZA0,congruent,56,5.002110982529375e-07,1.0570445208716724e-06
0104-7VZA0,congruent,57,7.633071658353323e-09,9.1945759828226e-07
0104-7VZA0,congruent,58,-3.7713040078908786e-07,-1.4704634628038118e-06
0104-7VZA0,congruent,59,1.3548081017081007e-06,1.1843837823975156e-06
0104-7VZA0,congruent,60,-7.352898841763489e-07,-2.804792013321897e-07
0104-7VZA0,congruent,61,2.1559881287978893e-07,-1.234636017656011e-07
0104-7VZA0,congruent,62,8.086885970683043e-08,9.282347113525169e-07
0104-7VZA0,congruent,63,1.1914567918734e-06,9.395805654945111e-07
0104-7VZA0,congruent,64,-3.5575890890273575e-07,-2.197471920878596e-08
0104-7VZA0,congruent,65,5.120848341657977e-07,3.317918524629888e-07
0104-7VZA0,congruent,66,8.57884072881749e-07,7.965862462586924e-07
0104-7VZA0,congruent,67,3.3863347721971693e-07,-1.1894330180359582e-06
0104-7VZA0,congruent,68,-3.886494798357149e-07,7.827548717959068e-08
0104-7VZA0,congruent,69,1.2578664136219683e-06,5.545516177613245e-07
0104-7VZA0,congruent,70,1.9652985017654412e-06,8.54916725878921e-07
0104-7VZA0,congruent,71,-1.2921256338816592e-06,-3.8187248365564747e-07
0104-7VZA0,congruent,72,7.793652545275814e-07,1.9756097727119867e-06
0104-7VZA0,congruent,73,-4.1700729422060796e-07,6.762328467341745e-07
0104-7VZA0,congruent,74,9.76928551036501e-07,-9.532041147401499e-07
0104-7VZA0,congruent,75,3.292561297909541e-07,1.7418208571011757e-09
0104-7VZA0,congruent,76,8.846033790112118e-07,5.82352785127901e-07
0104-7VZA0,congruent,77,5.200998358596772e-07,5.242081332092807e-07
0104-7VZA0,congruent,78,-5.61749839644236e-08,8.014915642569098e-07
0104-7VZA0,congruent,79,-4.796187168253959e-07,-5.02734908582699e-07
0104-7VZA0,congruent,80,8.200241261229869e-07,1.1871829715487547e-06
0104-7VZA0,congruent,81,-2.029274137089519e-06,-1.527156074121399e-06
0104-7VZA0,congruent,82,2.0960943427879403e-07,3.590365145201981e-07
0104-7VZA0,congruent,83,4.825086599442619e-07,-5.257084750303774e-07
0104-7VZA0,congruent,84,5.089023554562515e-07,7.035104991851442e-07
0104-7VZA0,congruent,85,-7.695326504603602e-07,-9.84781413303779e-07
0104-7VZA0,congruent,86,1.695781541833591e-06,2.94728689204671e-07
0104-7VZA0,congruent,87,-1.6296448919239297e-09,4.3017457182219694e-07
0104-7VZA0,congruent,88,-7.043628444189103e-07,-2.9398576567003376e-07
0104-7VZA0,congruent,89,-7.170022499600682e-07,8.232417940749003e-08
0104-7VZA0,congruent,90,5.394811602278003e-07,-5.572256710126737e-07
0104-7VZA0,congruent,91,9.69675078620519e-07,-3.676448255456536e-08
0104-7VZA0,congruent,92,-8.356870754287088e-07,-9.149120429885697e-08
0104-7VZA0,congruent,93,-6.65532473073037e-07,-3.718541306249575e-08
0104-7VZA0,congruent,94,-9.526823879472748e-07,1.310120799823439e-07
0104-7VZA0,congruent,95,-5.493589902488529e-07,-2.8830905833407762e-08
0104-7VZA0,congruent,96,-8.664366032473772e-07,3.5723051235440624e-07
0104-7VZA0,congruent,97,-6.861821947701961e-07,-7.102956746130494e-07
0104-7VZA0,congruent,98,1.2824457081835095e-06,8.147780694380705e-07
0104-7VZA0,congruent,99,1.6582034267773105e-06,9.181270019151991e-07
0104-7VZA0,congruent,100,-2.809109466907842e-07,-3.632388072151806e-07
0104-7VZA0,congruent,101,1.0866208226990294e-06,-2.0874289202834674e-07
0104-7VZA0,congruent,102,5.446266722135785e-07,9.091717492852527e-07
0104-7VZA0,congruent,103,-5.236375081180906e-07,-1.2725814712042183e-06
0104-7VZA0,congruent,104,1.5647371229959881e-06,8.815052829321611e-07
0104-7VZA0,congruent,105,1.2747610721945317e-07,1.672535729513396e-07
0104-7VZA0,congruent,106,1.7991672812225978e-07,-3.117758018715223e-07
0104-7VZA0,congruent,107,2.9973061792087094e-07,4.057395872095157e-08
0104-7VZA0,congruent,108,1.3546874064118368e-07,-1.38362051392341e-07
0104-7VZA0,congruent,109,3.719732752189627e-07,2.9819441873693157e-07
0104-7VZA0,congruent,110,2.0422367369125683e-06,1.15195753966753e-06
0104-7VZA0,congruent,111,-2.2200433689189537e-07,-1.878579820990418e-07
0104-7VZA0,congruent,112,-2.0132771212596113e-07,3.423917088956957e-07
0104-7VZA0,congruent,113,2.1853538622008715e-07,7.168790690783705e-07
0104-7VZA0,congruent,114,-1.4692843311011034e-06,-1.2772958797085943e-06
0104-7VZA0,congruent,115,3.299297614859062e-07,8.693739229150208e-07
0104-7VZA0,congruent,116,6.817676416175622e-07,5.447109749152771e-07
0104-7VZA0,congruent,117,-1.8050682154320173e-07,-3.162579196331865e-07
0104-7VZA0,congruent,118,1.6879261360548384e-07,-3.782795979953048e-07
0104-7VZA0,congruent,119,4.1516193157889856e-07,1.2000715253528486e-06
0104-7VZA0,congruent,120,5.570604655208392e-07,6.572100229010197e-07
0104-7VZA0,congruent,121,7.846139100233264e-07,8.302077958855844e-07
0104-7VZA0,congruent,122,5.057536268932707e-07,2.587288947291973e-07
0104-7VZA0,congruent,123,-4.2370252869834005e-07,1.4392529581693642e-06
0104-7VZA0,congruent,124,3.5132998301610903e-07,-3.067789868108531e-08
0104-7VZA0,congruent,125,5.721230058469665e-07,-6.012581166734602e-08
0104-7VZA0,congruent,126,1.2727828538138374e-06,9.637540316652667e-07
0104-7VZA0,congruent,127,3.454791843995685e-07,4.031775395126576e-07
0104-7VZA0,congruent,128,-2.6306036929061805e-07,-2.5017660200979423e-07
0104-7VZA0,congruent,129,2.804533084932963e-07,4.767715671463173e-07
0104-7VZA0,congruent,130,-9.222367267945113e-07,-5.415381330109993e-07
0104-7VZA0,congruent,131,-4.196822084880187e-07,-3.4572970014171214e-07
0104-7VZA0,congruent,132,4.4036907399248226e-07,1.4071223291532613e-06
0104-7VZA0,congruent,133,-2.7905845555472264e-07,-1.0820202883501718e-07
0104-7VZA0,congruent,134,1.3127392474806536e-06,5.915225735096167e-07
0104-7VZA0,congruent,135,9.381794065966782e-07,7.986409142289851e-07
0104-7VZA0,congruent,136,7.45237106433123e-07,-1.0259896901029008e-06
0104-7VZA0,congruent,137,1.0169834287376854e-06,1.2088192985338983e-06
0104-7VZA0,congruent,138,3.949421019000326e-07,6.760702951170506e-08
0104-7VZA0,congruent,139,3.2143349994135856e-07,7.597145729603177e-07
0104-7VZA0,congruent,140,-6.357455146807196e-07,-1.1110046285845608e-06
0104-7VZA0,congruent,141,2.4477062731772744e-07,6.660890444188405e-07
0104-7VZA0,congruent,142,1.9481589350628207e-07,1.3334442637597544e-06
0104-7VZA0,congruent,143,-8.84799750525731e-07,-4.187056202474969e-07
0104-7VZA0,congruent,144,2.2976547668802755e-08,1.531991925573722e-07
0104-7VZA0,congruent,145,8.395901044694682e-09,-2.2935146004310635e-07
0104-7VZA0,congruent,146,3.9925029323411793e-07,8.744429040439051e-08
0104-7VZA0,congruent,147,-7.561624270541035e-08,-8.143186534977152e-07
0104-7VZA0,congruent,148,7.198997115541602e-07,4.1977817578355965e-07
0104-7VZA0,congruent,149,6.175058157713171e-07,4.0390689495759005e-07
0104-7VZA0,congruent,150,4.748917548740756e-07,7.116342428134664e-07
0104-7VZA0,congruent,151,-2.004411537725355e-07,-1.2410790116924692e-06
0104-7VZA0,congruent,152,1.0929530642919904e-06,1.6943568946314858e-07
0104-7VZA0,congruent,153,-1.4026122313305337e-07,3.80187100047463e-07
0104-7VZA0,congruent,154,-2.540498472418629e-07,-1.4289687711074278e-06
0104-7VZA0,congruent,155,-2.3159359178744336e-07,-9.347631769590152e-07
0104-7VZA0,congruent,156,1.47645446215771e-07,1.1608911632553817e-06
0104-7VZA0,congruent,157,-1.1837724746302767e-06,-1.1142695528149873e-06
0104-7VZA0,congruent,158,4.526886245261837e-07,2.2693766462724186e-07
0104-7VZA0,congruent,159,1.0992458412853565e-07,-8.041100374803567e-07
0104-7VZA0,congruent,160,4.636024584551296e-08,-2.7783977319787915e-07
0104-7VZA0,congruent,161,3.7605452000244207e-07,1.2403905713495995e-06
0104-7VZA0,congruent,162,8.453029322599183e-08,-2.8123133962107e-07
0104-7VZA0,congruent,163,8.369817905022652e-07,4.5773088707842794e-07
0104-7VZA0,congruent,164,4.3084587922817083e-07,5.022622327650206e-07
0104-7VZA0,congruent,165,3.658318840818284e-07,-3.7951393734089236e-07
0104-7VZA0,congruent,166,-3.2880203931968947e-07,-7.978720959041706e-07
0104-7VZA0,congruent,167,2.0034143725252216e-06,5.566311788391884e-07
0104-7VZA0,congruent,168,1.1389175998259433e-07,-6.07099129256571e-07
0104-7VZA0,congruent,169,-9.884978911711428e-07,-7.126964419440155e-07
0104-7VZA0,congruent,170,-1.1574071628996974e-07,9.924840178105868e-08
0104-7VZA0,congruent,171,-4.843087457686315e-08,-7.357448580234432e-07
0104-7VZA0,congruent,172,2.4667496260011196e-07,-4.0043731299633727e-07
0104-7VZA0,congruent,173,-5.043879815335387e-07,-9.319711080419866e-08
0104-7VZA0,congruent,174,-9.73292584266411e-07,-1.9466822473135195e-06
0104-7VZA0,congruent,175,7.219135175662327e-07,-1.1762046833952547e-07
0104-7VZA0,congruent,176,9.791244521144598e-07,1.2573207520685088e-07
0104-7VZA0,congruent,177,8.714398521423405e-07,2.874422600569318e-08
0104-7VZA0,congruent,178,-5.238852906355899e-07,-5.122282259756646e-07
0104-7VZA0,congruent,179,1.0694797730161068e-06,-6.725714372765482e-07
0104-7VZA0,congruent,180,1.0966400445148705e-06,7.028409452679902e-07
0104-7VZA0,congruent,181,-7.322703494176518e-07,-2.1211933044930593e-07
0104-7VZA0,congruent,182,6.284644089945036e-08,-3.1429312262457646e-07
0104-7VZA0,congruent,183,-3.2748003493864637e-07,3.586579370374981e-07
0104-7VZA0,congruent,184,3.7961368225740337e-07,6.644320888839919e-07
0104-7VZA0,congruent,185,4.0762093598655007e-07,-9.06360143912901e-07
0104-7VZA0,congruent,186,9.633179980817743e-07,7.61770227408877e-07
0104-7VZA0,congruent,187,-4.571933080294959e-06,-2.740213283427452e-06
0104-7VZA0,congruent,188,1.1132020645745338e-06,-1.9165629780803287e-08
0104-7VZA0,congruent,189,1.3978976553483964e-06,1.8439404060694783e-07
0104-7VZA0,congruent,190,5.006142693064784e-07,4.7377657429910413e-07
0104-7VZA0,congruent,191,-9.72152720614789e-07,-8.509416137798184e-07
0104-7VZA0,congruent,192,9.11647666425085e-07,-6.500875633294987e-07
0104-7VZA0,congruent,193,8.151913350296801e-07,3.484764497351531e-07
0104-7VZA0,congruent,194,1.5464123850384776e-07,5.672628048703912e-07
0104-7VZA0,congruent,195,-2.085381116278662e-07,-3.7270644009759546e-07
0104-7VZA0,congruent,196,-9.18856366449954e-07,8.726704730371591e-07
0104-7VZA0,congruent,197,-1.1726665503329818e-07,-1.3891032410804562e-06
0104-7VZA0,congruent,198,5.235308467428318e-07,-2.935912587934239e-07
0104-7VZA0,congruent,199,1.4036758013060787e-06,8.078682686463333e-07
0104-7VZA0,congruent,200,2.6880044196835637e-07,1.19648180347683e-06
0104-7VZA0,congruent,201,4.844277523703599e-07,8.274029816013843e-07
0104-7VZA0,congruent,202,8.836433568763974e-07,4.945366544770175e-07
0104-7VZA0,congruent,203,9.430408739259739e-07,1.2925160517631504e-07
0104-7VZA0,congruent,204,9.360342515618322e-09,-9.705666191580594e-08
0104-7VZA0,congruent,205,6.848305236257762e-07,3.6846143778933706e-07
0104-7VZA0,congruent,206,9.026962887291135e-07,5.462438577312157e-07
0104-7VZA0,congruent,207,-1.2639367152904268e-06,-1.5758771946643607e-08
0104-7VZA0,congruent,208,1.557980274826165e-07,1.1116058730467868e-06
0104-7VZA0,congruent,209,-2.1268054297865083e-07,-4.196066072954274e-07
0104-7VZA0,congruent,210,1.3057738563060733e-07,-2.994675559438044e-08
0104-7VZA0,congruent,211,5.929560974477382e-07,1.1904486641056782e-06
0104-7VZA0,congruent,212,-2.449347226167756e-06,-1.7695544303004244e-06
0104-7VZA0,incongruent,0,1.809203275204449e-06,7.964774734516044e-07
0104-7VZA0,incongruent,1,-5.715053782351623e-08,2.0408993872533955e-07
0104-7VZA0,incongruent,2,-1.3939010705141392e-06,-1.138512129636155e-06
0104-7VZA0,incongruent,3,-1.7355271791018855e-06,-5.881469256499518e-07
0104-7VZA0,incongruent,4,-9.525534106739688e-07,-5.534006564223077e-07
0104-7VZA0,incongruent,5,1.825618621213759e-06,1.422292396036414e-06
0104-7VZA0,incongruent,6,1.0768251231863082e-07,1.1034395408096756e-06
0104-7VZA0,incongruent,7,-6.494656945552331e-07,-8.270404845486013e-08
0104-7VZA0,incongruent,8,-3.4191872868534873e-07,5.340988467145528e-07
0104-7VZA0,incongruent,9,7.042780307826889e-07,7.026786743308369e-07
0104-7VZA0,incongruent,10,1.2285556077198099e-06,1.2858763627600493e-06
0104-7VZA0,incongruent,11,-9.998986312504081e-08,-3.304614105838738e-08
0104-7VZA0,incongruent,12,1.7099838669347545e-06,1.0556321591816928e-06
0104-7VZA0,incongruent,13,-5.801819582674332e-07,-5.776362593028791e-08
0104-7VZA0,incongruent,14,1.8806044445426261e-06,3.6593233476237867e-07
0104-7VZA0,incongruent,15,3.8543132217410625e-07,1.1161929418231408e-06
0104-7VZA0,incongruent,16,-1.6395053667534868e-06,2.5573370345711662e-08
0104-7VZA0,incongruent,17,1.7407388039569143e-07,1.044332214363042e-06
0104-7VZA0,incongruent,18,-5.426793892612941e-07,-3.175038843696425e-07
0104-7VZA0,incongruent,19,-4.1144199063219596e-08,-3.13251669007302e-08
0104-7VZA0,incongruent,20,-1.8191765538915822e-07,-2.298684211890238e-07
0104-7VZA0,incongruent,21,1.1957553216818346e-07,1.3748743627392822e-06
0104-7VZA0,incongruent,22,-4.2767867114764486e-07,-6.121469344966969e-07
0104-7VZA0,incongruent,23,-4.672805129271271e-07,3.430610219550626e-07
0104-7VZA0,incongruent,24,4.482475088061083e-07,1.625407449956836e-07
0104-7VZA0,incongruent,25,2.8898702109459154e-06,1.917354151194571e-06
0104-7VZA0,incongruent,26,5.080754634443698e-07,1.2523361730719907e-06
0104-7VZA0,incongruent,27,-1.1330388770274194e-06,-1.8261452053118745e-06
0104-7VZA0,incongruent,28,-6.6181782439023e-08,4.189264936598469e-08
0104-7VZA0,incongruent,29,-1.503052852020223e-07,9.058835480826912e-07
0104-7VZA0,incongruent,30,2.772776176349012e-07,-3.0459354698427087e-07
0104-7VZA0,incongruent,31,1.7788807485627248e-07,4.09031630689223e-08
0104-7VZA0,incongruent,32,5.786093869725302e-07,1.5824337362381987e-06
0104-7VZA0,incongruent,33,4.95339428775095e-07,9.363926732487202e-07
0104-7VZA0,incongruent,34,-1.5813023593804048e-07,-3.330016264854447e-07
0104-7VZA0,incongruent,35,-3.6559354331518347e-07,3.193046234467682e-08
0104-7VZA0,incongruent,36,7.887629583263558e-07,-1.4670769451799712e-07
0104-7VZA0,incongruent,37,4.6842483850061377e-07,1.0654042163591073e-07
0104-7VZA0,incongruent,38,-5.844796008353702e-08,-2.9125057979802235e-07
0104-7VZA0,incongruent,39,7.512422401048354e-07,1.3710738843550974e-06
0104-7VZA0,incongruent,40,-5.707580402965695e-07,-3.4147817526682444e-07
0104-7VZA0,incongruent,41,-2.1000465868981552e-07,7.30378032521193e-08
0104-7VZA0,incongruent,42,1.317550319933057e-06,1.2466635707509094e-06
0104-7VZA0,incongruent,43,-2.7999315578824104e-07,6.141338896399414e-07
0104-7VZA0,incongruent,44,3.2675045131219155e-07,-9.252937094079615e-07
0104-7VZA0,incongruent,45,-4.5874454098135785e-08,4.890960832462165e-07
0104-7VZA0,incongruent,46,-2.0910344242754883e-07,7.491497045302111e-07
0104-7VZA0,incongruent,47,7.087492013642705e-07,5.017945538210568e-07
0104-7VZA0,incongruent,48,1.1613463906970858e-06,1.0142051642299318e-06
0104-7VZA0,incongruent,49,-3.989662131868048e-07,-7.826425591127374e-07
0104-7VZA0,incongruent,50,5.75764837789144e-07,1.6091950077696971e-06
0104-7VZA0,incongruent,51,7.379861115117471e-08,1.1641535120586659e-06
0104-7VZA0,incongruent,52,6.963200432640911e-08,4.2095944291101593e-07
0104-7VZA0,incongruent,53,-3.873346620599303e-07,-1.020708449072751e-06
0104-7VZA0,incongruent,54,7.777450626198682e-07,8.339998270032152e-07
0104-7VZA0,incongruent,55,-1.3417122531089896e-07,-1.2051047328494802e-06
0104-7VZA0,incongruent,56,5.004650132102308e-07,8.01107992165484e-08
0104-7VZA0,incongruent,57,-1.4255560405703824e-06,-6.344263545596514e-08
0104-7VZA0,incongruent,58,-1.1841462545991165e-07,1.756467782814283e-07
0104-7VZA0,incongruent,59,6.465057665802791e-07,9.045126910229945e-07
0104-7VZA0,incongruent,60,-3.6357986137745525e-07,-1.0292180037238648e-06
0104-7VZA0,incongruent,61,9.261664849961054e-07,-6.827750781591416e-08
0104-7VZA0,incongruent,62,2.6644940529771372e-08,-4.594969949090128e-07
0104-7VZA0,incongruent,63,-7.536709796256103e-07,-1.2763032732413873e-06
0104-7VZA0,incongruent,64,1.888666550335729e-07,3.22088308413491e-08
0104-7VZA0,incongruent,65,1.00859011296502e-06,1.3334967080576795e-06
0104-7VZA0,incongruent,66,-6.784459544036756e-07,-3.579793506284694e-07
0104-7VZA0,incongruent,67,1.5407606383526938e-06,1.6125690273096467e-06
0104-7VZA0,incongruent,68,3.726360115300618e-07,3.7870197866084415e-07
0104-7VZA0,incongruent,69,-4.480775223511818e-07,5.853645245304008e-07
0104-7VZA0,incongruent,70,1.823722869201987e-07,-2.113354664010632e-07
0104-7VZA0,incongruent,71,7.052184302503244e-07,1.8911606259443117e-06
0104-7VZA0,incongruent,72,-2.8114858164326475e-08,-8.085949689638594e-07
0228-YT88Y,congruent,0,-1.6526078306309086e-06,-7.489056662150935e-07
0228-YT88Y,congruent,1,6.074097611453661e-07,2.7463807554670204e-07
0228-YT88Y,congruent,2,-4.232455814951969e-06,-2.0470023806273086e-06
0228-YT88Y,congruent,3,1.2764516468342005e-07,-1.3078989899352357e-08
0228-YT88Y,congruent,4,-1.5192527527587566e-07,-1.3975300820099012e-06
0228-YT88Y,congruent,5,-6.584322441948895e-07,1.8923939683669366e-06
0228-YT88Y,congruent,6,-1.8517651073072802e-06,-1.398421384336836e-06
0228-YT88Y,congruent,7,7.692687077187539e-07,1.7708938298889848e-06
0228-YT88Y,congruent,8,4.137509130345919e-06,1.1359152396761264e-06
0228-YT88Y,congruent,9,2.040555735458681e-06,-2.9934952745268026e-07
0228-YT88Y,congruent,10,1.0429892759960586e-06,-1.5617157899598292e-06
0228-YT88Y,congruent,11,6.815339195789315e-07,4.729956537906765e-07
0228-YT88Y,congruent,12,8.29551361975006e-08,1.5411187638178663e-07
0228-YT88Y,congruent,13,2.2331455410700333e-06,-3.7293860796364496e-07
0228-YT88Y,congruent,14,-7.11424662016717e-07,-2.1529644002040556e-07
0228-YT88Y,congruent,15,1.586737561380275e-06,-9.42014081878586e-07
0228-YT88Y,congruent,16,1.5239397780374728e-06,1.250791055092438e-06
0228-YT88Y,congruent,17,-1.2951087511038786e-06,-3.4212749766354103e-07
0228-YT88Y,congruent,18,1.046843246803976e-06,8.999523315694995e-07
0228-YT88Y,congruent,19,6.767486693422606e-07,8.088657473586183e-07
0228-YT88Y,congruent,20,2.7754860485278592e-06,3.758559933619225e-06
0228-YT88Y,congruent,21,-1.1093720020488965e-06,-3.6255039202332974e-07
0228-YT88Y,congruent,22,8.868977270424503e-07,-7.741619874409056e-07
0228-YT88Y,congruent,23,-5.259765593111877e-06,-1.2564961813265811e-06
0228-YT88Y,congruent,24,1.4161108230884017e-06,-2.1827314170118113e-06
0228-YT88Y,congruent,25,5.262586781322874e-06,2.9843900844229576e-06
0228-YT88Y,congruent,26,-3.972007905748818e-06,-3.479158894755842e-06
0228-YT88Y,congruent,27,1.9304246578406562e-06,2.1030704075535773e-06
0228-YT88Y,congruent,28,-1.1910597256027927e-06,-1.9725995106863556e-06
0228-YT88Y,congruent,29,-2.682054177001976e-07,1.653559619806933e-06
0228-YT88Y,congruent,30,-2.097454221243093e-06,-2.7872740746814958e-06
0228-YT88Y,congruent,31,3.5654438721633635e-06,3.91180138081032e-06
0228-YT88Y,congruent,32,2.4160450270202833e-06,8.257909754904343e-07
0228-YT88Y,congruent,33,1.9672207849976413e-06,2.4767247376040554e-06
0228-YT88Y,congruent,34,2.359700849380092e-07,-8.551673862221551e-08
0228-YT88Y,congruent,35,7.926078803356634e-07,-1.4439346565898718e-06
0228-YT88Y,congruent,36,-1.6415552740829183e-07,8.807250812342322e-07
0228-YT88Y,congruent,37,-8.056352749808696e-07,7.107306635303329e-07
0228-YT88Y,congruent,38,2.923638338681714e-07,1.8372648225981919e-06
0228-YT88Y,congruent,39,-1.5638038661422082e-06,-8.704713620428436e-07
0228-YT88Y,congruent,40,5.877300323567128e-07,1.4661464825581573e-06
0228-YT88Y,congruent,41,1.3595957756191024e-06,-3.419398903691743e-07
0228-YT88Y,congruent,42,-1.3317811922009127e-06,1.0872900128824033e-06
0228-YT88Y,congruent,43,-5.756456907790132e-07,-2.043220595367592e-06
0228-YT88Y,congruent,44,3.5562734388366146e-06,3.860314196523092e-06
0228-YT88Y,congruent,45,-1.070598228673613e-06,-1.2753979320694328e-06
0228-YT88Y,congruent,46,2.127260732724717e-06,1.9371437045622574e-07
0228-YT88Y,congruent,47,1.0394354458703932e-07,3.39353473444798e-07
0228-YT88Y,congruent,48,-9.020803842056893e-07,5.585051121462118e-07
0228-YT88Y,congruent,49,-3.0122841118344816e-06,-3.995353701601083e-07
0228-YT88Y,congruent,50,3.210458972781381e-07,4.574350578142299e-08
0228-YT88Y,congruent,51,-1.8701743651508299e-06,5.27364230141009e-07
0228-YT88Y,congruent,52,2.3639300983051877e-06,1.419503061865231e-06
0228-YT88Y,congruent,53,-2.0676832391883242e-06,-9.394136010040402e-07
0228-YT88Y,congruent,54,2.393390779576177e-06,2.65340602330646e-06
0228-YT88Y,congruent,55,-9.799876854055338e-07,-9.932289918250368e-08
0228-YT88Y,congruent,56,-2.9811668160982196e-07,4.617386814798702e-07
0228-YT88Y,congruent,57,-4.5772814289712853e-07,8.816504711238714e-07
0228-YT88Y,congruent,58,1.49398278287797e-08,-8.80912031620964e-07
0228-YT88Y,congruent,59,1.8203856022415785e-06,7.865460381130883e-08
0228-YT88Y,congruent,60,4.767698836148336e-07,1.8903472368899948e-06
0228-YT88Y,congruent,61,2.752080849106744e-07,-1.3340413044421596e-06
0228-YT88Y,congruent,62,2.064634452494183e-06,1.3850442843002071e-06
0228-YT88Y,congruent,63,1.549751274881708e-06,9.103356854225821e-07
0228-YT88Y,congruent,64,5.58680884216786e-07,6.227474960658786e-07
0228-YT88Y,congruent,65,1.532415348264159e-07,1.0953695306653113e-06
0228-YT88Y,congruent,66,-2.770234976650394e-07,-3.943503093563887e-08
0228-YT88Y,congruent,67,-6.470570689684769e-07,8.689473735737182e-07
0228-YT88Y,congruent,68,8.616516864308664e-07,4.724650697967023e-08
0228-YT88Y,congruent,69,-1.1474480759823603e-07,4.94882146978663e-07
0228-YT88Y,congruent,70,-2.308567251008719e-06,7.728679543771472e-07
0228-YT88Y,congruent,71,-2.6904203222161665e-06,-2.5212789117821415e-06
0228-YT88Y,congruent,72,5.905053148581525e-07,2.948364429236262e-07
0228-YT88Y,congruent,73,-5.552768994805671e-07,9.788948574013977e-08
0228-YT88Y,congruent,74,-6.795887693776421e-07,1.9240152495250853e-07
0228-YT88Y,congruent,75,3.407511686956158e-08,-6.759001337181003e-07
0228-YT88Y,congruent,76,2.5686285608116754e-06,3.1365645411470362e-06
0228-YT88Y,congruent,77,1.2768509286242682e-06,1.280982310676646e-06
0228-YT88Y,congruent,78,-1.2074674647371707e-06,1.7304289083826645e-06
0228-YT88Y,congruent,79,6.238907963436645e-07,-5.626952196988305e-07
0228-YT88Y,congruent,80,2.1026497612334922e-06,2.989856581942292e-06
0228-YT88Y,congruent,81,-2.3821953362473936e-06,-2.291616296501019e-07
0228-YT88Y,congruent,82,5.051421879113678e-07,1.1268331434202863e-06
0228-YT88Y,congruent,83,-2.9075067718098834e-07,-1.1992520573862662e-06
0228-YT88Y,congruent,84,7.54954681946717e-07,2.1324529206910364e-06
0228-YT88Y,congruent,85,-1.5593402196936647e-07,7.160795808324078e-07
0228-YT88Y,congruent,86,1.3144653112186863e-06,-7.620984888549379e-07
0228-YT88Y,congruent,87,1.4916536725361483e-06,3.4476340665122008e-06
0228-YT88Y,congruent,88,-3.4126353140569784e-07,-2.3013929793557743e-06
0228-YT88Y,congruent,89,7.895244949230742e-07,1.0356485805143655e-06
0228-YT88Y,congruent,90,5.319241853569455e-07,5.855008145593437e-07
0228-YT88Y,congruent,91,1.4052483229035553e-06,3.6581100482638155e-07
0228-YT88Y,congruent,92,4.4417001878618737e-08,7.236698942728506e-07
0228-YT88Y,congruent,93,-2.1464382720837705e-06,4.6124497775158956e-07
0228-YT88Y,congruent,94,1.0821053515917182e-06,-7.942245317462192e-07
0228-YT88Y,congruent,95,-5.693217507440092e-07,8.729998016197042e-07
0228-YT88Y,congruent,96,-1.8509275212795337e-06,-1.4555108026114334e-06
0228-YT88Y,congruent,97,3.381536971903648e-07,4.483790352404614e-07
0228-YT88Y,congruent,98,5.794758482763e-07,4.840011965469203e-07
0228-YT88Y,congruent,99,1.5286678225256566e-07,-7.89356287416297e-07
0228-YT88Y,congruent,100,1.2759421053491282e-06,2.9996952362905377e-06
0228-YT88Y,congruent,101,1.2766506845119025e-06,-1.9739178838076036e-06
0228-YT88Y,congruent,102,2.802208486235961e-06,2.6687560956785855e-06
0228-YT88Y,congruent,103,-7.956394874592548e-07,-8.909008092009281e-07
0228-YT88Y,congruent,104,-9.648466213208947e-07,8.701684576000249e-07
0228-YT88Y,congruent,105,-3.013655661924639e-07,-2.5010595293738457e-06
0228-YT88Y,congruent,106,-5.654548550588853e-07,2.4936324155861228e-06
0228-YT88Y,congruent,107,-1.0762491903297591e-06,3.0395381397636115e-07
0228-YT88Y,congruent,108,-2.4611070960781248e-06,-1.0623837649801469e-06
0228-YT88Y,congruent,109,-8.392344878407656e-08,-1.618975076676971e-06
0228-YT88Y,congruent,110,5.664065410319553e-07,2.0771278405259814e-06
0228-YT88Y,congruent,111,-5.459523473750608e-07,-4.027609703528476e-07
0228-YT88Y,congruent,112,2.23277520134825e-06,4.022966008588252e-06
0228-YT88Y,congruent,113,-1.3951783388930192e-06,7.112592852226192e-07
0228-YT88Y,congruent,114,1.1507925997612916e-06,6.222178347376824e-07
0228-YT88Y,congruent,115,-2.9433505220247685e-07,-1.9578313407658303e-06
0228-YT88Y,congruent,116,8.350535428916202e-07,-5.7671575826405646e-08
0228-YT88Y,congruent,117,-7.220712016435309e-08,7.411381050523792e-07
0228-YT88Y,congruent,118,-3.8776167025846876e-07,3.7489479506422005e-07
0228-YT88Y,congruent,119,7.907831366185798e-08,7.316657043530639e-07
0228-YT88Y,congruent,120,-6.70023362134199e-07,2.647699205910985e-06
0228-YT88Y,congruent,121,-7.20248599439965e-07,-5.155165634098004e-07
0228-YT88Y,congruent,122,2.124885737708563e-07,-1.2508265207142193e-06
0228-YT88Y,congruent,123,2.741762090105084e-06,4.3639846899864375e-06
0228-YT88Y,congruent,124,1.3414195755683656e-07,1.595330400102844e-06
0228-YT88Y,congruent,125,-7.036709101728736e-07,-8.92849040478325e-07
0228-YT88Y,congruent,126,2.6531061229009818e-06,2.1857907017738382e-06
0228-YT88Y,congruent,127,-1.5367839794976705e-06,-2.6331625676393946e-06
0228-YT88Y,congruent,128,-1.3240182724261731e-06,-1.8833984476107006e-06
0228-YT88Y,congruent,129,2.3040222054875766e-06,3.008204694041427e-06
0228-YT88Y,congruent,130,-7.951305164566839e-07,-1.8330888378107856e-06
0228-YT88Y,congruent,131,-2.445032644132565e-06,-3.3685739579253904e-06
0228-YT88Y,congruent,132,6.95821216471294e-07,2.4763201960526947e-06
0228-YT88Y,congruent,133,-3.0449668976249174e-06,-2.406471508964468e-06
0228-YT88Y,congruent,134,4.467496306036837e-06,6.394640496560201e-07
0228-YT88Y,congruent,135,3.7564706889928197e-07,1.0692073725506986e-07
0228-YT88Y,congruent,136,1.4116165562076735e-06,7.663081082282871e-07
0228-YT88Y,congruent,137,2.5858138998666032e-06,1.9832965623410423e-06
0228-YT88Y,congruent,138,-1.1704159549527508e-06,-4.999037459491565e-07
0228-YT88Y,congruent,139,7.329543140490275e-07,1.7684251323243272e-06
0228-YT88Y,congruent,140,7.647176261190481e-07,2.11057948694526e-06
0228-YT88Y,congruent,141,-1.5140459944969417e-06,7.515646155801502e-08
0228-YT88Y,congruent,142,-1.281197918401476e-06,4.4546667707465875e-07
0228-YT88Y,congruent,143,-1.3489573141776985e-06,-5.103513143979498e-07
0228-YT88Y,congruent,144,-1.4426294411027484e-06,-6.963296394461137e-07
0228-YT88Y,congruent,145,-1.6288160397261692e-06,-3.970120469951801e-07
0228-YT88Y,congruent,146,2.6591761318703334e-06,7.148038299306632e-07
0228-YT88Y,congruent,147,3.2992556458422614e-06,2.41727486191922e-06
0228-YT88Y,congruent,148,-2.1044521315891153e-06,-5.667474110580382e-07
0228-YT88Y,congruent,149,-1.3352990770002913e-06,-1.241204460740032e-06
0228-YT88Y,congruent,150,3.125468837390193e-07,-3.7524898841666605e-07
0228-YT88Y,congruent,151,-1.2391367611137955e-06,4.258282258985434e-07
0228-YT88Y,congruent,152,-3.699703250765464e-06,-5.08112101364773e-06
0228-YT88Y,congruent,153,3.323287035295794e-08,-1.7703164155854359e-06
0228-YT88Y,congruent,154,2.0812990066587387e-06,3.001874275410985e-06
0228-YT88Y,congruent,155,-2.169544235689415e-06,-1.3131509930669503e-06
0228-YT88Y,congruent,156,-7.406633745282647e-08,-1.5665547998452634e-07
0228-YT88Y,congruent,157,-1.8113135781580657e-06,-2.982161696942645e-06
0228-YT88Y,congruent,158,4.6331983292052764e-07,1.4728626651738775e-06
0228-YT88Y,congruent,159,1.0749977916163901e-06,-4.5016361178060113e-07
0228-YT88Y,congruent,160,4.363880885802883e-06,2.4737658747045667e-06
0228-YT88Y,congruent,161,8.615747803146766e-07,9.407415773018189e-07
0228-YT88Y,congruent,162,2.631222799282915e-06,-9.682247179017548e-07
0228-YT88Y,congruent,163,-3.4647139768615766e-07,-5.950806342377511e-07
0228-YT88Y,congruent,164,2.6413338430359723e-06,2.070940926830953e-06
0228-YT88Y,congruent,165,-5.973571791495183e-08,-1.9181850785870167e-06
0228-YT88Y,congruent,166,2.5707248593341997e-06,-4.252650115757036e-07
0228-YT88Y,congruent,167,2.669926731920414e-06,1.5845757179421413e-06
0228-YT88Y,congruent,168,2.401728609343699e-06,3.1174616116967303e-06
0228-YT88Y,congruent,169,-2.6612721507697296e-06,-2.412575974595762e-06
0228-YT88Y,congruent,170,-5.158826358569446e-07,-1.8221218113994687e-06
0228-YT88Y,congruent,171,1.8801546228273965e-06,2.0935229480758566e-06
0228-YT88Y,congruent,172,-9.746683986043566e-07,6.307910161422188e-07
0228-YT88Y,congruent,173,-1.368693747072203e-06,1.6407583950472678e-07
0228-YT88Y,congruent,174,1.4926472956120502e-06,1.1171465251043305e-06
0228-YT88Y,congruent,175,-9.587489375241253e-07,-1.0904818717120068e-06
0228-YT88Y,congruent,176,5.3610667282112435e-08,3.3621816975960046e-08
0228-YT88Y,congruent,177,-7.034391646743866e-07,-5.561322201120391e-07
0228-YT88Y,congruent,178,3.3268995071346726e-07,-1.1374030296114915e-06
0228-YT88Y,congruent,179,3.7583252824372103e-07,6.947853709208546e-07
0228-YT88Y,congruent,180,-1.9543949467410005e-06,4.5188579438738967e-07
0228-YT88Y,congruent,181,-3.087980518694324e-06,-4.132491755266091e-07
0228-YT88Y,congruent,182,-2.2768254164321577e-06,-8.527978846550279e-07
0228-YT88Y,congruent,183,4.909476067989414e-07,3.075633759730103e-07
0228-YT88Y,congruent,184,-2.054631660237354e-06,-2.1148190391886447e-07
0228-YT88Y,congruent,185,-4.3602255410347207e-07,-1.2659210763709518e-06
0228-YT88Y,congruent,186,5.495043070118046e-07,8.657287897415699e-07
0228-YT88Y,congruent,187,2.9494056871767796e-08,1.6344754678780121e-06
0228-YT88Y,congruent,188,-7.335507960251871e-07,-2.1667736240587568e-06
0228-YT88Y,congruent,189,1.4107153530601095e-06,3.3156022021194666e-06
0228-YT88Y,congruent,190,-1.8173190565221006e-06,-3.8366554747597116e-06
0228-YT88Y,congruent,191,2.0590259606785033e-07,-2.229988671050259e-06
0228-YT88Y,congruent,192,4.877689713808451e-06,2.24058376510303e-06
0228-YT88Y,congruent,193,8.884852812042253e-08,1.7446900115035914e-06
0228-YT88Y,congruent,194,1.080585268341351e-06,-4.753070857583758e-07
0228-YT88Y,congruent,195,-1.1428399436992645e-06,-7.421748757019212e-07
0228-YT88Y,congruent,196,-1.1293020535642282e-06,2.5891563075778545e-06
0228-YT88Y,congruent,197,-3.1479875797431788e-06,-4.679854962361278e-07
0228-YT88Y,congruent,198,-4.0774655324464214e-07,-3.106138080878713e-06
0228-YT88Y,congruent,199,1.7458442508216098e-06,-5.77637714249535e-07
0228-YT88Y,congruent,200,-1.196176711024858e-06,2.8136569860942484e-06
0228-YT88Y,congruent,201,-2.616716427835854e-06,1.5059148352556596e-08
0228-YT88Y,congruent,202,-2.9621170328685376e-07,-2.7483533877414107e-06
0228-YT88Y,congruent,203,-2.265918575871089e-06,-2.2507993253201904e-06
0228-YT88Y,congruent,204,2.2511264594725692e-07,-1.8178415004448975e-06
0228-YT88Y,congruent,205,-2.727280891002313e-07,1.1621893140501366e-06
0228-YT88Y,congruent,206,-2.775275486286953e-06,-3.666098939754848e-06
0228-YT88Y,congruent,207,3.477312030831938e-07,7.593470098004461e-07
0228-YT88Y,congruent,208,-7.571964471633841e-08,-1.9200178642550436e-06
0228-YT88Y,congruent,209,2.332254353922344e-07,-2.7407315238421646e-06
0228-YT88Y,congruent,210,2.581265557084831e-06,4.926754518831175e-06
0228-YT88Y,congruent,211,-3.411752728383911e-06,-1.200421181546355e-09
0228-YT88Y,incongruent,0,1.8526121058115965e-06,3.451232559350479e-06
0228-YT88Y,incongruent,1,3.8426648851872435e-06,3.4458677546740155e-06
0228-YT88Y,incongruent,2,2.521582679562835e-06,1.0210295100563634e-06
0228-YT88Y,incongruent,3,1.3465996273976089e-06,2.9247118580627098e-08
0228-YT88Y,incongruent,4,-2.120131871002381e-06,4.252072254913959e-07
0228-YT88Y,incongruent,5,-6.515917693593833e-08,7.779474715699102e-07
0228-YT88Y,incongruent,6,-1.4117299751203604e-06,1.5134977779754949e-06
0228-YT88Y,incongruent,7,2.9216263888533697e-06,4.643575192152834e-07
0228-YT88Y,incongruent,8,-4.135467322384293e-06,-4.376755556371043e-08
0228-YT88Y,incongruent,9,7.675661904199992e-07,1.5212663251934992e-06
0228-YT88Y,incongruent,10,-2.0458572771979517e-06,-2.1626019244768123e-06
0228-YT88Y,incongruent,11,3.5982497266086335e-07,1.1019546831719331e-06
0228-YT88Y,incongruent,12,2.6437308972406572e-06,4.775344807681015e-07
0228-YT88Y,incongruent,13,-1.2222084985506875e-06,2.1212825198741737e-06
0228-YT88Y,incongruent,14,-2.61740639474115e-06,-3.560925129038063e-07
0228-YT88Y,incongruent,15,-6.508227017388292e-07,1.2104724875536116e-06
0228-YT88Y,incongruent,16,-5.510364270719809e-07,9.716071594861514e-07
0228-YT88Y,incongruent,17,2.0567424039589865e-06,2.120966491408975e-06
0228-YT88Y,incongruent,18,1.202042804346115e-06,3.217152924855534e-06
0228-YT88Y,incongruent,19,4.314679732359973e-08,-1.2591478731730978e-06
0228-YT88Y,incongruent,20,-3.6084790551699167e-07,3.001098767868654e-06
0228-YT88Y,incongruent,21,-7.896132558079254e-07,3.0849041025446673e-06
0228-YT88Y,incongruent,22,4.7124873937874567e-07,1.9560220943021967e-06
0228-YT88Y,incongruent,23,1.5522825384848835e-06,1.0807281049805897e-06
0228-YT88Y,incongruent,24,-2.1863940345111438e-07,1.17963880498622e-06
0228-YT88Y,incongruent,25,4.5000277105458193e-07,1.5264644670107125e-06
0228-YT88Y,incongruent,26,3.6910834471207427e-06,2.8879642223239856e-06
0228-YT88Y,incongruent,27,4.903945909308137e-07,1.374399314094136e-07
0228-YT88Y,incongruent,28,-2.6438555516185924e-06,-1.2603713168360094e-06
0228-YT88Y,incongruent,29,-1.0227185083408242e-06,-1.1091086605699909e-06
0228-YT88Y,incongruent,30,-3.5807646122734523e-06,-1.55363743467559e-07
0228-YT88Y,incongruent,31,2.025870593462416e-06,4.580143629151304e-06
0228-YT88Y,incongruent,32,-2.161645282196269e-06,1.3984842441288314e-07
0228-YT88Y,incongruent,33,-1.9275398654900785e-07,-5.525723442086013e-07
0228-YT88Y,incongruent,34,7.581043830856652e-07,-5.940284380739109e-07
0228-YT88Y,incongruent,35,-5.936341221979383e-07,1.6622227605658033e-06
0228-YT88Y,incongruent,36,-2.35388119550564e-06,-9.586450272135488e-07
0228-YT88Y,incongruent,37,2.124598999874921e-06,3.076680040832676e-06
0228-YT88Y,incongruent,38,2.118747503019527e-06,1.2423371605482332e-06
0228-YT88Y,incongruent,39,-1.621996931355177e-06,-1.3733738914217797e-06
0228-YT88Y,incongruent,40,-8.947739418644151e-07,4.571356808760653e-06
0228-YT88Y,incongruent,41,2.4117618708611203e-06,2.418048125757668e-06
0228-YT88Y,incongruent,42,1.914969987787365e-06,3.1922957065903585e-06
0228-YT88Y,incongruent,43,1.3077001255454275e-06,3.623690266257996e-06
0228-YT88Y,incongruent,44,5.971089066193811e-08,-5.128171054819441e-07
0228-YT88Y,incongruent,45,-8.339626925460898e-07,1.3130362058359003e-06
0228-YT88Y,incongruent,46,-4.37287537519777e-07,-1.0198154203856772e-06
0228-YT88Y,incongruent,47,7.10925103394872e-07,2.667398009521344e-06
0228-YT88Y,incongruent,48,-8.769447936571363e-07,3.090035330754675e-06
0228-YT88Y,incongruent,49,2.3975429602498323e-06,2.176189866151138e-06
0228-YT88Y,incongruent,50,9.280944803381261e-07,4.191595580371269e-06
0228-YT88Y,incongruent,51,-2.9900723570465283e-06,-6.820228203594386e-07
0228-YT88Y,incongruent,52,2.1765930091148005e-06,6.509766909156297e-08
0228-YT88Y,incongruent,53,1.1750889053751586e-06,3.55401996437104e-06
0228-YT88Y,incongruent,54,-7.849388772358144e-08,-1.7324341861669327e-06
0228-YT88Y,incongruent,55,2.2749607091188407e-06,3.148299553223005e-06
0228-YT88Y,incongruent,56,-1.479310910237634e-06,1.1332103479007113e-06
0228-YT88Y,incongruent,57,-2.555458533392191e-06,5.277713810091726e-07
0228-YT88Y,incongruent,58,1.487008235404088e-06,2.960552121044623e-06
0228-YT88Y,incongruent,59,-1.6874753663261416e-07,-1.769785308136342e-07
0228-YT88Y,incongruent,60,1.1606597059072475e-06,-1.4845190010867566e-06
0228-YT88Y,incongruent,61,5.297152828211501e-06,9.239696907560821e-07
0228-YT88Y,incongruent,62,6.594085799059926e-07,2.8759882084101732e-06
0228-YT88Y,incongruent,63,2.6997854395323663e-06,-1.4249804704096891e-07
0228-YT88Y,incongruent,64,-2.8007149024346937e-06,6.773204094938757e-07
0228-YT88Y,incongruent,65,7.670326170498077e-07,2.3404897911582344e-06
0228-YT88Y,incongruent,66,-1.2672643002145867e-06,-1.944444433399238e-06
0228-YT88Y,incongruent,67,2.7221607140305635e-06,3.279721700604166e-07
0228-YT88Y,incongruent,68,-1.027982220783446e-06,-5.399777003489208e-07
0228-YT88Y,incongruent,69,8.482668247789332e-07,-1.40218262127655e-07
0228-YT88Y,incongruent,70,-1.3427382309000674e-06,1.0523482725348527e-07
0228-YT88Y,incongruent,71,-8.587167544080357e-07,-8.625716840715002e-07
0228-YT88Y,incongruent,72,-2.140088593416762e-06,1.4333257164540905e-07
0225-E4ZGB,congruent,0,1.450287293501538e-06,1.4664183146388117e-06
0225-E4ZGB,congruent,1,-3.15147605732749e-06,-3.580119804508241e-06
0225-E4ZGB,congruent,2,1.704900996225084e-06,1.5978919806330074e-08
0225-E4ZGB,congruent,3,-3.6986117765841744e-07,1.253627138135144e-06
0225-E4ZGB,congruent,4,1.10544418248023e-06,1.8636903724710128e-06
0225-E4ZGB,congruent,5,1.0678032681130322e-05,1.003546844106441e-05
0225-E4ZGB,congruent,6,-2.226880945477809e-07,-1.031438728246659e-06
0225-E4ZGB,congruent,7,6.246450953895645e-06,7.751296429880206e-06
0225-E4ZGB,congruent,8,5.397816158942076e-06,-3.818915757076849e-06
0225-E4ZGB,congruent,9,6.474539600508344e-06,3.7877030694809006e-06
0225-E4ZGB,congruent,10,-4.418355958699903e-06,-3.3280540896318965e-06
0225-E4ZGB,congruent,11,-1.7999431818180718e-06,-1.6753563937433078e-06
0225-E4ZGB,congruent,12,5.4952736769491414e-06,5.385311972974243e-06
0225-E4ZGB,congruent,13,5.218049301968908e-07,1.0962866169019886e-06
0225-E4ZGB,congruent,14,4.5088621437246406e-07,2.2474101626891724e-06
0225-E4ZGB,congruent,15,-4.109723399499679e-06,-3.714992275489309e-06
0225-E4ZGB,congruent,16,1.2722144663097985e-06,-1.3971269443028049e-07
0225-E4ZGB,congruent,17,-3.3893640960744642e-06,-4.158237191696539e-06
0225-E4ZGB,congruent,18,5.151515751833101e-06,8.618796096440493e-08
0225-E4ZGB,congruent,19,4.438618228118391e-06,1.3283902301945681e-06
0225-E4ZGB,congruent,20,1.5112390369622605e-06,9.968156150123099e-07
0225-E4ZGB,congruent,21,1.2571920332872556e-06,6.236402887440078e-06
0225-E4ZGB,congruent,22,-6.627692667513565e-06,-5.420449595102183e-06
0225-E4ZGB,congruent,23,-5.680173559971869e-06,-5.242698947288651e-06
0225-E4ZGB,congruent,24,2.396448760042067e-06,4.816310588527319e-06
0225-E4ZGB,congruent,25,-3.7221786099042982e-06,-2.4318399897886278e-06
0225-E4ZGB,congruent,26,4.53750816903034e-06,2.053286389491183e-06
0225-E4ZGB,congruent,27,1.005132835692369e-06,-1.0184006078861206e-06
0225-E4ZGB,congruent,28,-2.3087606670006615e-06,-9.200723223861827e-06
0225-E4ZGB,congruent,29,1.1902661967262946e-06,-1.0193287659913023e-07
0225-E4ZGB,congruent,30,3.1894012673080015e-06,2.63522344358919e-06
0225-E4ZGB,congruent,31,-9.78875113357933e-06,-1.0775187331330282e-05
0225-E4ZGB,congruent,32,8.083246202995631e-08,5.194145416394197e-08
0225-E4ZGB,congruent,33,-2.8743434620146105e-06,-5.516346129735354e-07
0225-E4ZGB,congruent,34,4.525321893961515e-06,5.084267865128012e-06
0225-E4ZGB,congruent,35,-2.6183870497541263e-06,-4.176779308284915e-06
0225-E4ZGB,congruent,36,1.5751377671699672e-06,-3.283747267752395e-07
0225-E4ZGB,congruent,37,1.0020640330400112e-05,9.353530116934403e-06
0225-E4ZGB,congruent,38,-4.4176755882279235e-07,-3.455414206046263e-06
0225-E4ZGB,congruent,39,4.4464969069093976e-06,-3.39732292797926e-06
0225-E4ZGB,congruent,40,-3.1569066287502594e-08,3.561787583075337e-10
0225-E4ZGB,congruent,41,-3.0283955012782467e-06,-9.234573641873641e-07
0225-E4ZGB,congruent,42,6.523272178931199e-06,3.0645418928143294e-06
0225-E4ZGB,congruent,43,-1.821675907207729e-06,-2.570811447117937e-06
0225-E4ZGB,congruent,44,1.3251914712324687e-06,-4.2438545912339385e-07
0225-E4ZGB,congruent,45,-2.3293254174134316e-07,-1.230789068571432e-06
0225-E4ZGB,congruent,46,1.1066431498883729e-06,1.014256329282543e-06
0225-E4ZGB,congruent,47,-1.9889463112785393e-06,-1.1574072661434355e-06
0225-E4ZGB,congruent,48,4.85550314357737e-06,3.0995454763261534e-06
0225-E4ZGB,congruent,49,-1.0387492598450562e-06,-1.64420042692427e-06
0225-E4ZGB,congruent,50,-2.5135472213081644e-06,-3.1244992610929806e-06
0225-E4ZGB,congruent,51,-2.3455165518027435e-06,-3.855411614714423e-06
0225-E4ZGB,congruent,52,-6.903611104734711e-06,-5.791923866289893e-06
0225-E4ZGB,congruent,53,1.8731132634563331e-06,-4.7376896244670647e-07
0225-E4ZGB,congruent,54,-5.061162089264788e-06,-3.6702894346092833e-06
0225-E4ZGB,congruent,55,1.834457595360059e-06,1.8526003865807747e-06
0225-E4ZGB,congruent,56,4.295911079297417e-06,-8.167136905469407e-07
0225-E4ZGB,congruent,57,1.6014087011069842e-06,-2.9184222524496327e-06
0225-E4ZGB,congruent,58,5.966145735323627e-06,1.8284407197084579e-06
0225-E4ZGB,congruent,59,-7.380519814911829e-07,-1.703723087319543e-06
0225-E4ZGB,congruent,60,5.033801712420415e-06,3.246317090913553e-06
0225-E4ZGB,congruent,61,-2.0613828065287624e-06,-5.73987849153335e-07
0225-E4ZGB,congruent,62,1.6302778763082769e-06,-3.2985507359509293e-06
0225-E4ZGB,congruent,63,2.120385502959294e-06,-6.976288939760917e-06
0225-E4ZGB,congruent,64,-2.6360753475119815e-06,-5.607816836300032e-07
0225-E4ZGB,congruent,65,5.525211327208607e-06,6.262256835496927e-06
0225-E4ZGB,congruent,66,-4.002205743139246e-06,-8.126228965688784e-06
0225-E4ZGB,congruent,67,3.346588358599142e-06,2.5067092656980556e-06
0225-E4ZGB,congruent,68,2.165430549659174e-06,2.5387930652903937e-06
0225-E4ZGB,congruent,69,-7.7144385915898e-06,-5.14053674883591e-06
0225-E4ZGB,congruent,70,-5.90634309932103e-07,-4.244090285924872e-07
0225-E4ZGB,congruent,71,-5.959716937264895e-06,-4.147834589115922e-06
0225-E4ZGB,congruent,72,8.456408537143422e-07,-1.61256622581365e-06
0225-E4ZGB,congruent,73,-2.692339004807297e-06,-7.296875797412707e-06
0225-E4ZGB,congruent,74,2.2489417567137324e-06,6.151681771077342e-06
0225-E4ZGB,congruent,75,-3.188746511943665e-07,-5.132195428145469e-06
0225-E4ZGB,congruent,76,6.237414845044165e-06,4.314531387890715e-06
0225-E4ZGB,congruent,77,3.221481620636245e-06,2.6605746966760755e-06
0225-E4ZGB,congruent,78,3.410239795225236e-06,4.5613009383204585e-06
0225-E4ZGB,congruent,79,-3.3129026325538446e-07,-2.5563650635373075e-06
0225-E4ZGB,congruent,80,-1.6644977162355362e-06,-1.3599465105588537e-06
0225-E4ZGB,congruent,81,2.895796069086116e-06,3.0824513814708057e-06
0225-E4ZGB,congruent,82,2.2748623023329253e-07,-2.673590827482111e-06
0225-E4ZGB,congruent,83,8.680219671868652e-07,5.964174043856347e-08
0225-E4ZGB,congruent,84,-1.3966173725119397e-06,1.2509739192561586e-06
0225-E4ZGB,congruent,85,-2.3315584048033546e-06,9.374212795809674e-07
0225-E4ZGB,congruent,86,2.1527304393253493e-06,-3.009680183919715e-07
0225-E4ZGB,congruent,87,-2.883869661657375e-06,-1.3085309440581571e-06
0225-E4ZGB,congruent,88,-2.3474815506907348e-06,-1.124881976887882e-06
0225-E4ZGB,congruent,89,-6.217562203010462e-06,-1.0613910319633495e-06
0225-E4ZGB,congruent,90,-1.0193238151325317e-05,-5.04190327676044e-06
0225-E4ZGB,congruent,91,-1.0396055857476368e-06,-1.1725423202176095e-06
0225-E4ZGB,congruent,92,2.2993483510721476e-06,2.3266824293654708e-06
0225-E4ZGB,congruent,93,7.113798853120889e-06,5.1943124603510954e-06
0225-E4ZGB,congruent,94,2.867840697089028e-06,-4.7628355100140315e-07
0225-E4ZGB,congruent,95,4.66398684953467e-06,3.433941866922031e-06
0225-E4ZGB,congruent,96,1.4071880760878534e-06,-4.8322705391689545e-06
0225-E4ZGB,congruent,97,-5.074672337823104e-07,-1.449812122493658e-06
0225-E4ZGB,congruent,98,-4.301231738588841e-06,4.980346517875028e-07
0225-E4ZGB,congruent,99,2.6469185553657476e-06,-4.481921790022899e-07
0225-E4ZGB,congruent,100,5.6071645559676264e-06,5.137783963568395e-06
0225-E4ZGB,congruent,101,-5.241492880311174e-06,-1.2870880056030023e-06
0225-E4ZGB,congruent,102,2.3014582339989393e-06,1.2968283555000885e-06
0225-E4ZGB,congruent,103,1.1461077230866904e-07,1.1878974322277882e-06
0225-E4ZGB,congruent,104,-1.1004750263081395e-06,2.5023275083111127e-06
0225-E4ZGB,congruent,105,2.3118234334023197e-06,5.013167629739208e-06
0225-E4ZGB,congruent,106,-4.978073751662321e-06,-2.5445429754675436e-06
0225-E4ZGB,congruent,107,-5.923493216567391e-06,-4.801749480906074e-06
0225-E4ZGB,congruent,108,3.9105875573921245e-06,5.4980982196371114e-06
0225-E4ZGB,congruent,109,4.152034533536204e-06,-3.215395195462452e-06
0225-E4ZGB,congruent,110,2.2991244436258633e-06,3.5432473846409083e-07
0225-E4ZGB,congruent,111,2.8058980265126387e-06,1.55687872284347e-06
0225-E4ZGB,congruent,112,2.7477874212811537e-06,3.627355408797081e-06
0225-E4ZGB,congruent,113,3.0642749346065737e-07,1.7302782917832824e-06
0225-E4ZGB,congruent,114,-4.014865504732977e-06,-7.784741300331943e-07
0225-E4ZGB,congruent,115,-4.4564693404747844e-07,-1.7065270400868968e-06
0225-E4ZGB,congruent,116,7.269584456251296e-07,2.8295575049953824e-07
0225-E4ZGB,congruent,117,-8.168299719663958e-07,-3.757225385648432e-06
0225-E4ZGB,congruent,118,-1.4208597825363106e-06,3.5634691555241346e-07
0225-E4ZGB,congruent,119,4.571170350996562e-06,2.8225806480256774e-06
0225-E4ZGB,congruent,120,-2.5187444211586093e-06,-3.2985573695594546e-06
0225-E4ZGB,congruent,121,-3.889091687785033e-07,-1.148417787253856e-06
0225-E4ZGB,congruent,122,2.2894135649108168e-06,1.9899878257854187e-06
0225-E4ZGB,congruent,123,1.018222624199246e-06,-4.932159997917161e-06
0225-E4ZGB,congruent,124,5.161446773221152e-06,7.208003469648134e-06
0225-E4ZGB,congruent,125,-1.2438835257880075e-05,-1.0201750277896844e-05
0225-E4ZGB,congruent,126,-6.5265285981149795e-06,-5.158899921555698e-06
0225-E4ZGB,congruent,127,3.659946876356865e-06,4.727743366192844e-06
0225-E4ZGB,congruent,128,1.063825247187297e-06,-1.6420234773137938e-06
0225-E4ZGB,congruent,129,1.0304247273457372e-06,-2.7939885721557028e-06
0225-E4ZGB,congruent,130,2.846010055502678e-06,6.646487208480598e-07
0225-E4ZGB,congruent,131,2.4244656931817544e-06,8.233723834093402e-08
0225-E4ZGB,congruent,132,-1.239940413851021e-06,-2.4572324190931744e-06
0225-E4ZGB,congruent,133,1.3241494862719813e-06,3.3932703321841366e-06
0225-E4ZGB,congruent,134,-8.31882124422944e-06,-9.219874149193056e-06
0225-E4ZGB,congruent,135,4.096034943664351e-06,1.2262633243195925e-06
0225-E4ZGB,congruent,136,-4.310540839112878e-06,-4.746437891453586e-06
0225-E4ZGB,congruent,137,-8.784507467625829e-06,-7.185914178994253e-06
0225-E4ZGB,congruent,138,1.0521443196349325e-06,2.802721268473165e-06
0225-E4ZGB,congruent,139,-2.9978573475243973e-06,-3.923440520695151e-06
0225-E4ZGB,congruent,140,-3.1077850081332526e-06,-6.548676527820834e-06
0225-E4ZGB,congruent,141,-2.036763723912027e-06,-3.3174975620684393e-06
0225-E4ZGB,congruent,142,-3.0785882061904124e-06,-4.718367976903359e-07
0225-E4ZGB,congruent,143,3.918314419357477e-06,3.421834415112967e-07
0225-E4ZGB,congruent,144,3.5696638237994844e-06,2.962351156467627e-06
0225-E4ZGB,congruent,145,-2.1120092417574328e-06,-2.60067154230434e-06
0225-E4ZGB,congruent,146,4.480078454284469e-06,-6.713607756672423e-07
0225-E4ZGB,congruent,147,5.104794160125265e-06,7.218872199837743e-06
0225-E4ZGB,congruent,148,-1.8251544272794631e-06,2.7851158737141438e-06
0225-E4ZGB,congruent,149,-4.495931161181814e-06,-1.0614924331974916e-06
0225-E4ZGB,congruent,150,-4.04543965305498e-06,-3.8039626286975505e-08
0225-E4ZGB,congruent,151,4.422793313225366e-06,2.1248266188366333e-06
0225-E4ZGB,congruent,152,3.1655322052473894e-06,3.6834241302887606e-06
0225-E4ZGB,congruent,153,1.708543978899111e-06,7.013464686886015e-07
0225-E4ZGB,congruent,154,-1.6766240658800197e-06,-8.378122391257591e-07
0225-E4ZGB,congruent,155,-1.9494265293636295e-06,-1.1391023261801317e-06
0225-E4ZGB,congruent,156,4.501007161887537e-07,2.5389483498045626e-06
0225-E4ZGB,congruent,157,2.4202815153719176e-07,3.8745061416214825e-06
0225-E4ZGB,congruent,158,-5.961973603375109e-06,-6.5068444545448605e-06
0225-E4ZGB,congruent,159,1.8639576152274878e-06,-1.2863205183789503e-05
0225-E4ZGB,congruent,160,-4.320517567459246e-06,-3.084399834771386e-06
0225-E4ZGB,congruent,161,4.434760769009916e-07,1.8497837912399765e-06
0225-E4ZGB,congruent,162,4.225729344113388e-07,-4.135140738568849e-06
0225-E4ZGB,congruent,163,6.058556403558543e-06,8.062475834894453e-06
0225-E4ZGB,congruent,164,-7.488884027041058e-06,-4.0256853824234165e-06
0225-E4ZGB,congruent,165,-9.231681419917997e-07,8.058229349101065e-07
0225-E4ZGB,congruent,166,1.6516553726062756e-06,1.5996916673454707e-06
0225-E4ZGB,congruent,167,1.8071212542410637e-06,-1.2491793543694435e-06
0225-E4ZGB,congruent,168,-3.209449599399143e-06,-1.0351693333170892e-06
0225-E4ZGB,congruent,169,-2.0562602826460047e-06,-6.703424355694459e-06
0225-E4ZGB,congruent,170,9.398923214736138e-07,2.00892513931761e-06
0225-E4ZGB,congruent,171,-8.337803204172298e-06,-2.4894750681171627e-06
0225-E4ZGB,congruent,172,2.1459256380355935e-07,6.346700596874674e-07
0225-E4ZGB,congruent,173,5.63372780393003e-06,4.891774311598207e-06
0225-E4ZGB,congruent,174,5.763589761662514e-06,-8.317085002517091e-07
0225-E4ZGB,congruent,175,8.541864162106875e-08,4.842123029627153e-07
0225-E4ZGB,congruent,176,2.530345763976377e-06,1.4733751761136668e-06
0225-E4ZGB,congruent,177,6.144433468542786e-06,5.228882203242101e-06
0225-E4ZGB,congruent,178,-1.566080110058713e-06,1.2951844610769044e-06
0225-E4ZGB,congruent,179,-4.106003191023625e-06,-1.547262164421187e-06
0225-E4ZGB,congruent,180,1.92698860096028e-07,-2.092680016368326e-06
0225-E4ZGB,congruent,181,5.615485964050944e-07,-1.8130775373993663e-06
0225-E4ZGB,congruent,182,-3.0933658938518925e-06,4.93144470220458e-06
0225-E4ZGB,congruent,183,-6.295747970522365e-06,-2.796722413204523e-06
0225-E4ZGB,congruent,184,-6.753818138258783e-06,-8.249427690261438e-06
0225-E4ZGB,congruent,185,6.79139131158591e-07,4.861741671197242e-07
0225-E4ZGB,congruent,186,-8.685662297130691e-07,-4.0602135504307085e-07
0225-E4ZGB,congruent,187,1.7125281374918236e-06,3.1543465624643135e-06
0225-E4ZGB,incongruent,0,1.352523985680882e-06,1.869407785870875e-06
0225-E4ZGB,incongruent,1,-3.767831124368993e-06,-5.459025759162037e-07
0225-E4ZGB,incongruent,2,-1.6212233359065517e-06,-3.943418154692037e-06
0225-E4ZGB,incongruent,3,1.6381206499686312e-06,-3.6480138385864136e-08
0225-E4ZGB,incongruent,4,2.7667300075899943e-06,5.118206520981514e-06
0225-E4ZGB,incongruent,5,-1.9777565156067524e-06,7.353004088945309e-07
0225-E4ZGB,incongruent,6,-3.076264973600803e-06,-8.223968343429506e-07
0225-E4ZGB,incongruent,7,2.3698645243858087e-06,2.4354600016064543e-06
0225-E4ZGB,incongruent,8,4.741276571023272e-06,6.047554178209667e-06
0225-E4ZGB,incongruent,9,-1.2784468452513192e-06,-5.3043432091156705e-06
0225-E4ZGB,incongruent,10,1.786150010636476e-06,9.716419260141918e-07
0225-E4ZGB,incongruent,11,-4.061657914084744e-06,-4.110859166150063e-06
0225-E4ZGB,incongruent,12,-1.7157443466766987e-06,-8.369148947443155e-07
0225-E4ZGB,incongruent,13,-1.3310112553560616e-06,-1.8027614403887208e-06
0225-E4ZGB,incongruent,14,6.621003680869252e-06,1.2707579549900823e-06
0225-E4ZGB,incongruent,15,-3.831528330137428e-06,2.5945398993385544e-07
0225-E4ZGB,incongruent,16,-3.0507556920252508e-06,-1.6084039046724219e-06
0225-E4ZGB,incongruent,17,-1.138510574257056e-06,8.104984240747671e-07
0225-E4ZGB,incongruent,18,2.8551112086613476e-06,1.7145055435687788e-06
0225-E4ZGB,incongruent,19,2.281415116904239e-06,5.204267739658258e-07
0225-E4ZGB,incongruent,20,6.20329731593638e-08,-2.6573323239697375e-06
0225-E4ZGB,incongruent,21,-1.4149619421973407e-06,-1.179696842693616e-06
0225-E4ZGB,incongruent,22,1.8336427344400289e-06,-2.389122124748659e-07
0225-E4ZGB,incongruent,23,-2.7411138143870867e-06,-1.7640883740092616e-06
0225-E4ZGB,incongruent,24,1.2268789420738512e-06,-1.5767977129401683e-06
0225-E4ZGB,incongruent,25,1.003595126322514e-06,2.024413439073511e-06
0225-E4ZGB,incongruent,26,5.966116987581859e-06,6.410244427195124e-06
0225-E4ZGB,incongruent,27,4.711000103658431e-06,6.607302271986097e-06
0225-E4ZGB,incongruent,28,-1.7433170385417185e-06,-2.533085898486105e-06
0225-E4ZGB,incongruent,29,3.854833523057833e-06,1.2119546356984992e-06
0225-E4ZGB,incongruent,30,-7.401076121296397e-06,-8.64638482685345e-06
0225-E4ZGB,incongruent,31,1.37532542746442e-06,1.3286606474486077e-06
0225-E4ZGB,incongruent,32,3.6024833628437658e-06,4.254165676526477e-06
0225-E4ZGB,incongruent,33,9.371853976102397e-06,5.612012447912444e-06
0225-E4ZGB,incongruent,34,-4.990231480241712e-06,8.567288792380071e-07
0225-E4ZGB,incongruent,35,-2.55410470106415e-06,2.685875224821501e-07
0225-E4ZGB,incongruent,36,-2.512717504341006e-06,-4.837479425522741e-06
0225-E4ZGB,incongruent,37,4.051511290128324e-06,1.874702906004622e-06
0225-E4ZGB,incongruent,38,-1.0114762757834472e-06,4.140999914099915e-06
0225-E4ZGB,incongruent,39,-3.6020108073467655e-06,-5.951289613248781e-06
0225-E4ZGB,incongruent,40,-6.193412274134578e-07,-9.796094323962236e-07
0225-E4ZGB,incongruent,41,-2.887069879834824e-06,-5.822315268716924e-06
0225-E4ZGB,incongruent,42,-5.159830141682558e-07,1.150901907093391e-06
0225-E4ZGB,incongruent,43,-7.295231292198781e-07,2.173562728850608e-06
0225-E4ZGB,incongruent,44,3.119210291919412e-06,3.283761528526363e-06
0225-E4ZGB,incongruent,45,-1.413853380665757e-06,-2.2701705420201585e-06
0225-E4ZGB,incongruent,46,3.4953915220750464e-07,2.301524028467555e-06
0225-E4ZGB,incongruent,47,-1.5042586760693681e-06,4.698549477035559e-06
0225-E4ZGB,incongruent,48,4.7660035295741776e-06,2.5148334637066753e-06
0225-E4ZGB,incongruent,49,1.2413686439661067e-06,-3.83176179526664e-06
0225-E4ZGB,incongruent,50,2.234824046986311e-06,-2.617491576063463e-07
0225-E4ZGB,incongruent,51,-2.2146685385306278e-06,-1.3600209739924177e-06
0225-E4ZGB,incongruent,52,8.035847824097498e-06,-4.523733295210721e-07
0225-E4ZGB,incongruent,53,-1.6043943792969266e-06,-4.68201061409755e-07
0225-E4ZGB,incongruent,54,-3.701057487531069e-06,1.4852694140183033e-07
0225-E4ZGB,incongruent,55,4.131086033350803e-06,4.980682641640418e-07
0225-E4ZGB,incongruent,56,-3.1394438812985213e-06,-1.964425133898031e-06
0225-E4ZGB,incongruent,57,-1.3184904477651646e-06,-1.0560134026398521e-06
0225-E4ZGB,incongruent,58,4.5189850191180605e-06,3.2108748862281276e-07
0225-E4ZGB,incongruent,59,5.031045430157587e-06,2.5666530818887865e-06
0225-E4ZGB,incongruent,60,3.8357460388313736e-07,1.8071146398659678e-06
0225-E4ZGB,incongruent,61,1.6877773917293856e-06,-1.6696927065073468e-06
0225-E4ZGB,incongruent,62,2.9294074713949058e-06,6.798255874122123e-07
0110-1IS78,congruent,0,-2.3245796507784714e-06,-2.8124036050185528e-06
0110-1IS78,congruent,1,3.6877518050185713e-09,1.16845304324697e-07
0110-1IS78,congruent,2,1.14659816306907e-06,-2.4054030625570527e-06
0110-1IS78,congruent,3,1.0336707512276644e-05,1.1889523858778489e-05
0110-1IS78,congruent,4,5.250336844622012e-06,4.4993796171342705e-06
0110-1IS78,congruent,5,-2.479616426782825e-06,4.231551356515149e-06
0110-1IS78,congruent,6,1.582553087215043e-06,5.559952932175616e-07
0110-1IS78,congruent,7,3.410707646131057e-06,2.11677467377427e-06
0110-1IS78,congruent,8,3.1950000611389448e-06,2.8566765261251215e-06
0110-1IS78,congruent,9,1.762493843511929e-06,8.64860667278559e-07
0110-1IS78,congruent,10,2.5112351095321632e-06,4.550659794126251e-06
0110-1IS78,congruent,11,1.5710657983843095e-06,1.7007487640624676e-06
0110-1IS78,congruent,12,-1.2169733675050553e-06,-4.789794482732224e-06
0110-1IS78,congruent,13,2.9059465864255754e-06,2.7307690302899274e-06
0110-1IS78,congruent,14,2.753126046845863e-06,-1.1856164805149788e-07
0110-1IS78,congruent,15,2.81922618448386e-06,1.9100470841928004e-06
0110-1IS78,congruent,16,-1.8712970443319489e-06,-5.187707349252747e-06
0110-1IS78,congruent,17,2.4012941227135578e-06,-5.895041425199634e-08
0110-1IS78,congruent,18,6.474045358431271e-06,1.9120093567289736e-06
0110-1IS78,congruent,19,5.190646136695375e-06,7.946891083918533e-06
0110-1IS78,congruent,20,-4.033061043326721e-06,-4.449302267774055e-06
0110-1IS78,congruent,21,3.125298225546431e-06,-1.4218368428094443e-06
0110-1IS78,congruent,22,-3.8429363711485586e-06,-3.4601977795901355e-06
0110-1IS78,congruent,23,-2.729418816193554e-06,-4.065638031365232e-07
0110-1IS78,congruent,24,1.1678748668962241e-06,2.532105643263822e-07
0110-1IS78,congruent,25,-3.909206949498604e-06,-2.012267645532524e-06
0110-1IS78,congruent,26,1.110109477951547e-06,-2.234014868655832e-07
0110-1IS78,congruent,27,4.603344557658074e-06,-4.0331265462841387e-07
0110-1IS78,congruent,28,4.643713259206398e-06,2.7946763153580208e-06
0110-1IS78,congruent,29,2.2709629235950663e-06,1.0838403870729094e-06
0110-1IS78,congruent,30,4.512089801175372e-06,-6.055374472718518e-07
0110-1IS78,congruent,31,6.721667711631078e-06,4.907218206549393e-06
0110-1IS78,congruent,32,-1.855819401091092e-06,2.102843834823921e-06
0110-1IS78,congruent,33,2.7796594970447523e-06,5.117233026715074e-07
0110-1IS78,congruent,34,8.04039835545471e-06,1.5136238201931803e-06
0110-1IS78,congruent,35,3.873970286276435e-06,-1.1610927410511686e-06
0110-1IS78,congruent,36,6.5053139280234255e-06,5.175918304613876e-06
0110-1IS78,congruent,37,4.849254461629492e-06,4.971131384685832e-06
0110-1IS78,congruent,38,1.4344048338391096e-06,2.8859263793807373e-06
0110-1IS78,congruent,39,2.2346183893524538e-07,-4.358461691375523e-06
0110-1IS78,congruent,40,7.4108387152586595e-06,7.845455579146904e-06
0110-1IS78,congruent,41,-3.541544640785285e-06,-1.6517387393318783e-06
0110-1IS78,congruent,42,-4.3074263883450945e-07,-1.076206240789731e-06
0110-1IS78,congruent,43,4.053611760739002e-06,2.082256207334912e-06
0110-1IS78,congruent,44,-2.8818213059278557e-06,-3.2574385929853333e-06
0110-1IS78,congruent,45,2.177811068145475e-06,2.1657380094276e-07
0110-1IS78,congruent,46,8.999892109385695e-07,1.7587526637015386e-06
0110-1IS78,congruent,47,-7.158005916259027e-07,-2.9807404073499274e-06
0110-1IS78,congruent,48,2.0957614500343794e-06,-3.2593132535489955e-06
0110-1IS78,congruent,49,2.4941355483938544e-06,9.417100944286551e-07
0110-1IS78,congruent,50,2.9374028622154602e-06,-8.855556329792733e-08
0110-1IS78,congruent,51,8.95114822835608e-06,4.808354617949448e-06
0110-1IS78,congruent,52,7.210666591172717e-06,1.2438704258044893e-06
0110-1IS78,congruent,53,2.534851717803712e-06,8.041184662665354e-06
0110-1IS78,congruent,54,-4.857524552777775e-06,-1.7501923162922582e-06
0110-1IS78,congruent,55,-4.469622396377519e-09,-1.1781177611828388e-06
0110-1IS78,congruent,56,5.276413715476377e-06,4.631475656011737e-08
0110-1IS78,congruent,57,3.192702366756629e-06,3.3245129737284026e-06
0110-1IS78,congruent,58,5.900883043011249e-06,1.7721710723376689e-06
0110-1IS78,congruent,59,2.4644835493950225e-06,2.240361468471299e-06
0110-1IS78,congruent,60,-2.2743320482653074e-06,-1.6905674781456705e-06
0110-1IS78,congruent,61,3.285151946035794e-06,5.720020528271135e-06
0110-1IS78,congruent,62,-7.884597408002323e-07,2.1509675929559546e-06
0110-1IS78,congruent,63,3.8444046172047305e-06,-1.0892055378546037e-06
0110-1IS78,congruent,64,3.240130073894867e-06,-1.8186405018537384e-06
0110-1IS78,congruent,65,-6.322046894237266e-07,4.5725597805104906e-07
0110-1IS78,congruent,66,2.1626095647581286e-06,1.6508721387706228e-06
0110-1IS78,congruent,67,-5.204463477743244e-06,1.8272884654428424e-06
0110-1IS78,congruent,68,-3.789350143156864e-06,-4.210999007751454e-06
0110-1IS78,congruent,69,3.1432583060786794e-06,1.762984508931582e-06
0110-1IS78,congruent,70,-7.839181268573438e-07,-5.136762253794921e-06
0110-1IS78,congruent,71,8.982429399649408e-06,4.876333900966018e-06
0110-1IS78,congruent,72,3.36770744975776e-06,4.363697934277175e-06
0110-1IS78,congruent,73,6.003460024365893e-06,5.169427745025427e-07
0110-1IS78,congruent,74,6.077125327548405e-06,3.961667905394634e-06
0110-1IS78,congruent,75,3.3137606313555154e-06,-2.3418559605893735e-06
0110-1IS78,congruent,76,5.04005556919979e-06,-2.182335130554029e-07
0110-1IS78,congruent,77,8.273048612279626e-06,3.1915748161475737e-06
0110-1IS78,congruent,78,-1.4784012901255624e-06,-3.851718256461095e-06
0110-1IS78,congruent,79,1.928547439875167e-06,-7.802833230384568e-07
0110-1IS78,congruent,80,2.0136422007883715e-06,-9.073935233406932e-07
0110-1IS78,congruent,81,8.401150207306576e-06,4.26380565289342e-06
0110-1IS78,congruent,82,2.1579776084075976e-07,4.143230015549124e-06
0110-1IS78,congruent,83,-1.4824985971543706e-06,-3.460535519376799e-06
0110-1IS78,congruent,84,3.3650888163138887e-06,2.4909210871792285e-06
0110-1IS78,congruent,85,-2.1029013046738675e-06,-2.6697564573924792e-06
0110-1IS78,congruent,86,7.716482271125854e-07,-1.2791392914963747e-06
0110-1IS78,congruent,87,-1.2778732346053242e-06,2.0580620463250963e-06
0110-1IS78,congruent,88,6.904288477215638e-07,-1.7975174866721912e-06
0110-1IS78,congruent,89,3.0296640845508955e-06,-9.693673104290467e-07
0110-1IS78,congruent,90,8.98030021024165e-07,-1.0414894314160475e-06
0110-1IS78,congruent,91,6.573837048412575e-06,6.037070697197495e-06
0110-1IS78,congruent,92,-3.9449968876294486e-06,-4.420776285404162e-06
0110-1IS78,congruent,93,3.558304702037546e-07,-2.1674187284442514e-06
0110-1IS78,congruent,94,4.5022766250928825e-06,6.510925698348707e-06
0110-1IS78,congruent,95,2.935584779775864e-06,1.9270275360887473e-06
0110-1IS78,congruent,96,-4.2331354126815346e-07,-1.0877544244400572e-06
0110-1IS78,congruent,97,6.3070322463968275e-06,9.103641005036309e-07
0110-1IS78,congruent,98,8.195396808755158e-06,1.7755607001253572e-06
0110-1IS78,congruent,99,-1.955070894131413e-06,-1.3617784679191431e-06
0110-1IS78,congruent,100,-2.9943439932341547e-06,-4.758863795347955e-06
0110-1IS78,congruent,101,7.03626115114096e-06,4.471747687575959e-06
0110-1IS78,congruent,102,6.2138207234346545e-06,5.3121697627995186e-06
0110-1IS78,congruent,103,-3.625612032566648e-06,-6.56544645502819e-07
0110-1IS78,congruent,104,-1.6282841308946146e-06,-2.7999035719901014e-08
0110-1IS78,congruent,105,2.28944303761792e-06,-2.086629022464078e-06
0110-1IS78,congruent,106,2.6455025505739716e-06,1.7458816667134746e-06
0110-1IS78,congruent,107,-3.4115977410525523e-06,6.277468618134822e-07
0110-1IS78,congruent,108,-9.738493444267525e-07,-2.9487966578400255e-06
0110-1IS78,congruent,109,3.3719938641516687e-06,-5.0965084701152615e-06
0110-1IS78,congruent,110,1.3442292065827075e-06,1.952706624478137e-06
0110-1IS78,congruent,111,-1.0038266946368215e-06,-2.6751427315600423e-07
0110-1IS78,congruent,112,1.9545405373216147e-06,-1.9016143365884948e-07
0110-1IS78,congruent,113,1.2391406393557818e-06,-2.1269590838456816e-06
0110-1IS78,congruent,114,1.58121327207639e-06,3.259168751586755e-06
0110-1IS78,congruent,115,3.7247072292474824e-07,1.084585609365e-06
0110-1IS78,congruent,116,1.2429047839436441e-06,4.044582655448314e-06
0110-1IS78,congruent,117,1.3357614821093405e-06,-6.031686390441529e-07
0110-1IS78,congruent,118,1.916003003044703e-06,-7.248073901083665e-07
0110-1IS78,congruent,119,1.7645410236573904e-06,1.8881531483147709e-06
0110-1IS78,congruent,120,-2.0029354373751793e-06,-2.169573534998014e-06
0110-1IS78,congruent,121,5.731186957358641e-06,4.675054829272905e-07
0110-1IS78,congruent,122,4.143746172814888e-06,4.255009935785558e-06
0110-1IS78,congruent,123,3.891355981611063e-06,1.46532041761423e-06
0110-1IS78,congruent,124,3.4509448617749655e-06,1.2818937573490594e-06
0110-1IS78,congruent,125,1.6459171951830533e-06,1.8630172140588838e-06
0110-1IS78,congruent,126,-2.0440798453300537e-06,1.4480479364653082e-06
0110-1IS78,congruent,127,-1.0924963440061984e-06,-2.400502170104109e-06
0110-1IS78,congruent,128,1.1778355572236066e-06,3.504980518988595e-07
0110-1IS78,congruent,129,-7.854539610942907e-07,6.342379174808885e-07
0110-1IS78,congruent,130,-8.450296071474782e-07,2.6533947941474433e-06
0110-1IS78,congruent,131,3.480390101228835e-06,3.944641722819086e-06
0110-1IS78,congruent,132,7.821134638425642e-07,2.296967736708911e-06
0110-1IS78,congruent,133,-1.0840640624665153e-06,-1.9157277720766104e-06
0110-1IS78,congruent,134,9.539079562348225e-07,5.579278164535768e-06
0110-1IS78,congruent,135,1.446271047649878e-06,2.4145201696527186e-06
0110-1IS78,congruent,136,-1.2535836903530783e-06,1.913084368458989e-06
0110-1IS78,congruent,137,4.666853618792437e-06,3.179625003978308e-06
0110-1IS78,congruent,138,2.0435652404650456e-06,3.3396447880716857e-06
0110-1IS78,congruent,139,-2.1705393468964154e-06,2.821295025087947e-06
0110-1IS78,congruent,140,-1.7748374039779948e-06,-2.20145322657868e-06
0110-1IS78,congruent,141,1.305592863020985e-06,2.0728939070121555e-06
0110-1IS78,congruent,142,2.5107958600304157e-06,4.37012356222774e-06
0110-1IS78,congruent,143,-2.742721662520014e-06,1.1746418692659358e-06
0110-1IS78,congruent,144,-3.5000836783664663e-07,-3.629793485539019e-06
0110-1IS78,congruent,145,6.912411948429009e-06,2.7948980032348994e-06
0110-1IS78,congruent,146,1.8657652395856623e-06,-2.0915620983916252e-06
0110-1IS78,congruent,147,-6.587955776195019e-06,-1.0818636774524315e-05
0110-1IS78,congruent,148,1.762144019513671e-06,-5.790762145339988e-07
0110-1IS78,congruent,149,4.076546362535344e-06,3.4417927028366096e-06
0110-1IS78,congruent,150,1.2727914160334164e-06,-3.532278427272033e-07
0110-1IS78,congruent,151,1.4413100773428841e-06,-1.7545597604087809e-06
0110-1IS78,congruent,152,4.140302238845715e-06,3.0955530326363428e-06
0110-1IS78,congruent,153,4.634280289997108e-06,4.757934276961966e-06
0110-1IS78,congruent,154,-3.194630427593157e-06,-4.842896825851116e-07
0110-1IS78,congruent,155,2.2141686570882655e-06,4.4439080479038516e-07
0110-1IS78,congruent,156,6.088726360823634e-06,4.978125619627614e-06
0110-1IS78,congruent,157,7.04406435865998e-07,-1.9851254549224331e-07
0110-1IS78,congruent,158,-5.763689146354085e-07,-2.955785600957109e-07
0110-1IS78,congruent,159,3.504308878334144e-06,2.453093247220678e-06
0110-1IS78,congruent,160,1.486714078629701e-06,-1.8352881268733395e-07
0110-1IS78,congruent,161,4.607555587697688e-06,1.596345632400167e-07
0110-1IS78,congruent,162,5.798665782151183e-06,3.4757829634777575e-06
0110-1IS78,congruent,163,6.330201248391452e-06,2.536839908916179e-06
0110-1IS78,congruent,164,4.560479074775192e-06,1.0272739605047375e-06
0110-1IS78,congruent,165,8.835349325089951e-07,-1.0949551697165427e-06
0110-1IS78,congruent,166,-9.362958651641865e-07,-1.190853698278958e-06
0110-1IS78,congruent,167,4.94327411732015e-06,2.690909528920224e-06
0110-1IS78,congruent,168,2.4218233280424446e-06,-7.046541844190664e-07
0110-1IS78,congruent,169,1.011679770392366e-06,-8.182245872575085e-07
0110-1IS78,congruent,170,4.656072949811535e-07,-1.0895676967017327e-06
0110-1IS78,congruent,171,3.139098882608835e-06,9.868096808432713e-07
0110-1IS78,congruent,172,2.4940805002023286e-06,4.4135221895310084e-06
0110-1IS78,congruent,173,2.2629299141986634e-06,2.645873288301749e-06
0110-1IS78,congruent,174,-8.062482752766212e-06,-2.0283420475308185e-06
0110-1IS78,congruent,175,1.8920923540489999e-06,-2.1886249464231613e-06
0110-1IS78,congruent,176,1.5982086846523208e-06,4.116076110269395e-07
0110-1IS78,congruent,177,6.748438514292533e-06,4.487273360061385e-06
0110-1IS78,congruent,178,5.079964678782311e-06,-3.5775492152833537e-06
0110-1IS78,congruent,179,9.732543824622502e-06,6.409130277093736e-06
0110-1IS78,congruent,180,2.8667978451790678e-06,-2.045112563803149e-06
0110-1IS78,congruent,181,9.647899147791444e-07,1.5352551226764826e-06
0110-1IS78,congruent,182,-6.923612957163021e-06,-3.362719731321184e-06
0110-1IS78,congruent,183,1.4020759162928021e-06,-1.6147436854441055e-06
0110-1IS78,congruent,184,4.820573351215196e-06,2.0637371389287408e-06
0110-1IS78,congruent,185,6.5828232368351e-07,-2.171568785089011e-06
0110-1IS78,congruent,186,7.294962352537888e-06,5.077001187948423e-06
0110-1IS78,congruent,187,2.9824849381200276e-06,-3.5081978316056994e-07
0110-1IS78,congruent,188,1.5836748664959292e-07,-1.0997563542433821e-06
0110-1IS78,congruent,189,4.633446127797476e-06,6.8066542304804445e-06
0110-1IS78,congruent,190,-2.0266354526093674e-06,8.96888102497411e-07
0110-1IS78,congruent,191,2.6826382822996037e-06,4.609824113280284e-06
0110-1IS78,congruent,192,2.685178722983643e-06,1.0790846040274488e-06
0110-1IS78,congruent,193,-1.922876531034321e-06,8.252901356429998e-07
0110-1IS78,incongruent,0,3.16072473968415e-06,3.893728168569988e-06
0110-1IS78,incongruent,1,4.997800352031185e-07,-4.626439020881336e-06
0110-1IS78,incongruent,2,-2.5860446800671597e-06,-1.4857249083486624e-06
0110-1IS78,incongruent,3,1.0451606224884828e-07,5.791002017147829e-06
0110-1IS78,incongruent,4,6.395605762596752e-06,6.190194158180691e-06
0110-1IS78,incongruent,5,1.3296489269551583e-05,1.005815020091465e-05
0110-1IS78,incongruent,6,-2.6168183885070524e-06,-2.2173897950927074e-06
0110-1IS78,incongruent,7,-3.0339559718301935e-07,2.262495120084531e-06
0110-1IS78,incongruent,8,-3.3858572974530314e-06,-1.4361167120297446e-06
0110-1IS78,incongruent,9,5.008606159190989e-06,5.643774706305839e-06
0110-1IS78,incongruent,10,1.6379060909701512e-06,-4.475518458906678e-06
0110-1IS78,incongruent,11,-2.378676057588343e-06,-3.044255895000588e-06
0110-1IS78,incongruent,12,6.862504438658723e-06,1.0989373993193045e-06
0110-1IS78,incongruent,13,6.389341143841033e-07,9.936066452272998e-07
0110-1IS78,incongruent,14,7.030341120379846e-07,-1.6680309074873717e-06
0110-1IS78,incongruent,15,4.861541929563166e-06,3.4572458957453757e-06
0110-1IS78,incongruent,16,-1.8989429617953017e-06,-1.5979920262060351e-06
0110-1IS78,incongruent,17,1.3835314140666657e-06,-6.916350508276266e-07
0110-1IS78,incongruent,18,7.902585422526734e-06,1.1284198209245743e-06
0110-1IS78,incongruent,19,2.693145640531911e-06,1.6580949273510047e-06
0110-1IS78,incongruent,20,2.971002156034714e-06,3.47298347939639e-07
0110-1IS78,incongruent,21,5.49717978134241e-08,-8.109289325022723e-07
0110-1IS78,incongruent,22,5.125673870121701e-07,2.2333078408025408e-06
0110-1IS78,incongruent,23,-4.094239413827397e-06,-5.69047906966588e-06
0110-1IS78,incongruent,24,8.006243136083727e-07,3.4856670456761056e-06
0110-1IS78,incongruent,25,1.9366320948828785e-06,3.0279077880186522e-06
0110-1IS78,incongruent,26,-2.3407215347423594e-06,-2.5716998972370187e-06
0110-1IS78,incongruent,27,-6.055462009408433e-07,-1.0071142485946022e-06
0110-1IS78,incongruent,28,7.195686666756579e-06,2.4805367040777216e-06
0110-1IS78,incongruent,29,5.925103843326133e-06,-1.1688605526967786e-06
0110-1IS78,incongruent,30,-6.1828575890103295e-06,3.833901754607374e-06
0110-1IS78,incongruent,31,6.4948751395973115e-06,-3.3594686309728606e-06
0110-1IS78,incongruent,32,-1.1937395213424654e-06,-3.013773905819628e-06
0110-1IS78,incongruent,33,-9.015178838398814e-07,5.804879883474983e-06
0110-1IS78,incongruent,34,4.58474193131541e-06,2.5419246794919106e-06
0110-1IS78,incongruent,35,-3.887215209462894e-06,1.469806998891825e-06
0110-1IS78,incongruent,36,3.832516657240538e-06,5.994325625187804e-06
0110-1IS78,incongruent,37,1.5675916535394877e-06,-1.1718666231864026e-06
0110-1IS78,incongruent,38,-5.0423035055151336e-06,-7.914103694214853e-07
0110-1IS78,incongruent,39,2.570514442955177e-06,2.043217497752251e-06
0110-1IS78,incongruent,40,2.546183133411644e-06,3.4992977967510647e-06
0110-1IS78,incongruent,41,-4.156836288011585e-06,-2.9409398291961494e-07
0110-1IS78,incongruent,42,1.0785758767486343e-06,-1.922464189907092e-06
0110-1IS78,incongruent,43,-4.1585606841839234e-06,-7.908976155763301e-07
0110-1IS78,incongruent,44,1.1129990641034318e-06,2.7654188538432983e-06
0110-1IS78,incongruent,45,7.485819617674106e-06,8.039602007782509e-06
0110-1IS78,incongruent,46,2.2874066971825406e-06,5.585544773399833e-06
0110-1IS78,incongruent,47,3.065775325454213e-06,2.398015056044571e-06
0110-1IS78,incongruent,48,2.434098930828623e-06,-8.11874891568453e-07
0110-1IS78,incongruent,49,2.6040172051424337e-06,-1.4675415018987706e-06
0110-1IS78,incongruent,50,-5.3330932431368415e-06,4.462688268350029e-06
0110-1IS78,incongruent,51,3.5235494509588797e-06,6.482798080574299e-06
0110-1IS78,incongruent,52,-5.143192128711488e-08,5.877535324198739e-07
0110-1IS78,incongruent,53,-2.2742089884360256e-06,-5.1766326251605185e-06
0110-1IS78,incongruent,54,4.348088789402164e-06,4.056162508428755e-06
0110-1IS78,incongruent,55,9.143854890920737e-07,-1.1447678084634031e-07
0110-1IS78,incongruent,56,2.7328269771504697e-06,5.48445916473452e-06
0110-1IS78,incongruent,57,-2.6223659857729708e-06,5.485274371278719e-06
0110-1IS78,incongruent,58,7.244898094548579e-06,4.119454874231063e-06
0110-1IS78,incongruent,59,-4.075560307817772e-06,2.0292106274269314e-06
0110-1IS78,incongruent,60,-6.224650312569661e-07,-4.321276396795245e-06
0110-1IS78,incongruent,61,3.827807653495774e-07,-1.7291140826262508e-06
0110-1IS78,incongruent,62,-4.841709542761298e-06,-4.740573064699473e-06
0110-1IS78,incongruent,63,-1.6691570600430368e-06,1.428592534619164e-06
0110-1IS78,incongruent,64,3.5276650354348583e-06,5.747115631383853e-07
0109-GZN0K,congruent,0,6.206168107824243e-06,4.322138432805949e-06
0109-GZN0K,congruent,1,2.8583284949976808e-06,6.413263804197515e-07
0109-GZN0K,congruent,2,3.6760637432760397e-06,2.8161894450121426e-06
0109-GZN0K,congruent,3,2.9509087656537584e-07,-2.5248718691786232e-06
0109-GZN0K,congruent,4,3.844596657114576e-06,3.690692235398892e-06
0109-GZN0K,congruent,5,-7.728070836162314e-07,-2.156625205194834e-06
0109-GZN0K,congruent,6,6.660621414638994e-06,2.774894616679404e-06
0109-GZN0K,congruent,7,3.093974296148483e-06,3.8701568267079015e-06
0109-GZN0K,congruent,8,1.6539318196845305e-07,2.498043057593179e-06
0109-GZN0K,congruent,9,-5.670373284583703e-07,1.6890748222391464e-07
0109-GZN0K,congruent,10,-6.145087882655668e-06,-3.0546504508371466e-06
0109-GZN0K,congruent,11,-6.536353529543702e-06,-4.086403329778596e-06
0109-GZN0K,congruent,12,8.148577213685558e-06,6.7032711130612815e-06
0109-GZN0K,congruent,13,-3.7996487942069397e-06,3.1648490179150798e-06
0109-GZN0K,congruent,14,1.2242785950225815e-06,-4.5941142948117135e-06
0109-GZN0K,congruent,15,-6.132952277395945e-06,-8.368287372191691e-07
0109-GZN0K,congruent,16,3.553151228776138e-07,4.0770909842419725e-06
0109-GZN0K,congruent,17,5.536345270763399e-07,3.4631735360625385e-07
0109-GZN0K,congruent,18,-6.1051829402433635e-06,-3.482341123749453e-06
0109-GZN0K,congruent,19,1.2177278268699612e-06,1.9344002626886636e-06
0109-GZN0K,congruent,20,-6.238625737221458e-07,-4.168808590684229e-06
0109-GZN0K,congruent,21,3.4641821499599498e-09,-3.12286820651566e-06
0109-GZN0K,congruent,22,-9.440283333959175e-08,-3.4271612933722706e-06
0109-GZN0K,congruent,23,2.1816129548651647e-06,-5.954220568088568e-07
0109-GZN0K,congruent,24,-1.6582218011438616e-06,1.46045297769949e-06
0109-GZN0K,congruent,25,2.3480819642146225e-07,-1.1802579000941137e-06
0109-GZN0K,congruent,26,-3.6328148065266833e-06,-1.7908591733124464e-06
0109-GZN0K,congruent,27,5.306578002238027e-06,4.22247174306074e-06
0109-GZN0K,congruent,28,-4.894766061151722e-06,-4.726476785946264e-06
0109-GZN0K,congruent,29,-6.548836791262189e-08,5.383729653623454e-06
0109-GZN0K,congruent,30,4.619481817610213e-06,1.1899587223742444e-06
0109-GZN0K,congruent,31,3.2822237211615085e-06,3.1030799636544077e-06
0109-GZN0K,congruent,32,-4.331751788867262e-06,-5.845245127337304e-08
0109-GZN0K,congruent,33,-2.167284840375613e-06,-1.9345305522097446e-06
0109-GZN0K,congruent,34,-1.3624051587192012e-06,-1.1166198888582775e-06
0109-GZN0K,congruent,35,4.073744019354913e-06,5.2756097092723595e-06
0109-GZN0K,congruent,36,-2.470483479048113e-06,-2.62436108434211e-06
0109-GZN0K,congruent,37,8.391534007433084e-08,-2.176255827904616e-06
0109-GZN0K,congruent,38,1.4759780802750981e-06,1.1562972481298339e-06
0109-GZN0K,congruent,39,-4.3669708007785925e-06,-8.25699820540674e-06
0109-GZN0K,congruent,40,-2.1519936172760878e-06,9.78544672453362e-07
0109-GZN0K,congruent,41,-7.270919230228893e-07,3.862956481762597e-06
0109-GZN0K,congruent,42,1.23130463843323e-06,1.0317637171248198e-06
0109-GZN0K,congruent,43,1.0599053958104964e-06,-1.1253631383518832e-07
0109-GZN0K,congruent,44,9.423519036186586e-07,-2.7407386013547256e-06
0109-GZN0K,congruent,45,5.588947122653538e-06,6.013437938278439e-06
0109-GZN0K,congruent,46,-3.0886792576727722e-06,-4.056564537846551e-06
0109-GZN0K,congruent,47,3.7551215140713762e-06,3.4416275211970618e-06
0109-GZN0K,congruent,48,1.7588770360473973e-06,4.7334732175022e-07
0109-GZN0K,congruent,49,-1.834688912479301e-06,2.8813399704237276e-06
0109-GZN0K,congruent,50,-6.72397122638376e-07,-3.0052263365772456e-06
0109-GZN0K,congruent,51,-3.578366904234329e-06,-4.543773407007906e-06
0109-GZN0K,congruent,52,-3.517914854782721e-06,8.14938607253229e-07
0109-GZN0K,congruent,53,-4.8324577496109605e-06,-2.560983751552738e-06
0109-GZN0K,congruent,54,4.719328645381542e-06,2.622833935432821e-06
0109-GZN0K,congruent,55,-5.486585404035411e-07,3.2158199754279315e-06
0109-GZN0K,congruent,56,-4.719888877542349e-06,-8.11510979063952e-06
0109-GZN0K,congruent,57,-1.025366369929276e-05,-6.53670609970889e-06
0109-GZN0K,congruent,58,-1.0249440657316452e-06,1.1010917851805198e-06
0109-GZN0K,congruent,59,-1.1531635362464042e-05,-9.581128093876675e-07
0109-GZN0K,congruent,60,-4.042109443348961e-07,3.7872875103720282e-06
0109-GZN0K,congruent,61,-2.5946285768746996e-06,1.72836189469485e-06
0109-GZN0K,congruent,62,-5.7927318673935604e-06,2.704748306587219e-08
0109-GZN0K,congruent,63,2.176180678176906e-06,9.21186061560867e-07
0109-GZN0K,congruent,64,-5.757280868355958e-07,-2.005785470139906e-06
0109-GZN0K,congruent,65,-4.996330707787324e-06,-5.727910319761955e-06
0109-GZN0K,congruent,66,3.3710724584252656e-06,2.1241431089819604e-06
0109-GZN0K,congruent,67,-2.58981773144828e-06,5.590378444130876e-07
0109-GZN0K,congruent,68,-4.696742823118593e-06,-1.9795593934203965e-06
0109-GZN0K,congruent,69,-1.1888966517335237e-06,-5.9243344012362095e-06
0109-GZN0K,congruent,70,3.168882852468622e-06,3.7680455901491106e-06
0109-GZN0K,congruent,71,-1.0111401681906487e-06,9.663176772316631e-07
0109-GZN0K,congruent,72,-1.6512150085596666e-06,2.4811462102952244e-06
0109-GZN0K,congruent,73,-9.089396728340196e-07,1.93671722109611e-07
0109-GZN0K,congruent,74,1.0476654419530869e-07,-1.1687563770564937e-06
0109-GZN0K,congruent,75,-1.4998239285449977e-06,1.7670923378039392e-07
0109-GZN0K,congruent,76,-2.943750595989243e-06,9.793412877305067e-07
0109-GZN0K,congruent,77,-3.4257408284523918e-06,-3.525739555800126e-06
0109-GZN0K,congruent,78,5.417762564102911e-06,1.3254407400285493e-06
0109-GZN0K,congruent,79,5.092074257777608e-06,7.710884071524172e-06
0109-GZN0K,congruent,80,2.6325805791181147e-07,2.116614708541703e-06
0109-GZN0K,congruent,81,-2.5688222517081244e-06,-1.2280684240133066e-06
0109-GZN0K,congruent,82,-2.5774116761639886e-06,-2.5377770636303484e-06
0109-GZN0K,congruent,83,-1.8963708057165734e-06,-3.1273318894668533e-06
0109-GZN0K,congruent,84,6.193039373825719e-07,1.7728570600611074e-06
0109-GZN0K,congruent,85,-1.0072693495977623e-06,-1.3676747998846003e-06
0109-GZN0K,congruent,86,-1.777138734188292e-06,3.2169484153758883e-06
0109-GZN0K,congruent,87,1.7637752023347275e-06,-2.6189788662596377e-06
0109-GZN0K,congruent,88,-3.7470752652275046e-06,-1.8429645769422244e-06
0109-GZN0K,congruent,89,1.1977270836485436e-05,7.890904339778992e-06
0109-GZN0K,congruent,90,-1.5903016680730041e-07,1.9381715631117167e-06
0109-GZN0K,congruent,91,1.2347939755493232e-06,-5.157920512596075e-07
0109-GZN0K,congruent,92,7.179929902218631e-06,2.4549509895865146e-06
0109-GZN0K,congruent,93,2.219684395094365e-06,1.1935997897125706e-06
0109-GZN0K,congruent,94,1.43868107468394e-06,4.0142292405511235e-06
0109-GZN0K,congruent,95,-6.6193707161744335e-06,-4.802017210638911e-06
0109-GZN0K,congruent,96,-7.341786391516757e-07,2.145904969003245e-06
0109-GZN0K,congruent,97,-7.36407414955046e-06,-3.950956793845491e-06
0109-GZN0K,congruent,98,2.3590448427453848e-06,-4.3339723010011474e-06
0109-GZN0K,congruent,99,-1.5561977449984434e-06,-6.115052993511972e-08
0109-GZN0K,congruent,100,1.7647369125514467e-06,2.0017098931990392e-06
0109-GZN0K,congruent,101,1.5094055646103757e-06,2.9605317882419787e-06
0109-GZN0K,congruent,102,2.995940496476275e-06,1.0104578976366394e-06
0109-GZN0K,congruent,103,-2.204801036629505e-06,-2.36538216405751e-06
0109-GZN0K,congruent,104,-2.4344998132496767e-06,-4.467598440482863e-06
0109-GZN0K,congruent,105,-1.9116681226790926e-06,4.319583762778583e-06
0109-GZN0K,congruent,106,-1.8607460404950924e-06,-3.4367294933872933e-06
0109-GZN0K,congruent,107,-2.822564990161062e-06,-2.432248103646323e-06
0109-GZN0K,congruent,108,3.986311099485628e-07,3.3935737331776015e-06
0109-GZN0K,congruent,109,-4.8634606986902595e-06,-1.287149904307367e-06
0109-GZN0K,congruent,110,2.961119502065165e-06,4.5485186243341735e-06
0109-GZN0K,congruent,111,-1.4930277469980966e-06,-6.525306353239478e-06
0109-GZN0K,congruent,112,5.673980913889281e-06,7.306555936261937e-07
0109-GZN0K,congruent,113,-3.4780403665766733e-06,-4.881027023690102e-06
0109-GZN0K,congruent,114,-1.3061624047779694e-06,1.225201311625768e-06
0109-GZN0K,congruent,115,1.5716163025806504e-06,4.288171079166184e-06
0109-GZN0K,congruent,116,-4.049091365675993e-06,-8.55230769243827e-07
0109-GZN0K,congruent,117,-1.5572396756737625e-06,-2.490008594666015e-06
0109-GZN0K,congruent,118,3.31875120377589e-06,5.556786197072241e-07
0109-GZN0K,congruent,119,2.2956229717424503e-06,5.890765016927404e-06
0109-GZN0K,congruent,120,-4.866286702531835e-06,-1.897342772914292e-06
0109-GZN0K,congruent,121,-2.3791494897859314e-06,-2.4635776750683276e-06
0109-GZN0K,congruent,122,4.484241258766132e-06,1.2572607916080818e-06
0109-GZN0K,congruent,123,4.026090485193133e-06,1.9750333324567383e-06
0109-GZN0K,congruent,124,8.130767247622093e-06,2.616275709788763e-06
0109-GZN0K,congruent,125,3.994856014836062e-06,5.229852455022895e-07
0109-GZN0K,congruent,126,1.029426443930827e-06,2.462022752315826e-07
0109-GZN0K,congruent,127,-5.7689356693392634e-06,-4.226563009659797e-06
0109-GZN0K,congruent,128,-4.854419048408757e-07,1.0022929816978583e-06
0109-GZN0K,congruent,129,-8.370594996643966e-07,-2.3787463522765742e-06
0109-GZN0K,congruent,130,-1.540705341826935e-06,4.778560435637462e-06
0109-GZN0K,congruent,131,-2.899252165249856e-06,-3.106439183149432e-07
0109-GZN0K,congruent,132,5.169410957045226e-06,8.476880781148175e-06
0109-GZN0K,congruent,133,-6.631363665794845e-06,-6.424516837377707e-06
0109-GZN0K,congruent,134,-1.6626239119879227e-06,-3.433689847679615e-06
0109-GZN0K,congruent,135,1.7941751641487231e-06,4.511518506725983e-06
0109-GZN0K,congruent,136,4.685453350529499e-07,-3.479486921726096e-06
0109-GZN0K,congruent,137,1.5023993254309568e-06,2.4856934602097035e-06
0109-GZN0K,congruent,138,-2.8436193217404104e-06,-3.030188514246195e-06
0109-GZN0K,congruent,139,-4.172084353642581e-06,1.1390920816772976e-07
0109-GZN0K,congruent,140,1.636250102041813e-06,2.9198419641472484e-06
0109-GZN0K,congruent,141,4.5780995911953e-06,7.940663705440877e-07
0109-GZN0K,congruent,142,3.314749242351921e-06,6.069099971669071e-06
0109-GZN0K,congruent,143,4.722328358535564e-06,1.2776943203274765e-06
0109-GZN0K,congruent,144,-1.3155968273075104e-06,2.038913581123678e-06
0109-GZN0K,congruent,145,-6.163538168891815e-07,-4.379188390894448e-06
0109-GZN0K,congruent,146,1.2158910929011672e-06,-2.4268735576086677e-07
0109-GZN0K,congruent,147,-5.371129776919313e-07,3.311209844620311e-06
0109-GZN0K,congruent,148,3.0382897950434995e-06,1.9983985454691112e-07
0109-GZN0K,congruent,149,-6.316322163698136e-07,-1.85300894179064e-06
0109-GZN0K,congruent,150,1.6999485722022611e-06,5.812139457810183e-06
0109-GZN0K,congruent,151,5.746684573910073e-07,7.207858859759856e-08
0109-GZN0K,congruent,152,-1.4437652511395774e-06,-1.3140055647992318e-06
0109-GZN0K,congruent,153,1.7276320481842671e-06,-2.207397144383756e-06
0109-GZN0K,congruent,154,6.534638870056126e-07,4.186997896188608e-06
0109-GZN0K,congruent,155,-5.8313978938558234e-08,-1.590604919953836e-06
0109-GZN0K,congruent,156,-3.5433415662079574e-06,1.1428827373709835e-06
0109-GZN0K,congruent,157,2.2419950130382815e-06,-3.530415995290566e-07
0109-GZN0K,congruent,158,1.7498876846697127e-06,1.6907613736876346e-06
0109-GZN0K,congruent,159,5.34277594504983e-07,1.1089681810738867e-06
0109-GZN0K,congruent,160,-1.1733430401845436e-06,1.4695019758200894e-06
0109-GZN0K,congruent,161,-4.7864305636956805e-06,-2.0085155840258477e-06
0109-GZN0K,congruent,162,4.661162229073003e-06,4.655912406944965e-06
0109-GZN0K,congruent,163,-2.7979921113487145e-09,3.0765074910758805e-06
0109-GZN0K,congruent,164,-6.509801992292858e-06,-3.188089745687361e-06
0109-GZN0K,congruent,165,-5.6398810158036793e-08,-5.320239531251009e-07
0109-GZN0K,congruent,166,3.3495315904721636e-06,1.1632367109799918e-06
0109-GZN0K,congruent,167,4.035401031010035e-06,4.259674774001532e-06
0109-GZN0K,congruent,168,3.0567680979255464e-06,3.8552859565613995e-06
0109-GZN0K,congruent,169,-2.0079255952098514e-07,-1.4734128125605017e-06
0109-GZN0K,congruent,170,1.1350639412998692e-07,3.4827674829769063e-07
0109-GZN0K,congruent,171,-2.364002342445769e-06,-1.3117829015361437e-06
0109-GZN0K,congruent,172,-4.1305876293141465e-06,2.5328284892711556e-06
0109-GZN0K,congruent,173,-1.1497457025957561e-06,-2.0128568921852323e-06
0109-GZN0K,congruent,174,-3.57924846248085e-06,-8.428547521690352e-07
0109-GZN0K,congruent,175,-2.0280286314605625e-07,1.810976659362585e-06
0109-GZN0K,congruent,176,1.178441935356635e-06,1.3352188989748685e-07
0109-GZN0K,congruent,177,-2.272519958697855e-06,-3.5058364673331623e-07
0109-GZN0K,congruent,178,2.905417571385185e-07,2.8799256470911904e-06
0109-GZN0K,congruent,179,-9.920960636096435e-06,-8.175687732860024e-06
0109-GZN0K,congruent,180,-6.539401172730374e-06,1.2874227591101262e-06
0109-GZN0K,congruent,181,-7.127971146477491e-06,-4.05803607914147e-06
0109-GZN0K,congruent,182,3.131398995309233e-07,-6.374086213720437e-07
0109-GZN0K,congruent,183,3.2292490518069824e-06,-5.100167496987726e-08
0109-GZN0K,congruent,184,2.272380586096166e-06,2.9771742477926203e-06
0109-GZN0K,congruent,185,-2.7572334028497226e-06,-1.3628864819997533e-06
0109-GZN0K,congruent,186,1.3830042533051167e-06,1.8083749147815221e-06
0109-GZN0K,congruent,187,4.442162384005734e-06,6.532368817229728e-07
0109-GZN0K,congruent,188,1.3287570487212144e-06,6.988159770346386e-06
0109-GZN0K,congruent,189,-1.6826202564041283e-06,2.025230286865968e-06
0109-GZN0K,congruent,190,-4.51756300777574e-06,8.60285926223403e-08
0109-GZN0K,congruent,191,-3.231511829223257e-06,-2.2374095741504828e-06
0109-GZN0K,congruent,192,-5.583277800123244e-06,-2.52289612864517e-07
0109-GZN0K,congruent,193,-2.627921069094367e-06,-3.6137350621267324e-06
0109-GZN0K,congruent,194,5.27740082580636e-06,2.591110688467405e-06
0109-GZN0K,congruent,195,-1.2975065718477352e-06,1.484581429378112e-06
0109-GZN0K,congruent,196,-1.7332441761673808e-06,-1.936294351420738e-06
0109-GZN0K,congruent,197,-4.879887939591155e-06,-1.4444475186024703e-06
0109-GZN0K,incongruent,0,2.946686950982865e-06,3.3062074472554908e-06
0109-GZN0K,incongruent,1,-6.988516368449113e-07,3.831713372919597e-06
0109-GZN0K,incongruent,2,-2.141485525550119e-06,-1.4427120516231106e-06
0109-GZN0K,incongruent,3,-3.6954569570929784e-06,2.544532784892493e-07
0109-GZN0K,incongruent,4,3.40221921951639e-06,8.243193206582176e-06
0109-GZN0K,incongruent,5,2.400660572315679e-06,5.933664143429613e-06
0109-GZN0K,incongruent,6,4.261441454488037e-06,6.554879933237476e-06
0109-GZN0K,incongruent,7,-8.710171025136747e-06,-4.984390712800788e-06
0109-GZN0K,incongruent,8,-1.683629386176658e-07,2.0683092019735373e-06
0109-GZN0K,incongruent,9,-6.701811742490489e-07,-6.982592182784305e-07
0109-GZN0K,incongruent,10,-3.950478505396446e-06,-7.005620951789413e-07
0109-GZN0K,incongruent,11,-2.544019517145491e-06,1.1875605934775338e-06
0109-GZN0K,incongruent,12,-2.1817381803072195e-06,3.6059158268942327e-06
0109-GZN0K,incongruent,13,-1.1573175056113013e-06,3.4499458354933515e-06
0109-GZN0K,incongruent,14,-2.1872592667400294e-06,3.735196000239611e-06
0109-GZN0K,incongruent,15,6.681398969449862e-07,2.0521120508405355e-06
0109-GZN0K,incongruent,16,-3.115563058507404e-06,-2.900297294259784e-07
0109-GZN0K,incongruent,17,4.179099369607936e-06,6.180829318979736e-06
0109-GZN0K,incongruent,18,2.063870361179947e-06,-1.230808723752234e-06
0109-GZN0K,incongruent,19,5.098903767483259e-08,2.6880103830115192e-06
0109-GZN0K,incongruent,20,-2.8704664979813527e-06,2.9699648405062497e-07
0109-GZN0K,incongruent,21,6.042311176729984e-06,6.8694980797288206e-06
0109-GZN0K,incongruent,22,6.6627347044699e-07,3.3633565170906295e-06
0109-GZN0K,incongruent,23,-4.4321465402753773e-08,3.513650155004076e-06
0109-GZN0K,incongruent,24,-4.981246343955507e-07,7.291434200759323e-07
0109-GZN0K,incongruent,25,-4.221194330719508e-06,-1.762576737324131e-06
0109-GZN0K,incongruent,26,-6.523033622960921e-07,-1.5370289394211767e-06
0109-GZN0K,incongruent,27,-4.873658823615702e-07,-4.177374632678696e-07
0109-GZN0K,incongruent,28,-4.232414944708478e-06,1.5775178873319453e-06
0109-GZN0K,incongruent,29,-1.6630170239881002e-06,3.6186231250722755e-06
0109-GZN0K,incongruent,30,2.4946882245724347e-06,2.9131158753407357e-06
0109-GZN0K,incongruent,31,9.110586197146865e-07,7.232235011897674e-08
0109-GZN0K,incongruent,32,-4.726279779880299e-06,-1.8734218079931918e-06
0109-GZN0K,incongruent,33,3.133712521607413e-06,5.048596740206284e-06
0109-GZN0K,incongruent,34,4.220546143511622e-06,8.788956464947276e-06
0109-GZN0K,incongruent,35,3.743694576970441e-06,5.825216824602197e-06
0109-GZN0K,incongruent,36,1.8794823559618442e-07,2.7633147019956925e-06
0109-GZN0K,incongruent,37,-1.414786604179478e-06,2.259808445144289e-06
0109-GZN0K,incongruent,38,-1.2359779059336858e-06,2.7073470922653183e-06
0109-GZN0K,incongruent,39,-2.8102055039407232e-06,1.6074483045679129e-06
0109-GZN0K,incongruent,40,4.290925113671477e-06,2.8098462565944116e-06
0109-GZN0K,incongruent,41,1.4505934351540737e-06,3.884096242606102e-06
0109-GZN0K,incongruent,42,1.5294406866796962e-06,6.428014199078714e-06
0109-GZN0K,incongruent,43,2.630452638019585e-06,3.844730982193362e-06
0109-GZN0K,incongruent,44,-8.45359169299526e-06,-3.216692732736943e-06
0109-GZN0K,incongruent,45,5.010778169884327e-06,2.301778277673865e-06
0109-GZN0K,incongruent,46,4.258749680780787e-06,6.599797065333278e-06
0109-GZN0K,incongruent,47,-2.77353241394207e-06,2.8664825150142846e-06
0109-GZN0K,incongruent,48,-9.597134716106158e-07,-2.0030415878426922e-06
0109-GZN0K,incongruent,49,1.8260473623907253e-06,5.301326736002736e-06
0109-GZN0K,incongruent,50,-5.868370062261899e-06,9.274464001996127e-07
0109-GZN0K,incongruent,51,2.33785119072382e-06,2.482597309194892e-06
0109-GZN0K,incongruent,52,-1.700328252235706e-06,-9.299434635992036e-07
0109-GZN0K,incongruent,53,5.349220608282095e-06,8.997632468418262e-07
0109-GZN0K,incongruent,54,-2.3500562168716695e-06,-7.409123407199803e-07
0109-GZN0K,incongruent,55,-3.750985727401326e-06,4.508451206163605e-06
0109-GZN0K,incongruent,56,-1.033417389907944e-06,-1.4703794075346763e-06
0109-GZN0K,incongruent,57,2.3501666106704924e-06,4.974988753769226e-06
0109-GZN0K,incongruent,58,2.0169465233297876e-06,1.3087045700194258e-06
0109-GZN0K,incongruent,59,-4.199599692505023e-06,-3.717154302894693e-07
0109-GZN0K,incongruent,60,-9.733115828240338e-07,-2.17520161414648e-06
0109-GZN0K,incongruent,61,2.486233227225368e-06,5.390596594802816e-07
0109-GZN0K,incongruent,62,1.269392112578328e-06,2.3331328129141427e-06
0109-GZN0K,incongruent,63,1.837533055919131e-07,2.788447776429944e-06
0109-GZN0K,incongruent,64,2.1839221420204062e-07,-2.9496619044124164e-07
0109-GZN0K,incongruent,65,3.851147311502499e-07,3.446710865081803e-06
0109-GZN0K,incongruent,66,-6.6706386030140104e-06,-6.712983066613105e-06
0107-FN3G3,congruent,0,5.086408474777969e-06,5.27295079360216e-06
0107-FN3G3,congruent,1,-9.867066652006665e-07,-1.3422263942606175e-06
0107-FN3G3,congruent,2,1.3530785799108324e-06,1.4140279534235734e-06
0107-FN3G3,congruent,3,2.0109637522250373e-06,8.582658020586504e-06
0107-FN3G3,congruent,4,-1.0087407412591704e-05,-3.6860026974626027e-06
0107-FN3G3,congruent,5,-4.587078407783905e-07,-5.6133004477408605e-06
0107-FN3G3,congruent,6,-1.0911101130454215e-06,-1.0257684119629956e-06
0107-FN3G3,congruent,7,4.7175263032676035e-06,-1.1225984883842578e-06
0107-FN3G3,congruent,8,7.454980865072855e-06,3.5460521820955997e-06
0107-FN3G3,congruent,9,5.306176530822855e-06,2.6484531280927297e-06
0107-FN3G3,congruent,10,7.793346242855879e-06,1.188593941602804e-06
0107-FN3G3,congruent,11,3.0949744697564043e-06,2.0158797355238906e-06
0107-FN3G3,congruent,12,1.0885245657495124e-05,4.669555225190935e-06
0107-FN3G3,congruent,13,2.554446499497038e-06,-3.371484945903783e-08
0107-FN3G3,congruent,14,6.71861001052825e-06,-2.5981086334787503e-06
0107-FN3G3,congruent,15,5.729910631000083e-06,1.9215021015768354e-06
0107-FN3G3,congruent,16,5.071147928947044e-06,-4.843474239927265e-07
0107-FN3G3,congruent,17,4.051244500817211e-06,4.3866965349197314e-06
0107-FN3G3,congruent,18,4.5510048910700574e-06,2.0091340556090094e-06
0107-FN3G3,congruent,19,3.6227836767083774e-06,-3.2970171310376963e-06
0107-FN3G3,congruent,20,6.892005343439403e-06,9.170691167251144e-07
0107-FN3G3,congruent,21,2.6480901498820584e-06,-3.624371022904216e-06
0107-FN3G3,congruent,22,6.038412149606966e-06,8.187943072433943e-08
0107-FN3G3,congruent,23,4.2549917387976295e-07,5.262039512066472e-07
0107-FN3G3,congruent,24,6.75245549816361e-06,-4.944658250991156e-06
0107-FN3G3,congruent,25,4.160951858500401e-06,-1.818473074163803e-06
0107-FN3G3,congruent,26,-1.7779919363494504e-06,-1.1740424607315844e-06
0107-FN3G3,congruent,27,9.782028544004642e-06,4.108924063814013e-06
0107-FN3G3,congruent,28,8.297229607342856e-06,2.0355146003072276e-06
0107-FN3G3,congruent,29,4.267509140792787e-06,6.498870111563618e-06
0107-FN3G3,congruent,30,2.68830933348546e-06,-1.5521587183223497e-06
0107-FN3G3,congruent,31,2.100442004143999e-06,-5.05897822010311e-06
0107-FN3G3,congruent,32,3.663411636900476e-06,-6.267476230972219e-06
0107-FN3G3,congruent,33,4.883202260749225e-06,-1.353687984490816e-06
0107-FN3G3,congruent,34,2.353909426037549e-06,8.651947332358926e-07
0107-FN3G3,congruent,35,5.32099261047934e-06,2.982197730171406e-07
0107-FN3G3,congruent,36,4.115117554093505e-06,1.8192953316359735e-06
0107-FN3G3,congruent,37,-2.946445470810169e-06,-5.407817366012995e-06
0107-FN3G3,congruent,38,-1.578608750402815e-06,-6.301154845181762e-07
0107-FN3G3,congruent,39,1.2971676707042644e-05,6.5555275986195315e-06
0107-FN3G3,congruent,40,2.9586389059845275e-06,2.1687358644408935e-06
0107-FN3G3,congruent,41,9.83716033556627e-06,9.397885098666015e-06
0107-FN3G3,congruent,42,2.461903443341664e-06,-3.7651121448998782e-06
0107-FN3G3,congruent,43,5.785893153485059e-06,3.5484284060808553e-06
0107-FN3G3,congruent,44,6.287477357377288e-06,6.17743463639636e-06
0107-FN3G3,congruent,45,5.78612115101274e-06,-5.44451115784156e-06
0107-FN3G3,congruent,46,3.5668367237941393e-06,3.476808144615018e-06
0107-FN3G3,congruent,47,-3.2369961364595984e-06,-4.1272585774714605e-06
0107-FN3G3,congruent,48,5.233251844507704e-06,8.208138752575153e-06
0107-FN3G3,congruent,49,-5.558601860295392e-06,-1.8346379171111995e-06
0107-FN3G3,congruent,50,-6.395128733843416e-06,-1.9957716792706252e-06
0107-FN3G3,congruent,51,1.7828132895082574e-06,2.9985957894298356e-06
0107-FN3G3,congruent,52,4.040539862987998e-06,-4.6339933525721437e-07
0107-FN3G3,congruent,53,-1.594383626649557e-07,2.022483747446242e-06
0107-FN3G3,congruent,54,8.038363251716325e-06,3.2887764154217223e-06
0107-FN3G3,congruent,55,4.079039458471595e-06,-4.650749920389632e-07
0107-FN3G3,congruent,56,-6.598345690432398e-07,3.502023756913671e-07
0107-FN3G3,congruent,57,-1.321728227909344e-06,-1.0866571911533506e-06
0107-FN3G3,congruent,58,-2.3702764870188528e-06,-4.121825291394792e-06
0107-FN3G3,congruent,59,1.3044386939662836e-06,-6.0882682753933985e-06
0107-FN3G3,congruent,60,2.210157956408843e-06,5.505559070886638e-07
0107-FN3G3,congruent,61,2.1894306478911863e-06,-4.685557551189144e-07
0107-FN3G3,congruent,62,2.791024175510005e-06,-2.772940761772636e-06
0107-FN3G3,congruent,63,5.13836256161439e-06,-2.268427627431582e-06
0107-FN3G3,congruent,64,5.52001837498e-06,2.2977370174033037e-06
0107-FN3G3,congruent,65,5.0555473521265645e-06,2.6849986666427483e-07
0107-FN3G3,congruent,66,7.5746483925256e-06,2.6731186323737e-06
0107-FN3G3,congruent,67,-7.945775879290653e-06,-8.706277540728234e-06
0107-FN3G3,congruent,68,6.477964024773421e-07,2.4673845255947484e-06
0107-FN3G3,congruent,69,1.3394515957645098e-06,-1.8071188343973116e-06
0107-FN3G3,congruent,70,-3.7209616637183403e-06,1.9959946672289647e-06
0107-FN3G3,congruent,71,2.24587997554582e-06,-5.5392834709969165e-08
0107-FN3G3,congruent,72,6.322593995062433e-06,3.4238213322861727e-06
0107-FN3G3,congruent,73,9.230788655604069e-06,2.336081395094045e-06
0107-FN3G3,congruent,74,1.4618893495743635e-06,-2.203419154979374e-07
0107-FN3G3,congruent,75,8.424539356354951e-07,-1.2050000327542568e-05
0107-FN3G3,congruent,76,-3.777118955251859e-07,1.3311015699549864e-06
0107-FN3G3,congruent,77,-3.7854911987728705e-07,5.716858451115669e-06
0107-FN3G3,congruent,78,1.6011766690337752e-06,7.381129415751643e-06
0107-FN3G3,congruent,79,1.705310012361134e-06,1.4314761436186537e-06
0107-FN3G3,congruent,80,-4.0401387389906535e-06,-3.5512975983206606e-06
0107-FN3G3,congruent,81,-6.193858552557576e-06,-6.164881902151708e-06
0107-FN3G3,congruent,82,6.573424631185427e-06,2.84073031374489e-06
0107-FN3G3,congruent,83,3.9180348173173375e-06,-1.1930070864966469e-06
0107-FN3G3,congruent,84,3.3613841366251207e-06,1.9509783123160743e-06
0107-FN3G3,congruent,85,1.7653607126617558e-07,-1.819840901117958e-06
0107-FN3G3,congruent,86,6.034537129930154e-06,2.467200503917034e-06
0107-FN3G3,congruent,87,5.666778507157242e-06,6.4210586988567545e-06
0107-FN3G3,congruent,88,9.75458253525219e-06,6.414881641404533e-06
0107-FN3G3,congruent,89,-1.77745884458618e-06,-4.375341205396219e-06
0107-FN3G3,congruent,90,3.720380448126503e-06,-3.6390366475785335e-06
0107-FN3G3,congruent,91,4.908513423533203e-06,3.6580451807173136e-06
0107-FN3G3,congruent,92,3.541221338742139e-06,6.199011214261195e-06
0107-FN3G3,congruent,93,2.1747725494381657e-06,-2.226471230397558e-06
0107-FN3G3,congruent,94,1.1236184410656315e-06,3.293544470211307e-06
0107-FN3G3,congruent,95,-2.0817513706314467e-06,-2.080777579532566e-06
0107-FN3G3,congruent,96,-5.066570347386073e-07,-5.3025429487131585e-06
0107-FN3G3,congruent,97,1.0246667955002158e-05,1.090230697435906e-05
0107-FN3G3,congruent,98,-1.1937831734200891e-06,-6.708252660004527e-06
0107-FN3G3,congruent,99,6.76516705755641e-06,4.079013312334598e-06
0107-FN3G3,congruent,100,5.0791921394418335e-06,3.326379308772447e-06
0107-FN3G3,congruent,101,6.55293861294722e-06,1.3257413941943056e-06
0107-FN3G3,congruent,102,-1.1986577784975408e-06,-3.850619629543352e-06
0107-FN3G3,congruent,103,4.478353516942877e-06,3.378783076621559e-06
0107-FN3G3,congruent,104,5.756563765389381e-06,-1.9581361592739274e-06
0107-FN3G3,congruent,105,2.9376174035570683e-06,2.2139803175484658e-07
0107-FN3G3,congruent,106,3.8033499022206966e-06,8.716843585388655e-07
0107-FN3G3,congruent,107,3.1528764523020753e-06,-1.157153533928646e-06
0107-FN3G3,congruent,108,-5.981999760253029e-06,-6.353931973237365e-06
0107-FN3G3,congruent,109,7.363347400485081e-06,2.0905088516665804e-06
0107-FN3G3,congruent,110,1.7635832837135551e-06,-5.577446561037337e-06
0107-FN3G3,congruent,111,1.530426411664738e-06,5.639971508242773e-07
0107-FN3G3,congruent,112,6.581805065061038e-06,5.331577267354293e-06
0107-FN3G3,congruent,113,1.2942413354457152e-06,-1.7554452920015881e-06
0107-FN3G3,congruent,114,-3.9631856655941585e-06,-1.3575906325571646e-05
0107-FN3G3,congruent,115,1.2468644180273819e-05,7.795335231105181e-06
0107-FN3G3,congruent,116,2.7546466768926048e-06,3.765122394656807e-06
0107-FN3G3,congruent,117,-2.58777522642767e-06,-3.061540919145836e-06
0107-FN3G3,congruent,118,4.4758949776754285e-07,-2.493986488171845e-06
0107-FN3G3,congruent,119,8.092829040769397e-06,8.04220153881038e-06
0107-FN3G3,congruent,120,-2.9120455329228642e-06,-5.418793052882356e-06
0107-FN3G3,congruent,121,1.4376467403704206e-06,-2.111286767437113e-06
0107-FN3G3,congruent,122,7.980261176230705e-07,-4.608161005138049e-07
0107-FN3G3,congruent,123,6.223576559633993e-06,6.042753329295626e-06
0107-FN3G3,congruent,124,2.6400160740177625e-07,4.66740347389596e-06
0107-FN3G3,congruent,125,3.3014608139509826e-06,1.5060261272545705e-06
0107-FN3G3,congruent,126,4.633468588653162e-06,8.70813167003596e-07
0107-FN3G3,congruent,127,3.3802975949274198e-06,3.730180497786348e-06
0107-FN3G3,congruent,128,2.9297471547016413e-06,-5.211637236881812e-06
0107-FN3G3,congruent,129,9.036807269607264e-06,4.192533986383669e-06
0107-FN3G3,congruent,130,1.0387598254095586e-06,-5.27703188578291e-07
0107-FN3G3,congruent,131,-1.5253812369484776e-06,-7.241630636650021e-06
0107-FN3G3,congruent,132,4.367330066105213e-06,-3.608107708589962e-06
0107-FN3G3,congruent,133,4.962996512428055e-06,-2.417815071646511e-06
0107-FN3G3,congruent,134,1.0479285681151333e-05,3.6546581059770706e-06
0107-FN3G3,congruent,135,4.495744964411999e-06,9.753171925250265e-08
0107-FN3G3,congruent,136,-4.800567812446845e-06,-2.2988004069092123e-06
0107-FN3G3,congruent,137,4.1629004871498945e-06,-5.33593471262491e-07
0107-FN3G3,congruent,138,-1.1560126871901902e-06,5.74870200145029e-07
0107-FN3G3,congruent,139,4.747377663468894e-06,5.753714977339149e-06
0107-FN3G3,congruent,140,8.997500562717716e-07,1.5145181699154753e-06
0107-FN3G3,congruent,141,-5.8550624807655445e-06,-7.186979664982704e-06
0107-FN3G3,congruent,142,-1.3409761367749502e-06,2.4946516263979336e-06
0107-FN3G3,congruent,143,3.0165031093025035e-07,-4.8093017722005816e-06
0107-FN3G3,congruent,144,6.9921322598960225e-06,9.129843627429314e-08
0107-FN3G3,congruent,145,-2.5126287984424734e-06,-7.2204874757635385e-06
0107-FN3G3,congruent,146,-1.1705353278245115e-05,-2.6899642231051515e-06
0107-FN3G3,congruent,147,-2.1959519410293343e-06,-5.290880905874006e-06
0107-FN3G3,congruent,148,4.517268553652318e-06,-2.942142528896442e-07
0107-FN3G3,congruent,149,3.774891752468496e-06,1.4688064900847089e-06
0107-FN3G3,congruent,150,7.11584599059259e-06,8.904129243824211e-07
0107-FN3G3,congruent,151,2.980706035677237e-07,2.6023349905785385e-06
0107-FN3G3,congruent,152,3.0074221770654524e-06,-2.179896687359397e-06
0107-FN3G3,congruent,153,-6.533492771402503e-06,-6.721796698259918e-06
0107-FN3G3,congruent,154,6.292535880599523e-06,3.0327499676250136e-06
0107-FN3G3,congruent,155,-3.194539482506198e-06,-6.503387009533062e-06
0107-FN3G3,congruent,156,3.495022872547205e-06,-5.244636113164721e-06
0107-FN3G3,congruent,157,7.1717357966654055e-06,2.5969093786534345e-07
0107-FN3G3,congruent,158,4.665189742518406e-06,3.857425792719181e-07
0107-FN3G3,congruent,159,1.2363431065233067e-06,-8.176931656003857e-06
0107-FN3G3,congruent,160,1.7154268385799518e-05,1.3012365597993067e-05
0107-FN3G3,congruent,161,-1.0734824801512163e-05,-8.223394469848404e-06
0107-FN3G3,congruent,162,1.2188978381499883e-05,1.025985277385997e-05
0107-FN3G3,congruent,163,-6.359697250539308e-07,-1.2740283093431046e-06
0107-FN3G3,congruent,164,3.4550292461488673e-06,-2.518630508496169e-06
0107-FN3G3,congruent,165,5.450048769304323e-06,-1.7303597680165874e-06
0107-FN3G3,congruent,166,-3.3196778737324906e-06,-4.448931363307566e-06
0107-FN3G3,congruent,167,8.330802357131068e-06,3.446711234679399e-06
0107-FN3G3,congruent,168,3.5760224341831256e-06,-4.454551160962215e-06
0107-FN3G3,congruent,169,8.968299209143386e-06,9.250375203285283e-07
0107-FN3G3,congruent,170,7.994815786271492e-06,6.024421058812698e-06
0107-FN3G3,congruent,171,-2.1063266512759806e-06,-5.2236668255695965e-06
0107-FN3G3,congruent,172,-1.4591499161418443e-06,-1.4521851966060545e-06
0107-FN3G3,congruent,173,-2.395955643083648e-06,3.900277628936324e-06
0107-FN3G3,congruent,174,-4.865503712270463e-06,-5.277079783651636e-06
0107-FN3G3,congruent,175,3.7455574499712168e-06,9.779876238210323e-07
0107-FN3G3,congruent,176,5.852092419669285e-06,-3.5687583189500685e-07
0107-FN3G3,congruent,177,2.984479227598174e-06,2.5182561866898823e-06
0107-FN3G3,congruent,178,-2.6685287730074882e-06,-6.218059009315895e-06
0107-FN3G3,congruent,179,-6.597996079355735e-07,5.502507096884318e-07
0107-FN3G3,congruent,180,-1.4805974703123537e-07,2.3621105475131466e-06
0107-FN3G3,congruent,181,-1.8248868923169483e-06,-6.725409228319798e-06
0107-FN3G3,congruent,182,7.759462701583591e-07,-2.319824367206901e-06
0107-FN3G3,congruent,183,2.682538283665617e-06,2.425846886104723e-07
0107-FN3G3,congruent,184,1.3362885602266292e-06,-3.3255578492162253e-06
0107-FN3G3,congruent,185,6.04173542232644e-06,6.364653842991802e-06
0107-FN3G3,congruent,186,3.782244644852098e-06,-1.2730300581009747e-06
0107-FN3G3,congruent,187,-4.1895579587344e-06,-3.59369474767162e-06
0107-FN3G3,congruent,188,7.082408530998598e-06,1.0207574775729967e-05
0107-FN3G3,congruent,189,-3.863388579057667e-06,-4.9183572552482804e-06
0107-FN3G3,congruent,190,5.461207595940487e-06,-1.782089733446356e-06
0107-FN3G3,congruent,191,4.476564189738847e-06,1.5096055858146754e-06
0107-FN3G3,congruent,192,6.420507323813008e-06,3.5937686423940577e-06
0107-FN3G3,congruent,193,-6.076949429126623e-06,-5.123609321920782e-06
0107-FN3G3,congruent,194,-7.229314404748433e-08,-4.360804352684742e-06
0107-FN3G3,congruent,195,1.0001643884798653e-06,4.338584474638796e-06
0107-FN3G3,congruent,196,7.617123959116278e-06,7.169452199055076e-07
0107-FN3G3,congruent,197,5.316999845922099e-06,4.3307270540892984e-06
0107-FN3G3,congruent,198,6.980549170980459e-08,-5.39351783700457e-06
0107-FN3G3,congruent,199,1.0374581053179563e-05,2.2696418152793523e-06
0107-FN3G3,congruent,200,4.72677889796709e-06,4.289120641707336e-06
0107-FN3G3,congruent,201,-2.97064606353847e-06,-9.788712199581272e-06
0107-FN3G3,congruent,202,1.3017210354402765e-05,3.5990040736284443e-06
0107-FN3G3,congruent,203,9.621726096311874e-06,3.470034633265186e-06
0107-FN3G3,congruent,204,-4.5055141126102855e-08,-5.262551437667949e-06
0107-FN3G3,congruent,205,-1.5938732857198678e-06,8.992179912427543e-07
0107-FN3G3,congruent,206,1.9070483291509497e-06,3.66274042631388e-06
0107-FN3G3,congruent,207,2.3741680708095874e-06,-1.5597910592572436e-06
0107-FN3G3,congruent,208,-5.83463447656e-06,-4.322310870092003e-06
0107-FN3G3,congruent,209,-6.142047973078872e-06,-3.389766032795641e-06
0107-FN3G3,congruent,210,1.643326361364698e-06,2.9118441571849126e-06
0107-FN3G3,congruent,211,9.360499071215503e-06,1.7440676161454989e-06
0107-FN3G3,congruent,212,1.1377273388357e-05,-1.4034182076086242e-06
0107-FN3G3,congruent,213,1.5166652964123584e-05,2.8106470020680505e-06
0107-FN3G3,congruent,214,8.423897547690605e-06,2.1810762829296605e-06
0107-FN3G3,congruent,215,1.1430547293270142e-08,-1.856118289172559e-07
0107-FN3G3,congruent,216,-2.0165993746188558e-06,3.4812916545914117e-07
0107-FN3G3,incongruent,0,2.318869926867111e-06,-3.0423521235850808e-06
0107-FN3G3,incongruent,1,-2.414872872387187e-06,-2.9145970685381026e-06
0107-FN3G3,incongruent,2,4.520962313702568e-06,9.414648244665742e-06
0107-FN3G3,incongruent,3,5.657257051753287e-06,5.334710084722216e-06
0107-FN3G3,incongruent,4,8.951607149569625e-06,3.618262416371066e-06
0107-FN3G3,incongruent,5,7.178750635046983e-06,7.627525321598786e-06
0107-FN3G3,incongruent,6,6.083394245234332e-06,8.740584200369559e-06
0107-FN3G3,incongruent,7,9.221863457094313e-06,4.181965201785564e-06
0107-FN3G3,incongruent,8,2.4785633619373375e-06,5.511126292738166e-06
0107-FN3G3,incongruent,9,9.25190891064401e-06,8.482270796464131e-06
0107-FN3G3,incongruent,10,6.853749333545354e-06,3.3999242005272733e-06
0107-FN3G3,incongruent,11,7.731445582531292e-06,5.075412512145267e-06
0107-FN3G3,incongruent,12,7.502578421567277e-06,2.7554405408094882e-06
0107-FN3G3,incongruent,13,3.104278795108635e-06,2.5228196895386308e-06
0107-FN3G3,incongruent,14,-6.950334059336575e-07,2.6536291523607574e-06
0107-FN3G3,incongruent,15,8.009660527933338e-06,6.0978748789110214e-06
0107-FN3G3,incongruent,16,4.618179032530233e-06,6.102528830458085e-06
0107-FN3G3,incongruent,17,5.340473219257882e-06,2.3259745059585008e-06
0107-FN3G3,incongruent,18,3.253363443441607e-06,-1.5538715427867592e-07
0107-FN3G3,incongruent,19,-1.1222913110192871e-06,3.859334810909873e-06
0107-FN3G3,incongruent,20,3.950802595782803e-06,3.563225233468627e-06
0107-FN3G3,incongruent,21,1.1177051743708596e-05,6.645531157408029e-06
0107-FN3G3,incongruent,22,8.44453825602257e-06,3.857341357318024e-06
0107-FN3G3,incongruent,23,-4.364001332270772e-07,-4.226379375325918e-06
0107-FN3G3,incongruent,24,3.6040589292266516e-07,2.0852902907337828e-07
0107-FN3G3,incongruent,25,1.1357599121059016e-06,-1.4704238491584237e-06
0107-FN3G3,incongruent,26,5.888609631263186e-06,3.262205701551814e-06
0107-FN3G3,incongruent,27,7.808443794720098e-06,7.2598936874092e-06
0107-FN3G3,incongruent,28,9.546150226244288e-06,6.141186810008108e-06
0107-FN3G3,incongruent,29,4.80986996014955e-06,3.730967717919996e-06
0107-FN3G3,incongruent,30,5.639911687043294e-06,1.90695782627715e-06
0107-FN3G3,incongruent,31,7.781904383543466e-06,4.225235062586527e-06
0107-FN3G3,incongruent,32,6.267242384942892e-06,-2.0170236987296452e-07
0107-FN3G3,incongruent,33,1.0512651925100111e-05,7.641276042887677e-06
0107-FN3G3,incongruent,34,4.998907490501141e-06,2.7063973159759557e-06
0107-FN3G3,incongruent,35,2.205443962387489e-06,8.991939616813998e-06
0107-FN3G3,incongruent,36,5.5630452113207906e-06,9.497212080828299e-07
0107-FN3G3,incongruent,37,-1.5153361674985644e-06,1.4377063754419873e-06
0107-FN3G3,incongruent,38,3.1764427606692055e-06,3.408283770681909e-06
0107-FN3G3,incongruent,39,-3.1786312531749545e-07,-2.656555498455907e-06
0107-FN3G3,incongruent,40,7.811563917233783e-06,-2.5785817372657993e-06
0107-FN3G3,incongruent,41,-3.881950830718379e-06,-5.269549868276427e-06
0107-FN3G3,incongruent,42,-2.0523262978288575e-06,2.6591686503293144e-06
0107-FN3G3,incongruent,43,4.283204021359278e-06,9.61380262722262e-07
0107-FN3G3,incongruent,44,2.660623242013687e-06,6.120282380948347e-06
0107-FN3G3,incongruent,45,-6.293140575941766e-07,6.6191926244248815e-06
0107-FN3G3,incongruent,46,3.4961409069229756e-06,1.0616130500732036e-05
0107-FN3G3,incongruent,47,9.682526275932989e-06,7.76995896995506e-06
0107-FN3G3,incongruent,48,1.899356462436986e-07,4.973290659057999e-06
0107-FN3G3,incongruent,49,-2.9468838739021883e-06,4.356668266139539e-06
0107-FN3G3,incongruent,50,3.2903628767571423e-06,4.70361954518906e-06
0107-FN3G3,incongruent,51,-1.2101960920418975e-06,-5.012478916122048e-07
0107-FN3G3,incongruent,52,8.237933590883113e-07,-4.502834948976812e-06
0107-FN3G3,incongruent,53,9.081466495353727e-07,1.0239751751081724e-06
0107-FN3G3,incongruent,54,-1.3991930755964824e-06,-1.8190746942380112e-06
0107-FN3G3,incongruent,55,3.276651699498227e-06,8.775740870131304e-06
0107-FN3G3,incongruent,56,-5.126849257816524e-06,-6.202669499542579e-06
0107-FN3G3,incongruent,57,-2.180097023620686e-06,2.365161381369563e-06
0107-FN3G3,incongruent,58,7.10394497356812e-06,9.650848825267534e-08
0107-FN3G3,incongruent,59,4.800957321407079e-06,5.7654779626979505e-06
0107-FN3G3,incongruent,60,3.594616902426568e-06,5.9955103272756265e-06
0107-FN3G3,incongruent,61,5.160574920963684e-06,2.453455846693904e-06
0107-FN3G3,incongruent,62,-1.1187109343723017e-06,7.169889548675624e-07
0107-FN3G3,incongruent,63,9.132940537243457e-06,5.934868189364512e-06
0107-FN3G3,incongruent,64,3.513346575035244e-06,5.002629480007886e-07
0107-FN3G3,incongruent,65,4.6593954801852244e-06,1.163367925584212e-06
0107-FN3G3,incongruent,66,7.2708926705196064e-06,8.235208014711841e-06
0107-FN3G3,incongruent,67,-3.477171244962581e-07,-4.3208217161193273e-07
0107-FN3G3,incongruent,68,4.029560281342567e-07,-5.729295085899314e-06
0107-FN3G3,incongruent,69,6.336173172964943e-06,6.464979976390683e-06
0107-FN3G3,incongruent,70,-4.528858467779068e-07,-1.9340012973921292e-06
0107-FN3G3,incongruent,71,1.919084646577615e-06,-4.774121367704599e-06
0107-FN3G3,incongruent,72,2.266612876422046e-06,2.435905434623662e-06
0107-FN3G3,incongruent,73,6.896953480074939e-07,-4.1718515589940467e-07
0228-1PKF4,congruent,0,-9.32817544804267e-06,-6.9876220089428485e-06
0228-1PKF4,congruent,1,-8.569316436170417e-07,-2.5148354060952056e-06
0228-1PKF4,congruent,2,1.381649497060597e-06,6.383961768424676e-06
0228-1PKF4,congruent,3,-1.0338844636815412e-06,-2.1239968991757934e-06
0228-1PKF4,congruent,4,5.989702456915351e-06,3.4402656488612765e-06
0228-1PKF4,congruent,5,-1.3893020112508475e-06,-3.902883453640969e-06
0228-1PKF4,congruent,6,1.3180997684510742e-06,1.9729303224621842e-06
0228-1PKF4,congruent,7,7.448026996774518e-07,-3.013022799322901e-06
0228-1PKF4,congruent,8,-1.91459973055989e-06,-2.5647548688355427e-06
0228-1PKF4,congruent,9,-5.045589922873957e-06,-3.235275541010344e-06
0228-1PKF4,congruent,10,-1.7157799420293794e-06,-3.917217826676459e-06
0228-1PKF4,congruent,11,-5.2809281219527236e-06,-4.059797970685283e-06
0228-1PKF4,congruent,12,5.800976881628302e-06,1.6312390707124951e-06
0228-1PKF4,congruent,13,4.659126259337177e-06,1.5435888479567434e-06
0228-1PKF4,congruent,14,5.579460356973363e-06,4.350282886262659e-07
0228-1PKF4,congruent,15,5.047885125350188e-07,-6.721860587672335e-06
0228-1PKF4,congruent,16,4.267365339957602e-06,1.1341738750874228e-06
0228-1PKF4,congruent,17,1.6220070302264627e-07,1.952556181619801e-06
0228-1PKF4,congruent,18,-3.656884207590567e-06,-4.1405681442057005e-06
0228-1PKF4,congruent,19,-3.56616383508093e-07,-4.9393621324427e-06
0228-1PKF4,congruent,20,4.951285690611549e-06,2.1488228823868466e-06
0228-1PKF4,congruent,21,5.774574997743224e-06,-8.01714310004133e-08
0228-1PKF4,congruent,22,2.9507234459527183e-06,2.6672337606355675e-06
0228-1PKF4,congruent,23,-3.9059508232645745e-06,-1.5923048614153972e-06
0228-1PKF4,congruent,24,-5.299632569902399e-07,3.7040807009995456e-06
0228-1PKF4,congruent,25,-7.222821877910696e-06,-5.827100292781802e-06
0228-1PKF4,congruent,26,5.208152259123369e-06,7.688690164319866e-07
0228-1PKF4,congruent,27,5.966619301718548e-06,7.398469579427227e-07
0228-1PKF4,congruent,28,4.939803859846067e-07,-3.7890608942582734e-07
0228-1PKF4,congruent,29,3.1921534626017645e-06,-2.602677352771813e-06
0228-1PKF4,congruent,30,-1.220619055699182e-06,3.561602304311247e-06
0228-1PKF4,congruent,31,1.5937972115590854e-06,3.1837228464732426e-06
0228-1PKF4,congruent,32,-1.6050594611311007e-06,-3.818645340336519e-07
0228-1PKF4,congruent,33,-3.2542871828774056e-06,-4.766506130409587e-06
0228-1PKF4,congruent,34,7.668419384608309e-07,1.4843562551990773e-06
0228-1PKF4,congruent,35,-4.253797333746782e-06,-1.8214861700851993e-06
0228-1PKF4,congruent,36,-7.012040575648916e-07,-2.2907704383321062e-06
0228-1PKF4,congruent,37,-1.854210437811229e-06,-9.89095227614696e-07
0228-1PKF4,congruent,38,1.0268117456232373e-06,-6.054024402994393e-07
0228-1PKF4,congruent,39,3.0564130688178053e-06,7.929850004584658e-07
0228-1PKF4,congruent,40,5.14737910689268e-06,-1.150032056761038e-06
0228-1PKF4,congruent,41,-2.2701630262735266e-06,-5.912993124189875e-06
0228-1PKF4,congruent,42,3.1335626106270615e-06,1.5757529750966223e-06
0228-1PKF4,congruent,43,-2.924910250954188e-06,-4.529515282092169e-06
0228-1PKF4,congruent,44,5.310451870398933e-06,3.6281235172665093e-06
0228-1PKF4,congruent,45,1.534227241969526e-06,-7.70419092357776e-07
0228-1PKF4,congruent,46,3.2334816963860684e-06,1.855335007339843e-06
0228-1PKF4,congruent,47,1.6223041856896754e-05,1.2746142969252895e-05
0228-1PKF4,congruent,48,1.2586402612671774e-06,2.2202628272320506e-07
0228-1PKF4,congruent,49,1.4442696249988911e-06,3.345422315617326e-06
0228-1PKF4,congruent,50,-3.4848191880917177e-07,1.8980174291231542e-06
0228-1PKF4,congruent,51,-3.141570711770309e-06,-8.489614232458239e-06
0228-1PKF4,congruent,52,-5.349922014805969e-06,-6.036492523610154e-06
0228-1PKF4,congruent,53,-2.7956078635793894e-06,-4.3524625472396206e-06
0228-1PKF4,congruent,54,-1.797743071424471e-06,2.2511275526686037e-06
0228-1PKF4,congruent,55,-3.5023967539468493e-07,-1.6396027865029342e-07
0228-1PKF4,congruent,56,1.3202088027373924e-07,-5.23700342086834e-06
0228-1PKF4,congruent,57,-1.863307847304245e-06,-7.232454576899599e-06
0228-1PKF4,congruent,58,1.0230806590058362e-05,1.3193259785617245e-05
0228-1PKF4,congruent,59,1.6449097023011056e-06,1.3865865125340094e-06
0228-1PKF4,congruent,60,2.690118687490981e-06,1.5378784025761164e-06
0228-1PKF4,congruent,61,-9.751307068895995e-07,-3.817505740495928e-06
0228-1PKF4,congruent,62,-4.204823871890545e-06,-4.056020733141306e-06
0228-1PKF4,congruent,63,2.4104788828702784e-06,-8.813276862226106e-07
0228-1PKF4,congruent,64,2.68097735551368e-06,5.1449525014702035e-08
0228-1PKF4,congruent,65,-1.3067828733417369e-06,-2.5245967437711125e-07
0228-1PKF4,congruent,66,-4.860255342001878e-06,-3.54617369635828e-06
0228-1PKF4,congruent,67,9.230606223189811e-07,-1.6825871911883393e-06
0228-1PKF4,congruent,68,-3.87246397124475e-06,7.070434969146016e-07
0228-1PKF4,congruent,69,-1.2725607833792337e-07,1.4220618777306716e-06
0228-1PKF4,congruent,70,1.4363081175705123e-06,-5.094105589239335e-06
0228-1PKF4,congruent,71,-4.9806483062726395e-06,-4.698696321524715e-06
0228-1PKF4,congruent,72,6.558353084915093e-07,-1.8768335511516395e-06
0228-1PKF4,congruent,73,3.869466020665971e-06,6.16459328309026e-08
0228-1PKF4,congruent,74,3.0438237703483034e-06,3.2653953331047157e-06
0228-1PKF4,congruent,75,-8.417807397905181e-08,3.133668473470599e-06
0228-1PKF4,congruent,76,-8.542500156382877e-06,-8.226699040793055e-06
0228-1PKF4,congruent,77,8.54933639066119e-07,-1.3931663695708893e-06
0228-1PKF4,congruent,78,3.984802754646782e-06,-5.977573654949281e-07
0228-1PKF4,congruent,79,3.3299357126768615e-06,2.3732943323600305e-06
0228-1PKF4,congruent,80,6.639158517958703e-07,-2.434669147385341e-08
0228-1PKF4,congruent,81,2.832431369334629e-06,3.3804750064466462e-06
0228-1PKF4,congruent,82,-1.4636195187177541e-09,-5.602574358160636e-06
0228-1PKF4,congruent,83,-1.028020642340044e-06,-9.432088208093379e-07
0228-1PKF4,congruent,84,1.0512791809498548e-06,-1.3825207310117933e-06
0228-1PKF4,congruent,85,4.960938050767808e-07,1.503247728277181e-07
0228-1PKF4,congruent,86,6.857909123666455e-06,5.9289239774671244e-06
0228-1PKF4,congruent,87,3.0292142418893207e-06,4.3264451483343684e-06
0228-1PKF4,congruent,88,-5.056410272864522e-07,3.354088678205926e-08
0228-1PKF4,congruent,89,3.987919847807981e-06,-3.3870207862874774e-08
0228-1PKF4,congruent,90,5.041406262550813e-06,1.226100872121949e-06
0228-1PKF4,congruent,91,6.070720117611852e-06,1.402233359440581e-06
0228-1PKF4,congruent,92,-2.1598723280392514e-06,2.03849834766979e-07
0228-1PKF4,congruent,93,1.290644273356998e-06,-1.3438448455335608e-06
0228-1PKF4,congruent,94,6.4526616589456484e-06,1.8399739023556646e-06
0228-1PKF4,congruent,95,-2.136556524896601e-06,9.353329893236959e-07
0228-1PKF4,congruent,96,1.3885602431221708e-06,-4.963504787728897e-07
0228-1PKF4,congruent,97,1.7094098769223593e-07,1.6507821912888779e-06
0228-1PKF4,congruent,98,4.000649575626935e-08,1.2805327616659718e-07
0228-1PKF4,congruent,99,-1.5116390091260809e-06,2.0588780604525264e-06
0228-1PKF4,congruent,100,9.794943055478475e-07,-1.7319066979822816e-06
0228-1PKF4,congruent,101,-3.2230682823572396e-06,-3.3957728135198746e-06
0228-1PKF4,congruent,102,4.732625761334086e-06,3.636449638992079e-06
0228-1PKF4,congruent,103,-5.343887835019743e-07,2.060102371313423e-06
0228-1PKF4,congruent,104,7.37240768680302e-06,4.491052457276509e-06
0228-1PKF4,congruent,105,-2.4201515345418604e-06,-3.551052968643807e-06
0228-1PKF4,congruent,106,1.6807201840844848e-06,-1.0297631379609357e-06
0228-1PKF4,congruent,107,2.0313405497038238e-06,1.4346376139521675e-06
0228-1PKF4,congruent,108,4.104335865535066e-06,1.1156535568988665e-06
0228-1PKF4,congruent,109,-1.6809247795073396e-06,-1.3650528182101512e-07
0228-1PKF4,congruent,110,-8.811303946853497e-07,-9.896408327268063e-07
0228-1PKF4,congruent,111,-1.1235955547395257e-06,2.0996079740852125e-06
0228-1PKF4,congruent,112,1.2076499180595654e-07,1.4273649673946284e-06
0228-1PKF4,congruent,113,2.0529644613474853e-06,-6.37245618193165e-06
0228-1PKF4,congruent,114,5.683195119184146e-06,-1.7360652624076888e-06
0228-1PKF4,congruent,115,3.212369156177709e-06,1.252899198434241e-06
0228-1PKF4,congruent,116,3.092677701275786e-06,2.84378654050697e-06
0228-1PKF4,congruent,117,1.0249291827615054e-07,-3.853156568351525e-06
0228-1PKF4,congruent,118,2.3259702021639093e-06,2.1174806273053183e-06
0228-1PKF4,congruent,119,-1.9068679788510112e-06,-2.5502171568542888e-06
0228-1PKF4,congruent,120,-3.7612321222936417e-06,-3.333193868925885e-06
0228-1PKF4,congruent,121,4.306585739107798e-06,2.7632671791038656e-06
0228-1PKF4,congruent,122,3.6113224338996623e-07,-2.472814817122672e-06
0228-1PKF4,congruent,123,5.488379434373015e-08,-2.0343261761767356e-07
0228-1PKF4,congruent,124,1.5309650287118054e-06,2.7518257250914606e-06
0228-1PKF4,congruent,125,3.012047960002523e-06,-2.6989360755114856e-07
0228-1PKF4,congruent,126,-6.327748932934998e-06,-2.6140474543302402e-06
0228-1PKF4,congruent,127,-3.9912224741461284e-06,-4.141193186693062e-06
0228-1PKF4,congruent,128,3.323421015786071e-06,7.154778574657477e-07
0228-1PKF4,congruent,129,3.2973641520190137e-06,2.7292783359806453e-06
0228-1PKF4,congruent,130,7.868866240252309e-06,3.4622747511282025e-06
0228-1PKF4,congruent,131,-1.6173277292327804e-06,2.2346587366796645e-06
0228-1PKF4,congruent,132,-1.5672354283569674e-07,-1.387446367726623e-06
0228-1PKF4,congruent,133,5.761727583604295e-06,4.449299006158793e-06
0228-1PKF4,congruent,134,3.7721802784003407e-06,-4.1351846931363144e-07
0228-1PKF4,congruent,135,-1.0218198950655059e-06,1.7813417398679215e-06
0228-1PKF4,congruent,136,3.11329806683514e-07,-1.9108985383158397e-06
0228-1PKF4,congruent,137,2.4606137118258914e-07,1.5117581138950062e-06
0228-1PKF4,congruent,138,-3.305978683098832e-06,-1.5480482338191753e-08
0228-1PKF4,congruent,139,-7.9890357592237e-06,-4.48432971760935e-06
0228-1PKF4,congruent,140,-3.443281675040852e-07,9.078353322002376e-07
0228-1PKF4,congruent,141,-6.2014760623386425e-06,3.1939293184376796e-06
0228-1PKF4,congruent,142,-5.349017009050207e-06,-5.037837225657123e-06
0228-1PKF4,congruent,143,-1.688565685839563e-05,-1.8780316177257264e-05
0228-1PKF4,congruent,144,-4.478754081699257e-06,-3.2497814095327863e-06
0228-1PKF4,congruent,145,6.885722573551468e-06,1.7852612932984535e-06
0228-1PKF4,congruent,146,1.3253210678635659e-06,-1.0711471514048363e-06
0228-1PKF4,congruent,147,1.9535706654834445e-06,1.601671390643156e-06
0228-1PKF4,congruent,148,4.597810391407268e-06,1.3721960995095433e-07
0228-1PKF4,congruent,149,3.080101791492857e-06,6.6162607137666976e-06
0228-1PKF4,congruent,150,3.693773220014954e-06,2.2958780688798444e-06
0228-1PKF4,congruent,151,5.111327715125935e-07,-1.5431650670478012e-06
0228-1PKF4,congruent,152,5.2986100606859544e-06,2.0874078323884833e-06
0228-1PKF4,congruent,153,2.438610459140555e-06,1.1249048445976692e-06
0228-1PKF4,congruent,154,-5.8379952710820844e-06,-4.7355581449287404e-07
0228-1PKF4,congruent,155,-3.655391781545524e-06,-5.1015903397062436e-06
0228-1PKF4,congruent,156,1.7503511838221914e-06,3.577878962973237e-06
0228-1PKF4,congruent,157,2.92658997818513e-06,3.420734740855984e-06
0228-1PKF4,congruent,158,-2.2864457484062067e-06,8.691542993547016e-08
0228-1PKF4,congruent,159,3.8944890553224796e-07,5.568678162915035e-06
0228-1PKF4,congruent,160,-1.1618027659097013e-06,-5.352159367606625e-08
0228-1PKF4,congruent,161,-3.695421157676774e-06,-1.2551404857468718e-06
0228-1PKF4,congruent,162,-1.2553559354581284e-06,-1.561539300297118e-06
0228-1PKF4,congruent,163,1.1450460243602295e-06,8.093818880313886e-07
0228-1PKF4,congruent,164,-5.401716376954163e-07,-4.854462027876608e-06
0228-1PKF4,congruent,165,-2.882998265512276e-06,3.6696396067879633e-06
0228-1PKF4,congruent,166,7.183847436648241e-07,8.571135073705614e-07
0228-1PKF4,congruent,167,-2.2407755783803098e-07,-1.6043906152420992e-06
0228-1PKF4,congruent,168,-2.7230867492287878e-06,-5.2125034952492625e-06
0228-1PKF4,congruent,169,3.2957099325488897e-06,1.4777963708255884e-06
0228-1PKF4,congruent,170,-1.1104616256470076e-06,-4.1847968286387044e-06
0228-1PKF4,congruent,171,2.1321062376500723e-06,-1.185300172043088e-07
0228-1PKF4,congruent,172,2.0692893810497638e-06,4.53826926732347e-06
0228-1PKF4,congruent,173,-2.957382187162344e-06,-4.493380579228791e-06
0228-1PKF4,congruent,174,4.652774102934568e-06,2.4981608696851517e-06
0228-1PKF4,congruent,175,-4.627147218723902e-06,-7.138921348841808e-06
0228-1PKF4,congruent,176,2.4234574524239163e-06,4.287107333527919e-06
0228-1PKF4,congruent,177,-4.837250237264183e-06,-8.141831455342378e-06
0228-1PKF4,congruent,178,3.924674648815813e-06,4.339894153954113e-06
0228-1PKF4,congruent,179,-3.481947867566939e-06,-5.301430574635748e-06
0228-1PKF4,congruent,180,5.940012491250655e-06,4.947882907602978e-06
0228-1PKF4,congruent,181,-2.9515269290855594e-06,-3.4966014054894864e-06
0228-1PKF4,congruent,182,-2.2197579605668275e-06,-3.5567315699567502e-06
0228-1PKF4,congruent,183,1.4698390812236687e-06,-4.192764927688246e-06
0228-1PKF4,congruent,184,9.23901195969822e-06,9.528978190214502e-06
0228-1PKF4,congruent,185,-4.849629422103623e-06,-3.869535846811249e-06
0228-1PKF4,congruent,186,2.128303270329921e-06,8.530376308684272e-08
0228-1PKF4,congruent,187,3.551010943513575e-06,3.4968261569215466e-06
0228-1PKF4,congruent,188,6.695381449591637e-08,-1.7783530523383453e-06
0228-1PKF4,congruent,189,-1.46595248794022e-06,6.567571966774185e-06
0228-1PKF4,congruent,190,-3.52596849911918e-06,-3.957454061974075e-06
0228-1PKF4,congruent,191,-7.465381586949264e-07,-3.1735784270759714e-06
0228-1PKF4,congruent,192,3.1715315128089444e-06,3.6383582777951813e-07
0228-1PKF4,congruent,193,-9.60610443632732e-07,3.912032530760048e-06
0228-1PKF4,congruent,194,-2.335983222212141e-06,-1.2891810144053504e-06
0228-1PKF4,congruent,195,-3.770884094859713e-06,-9.226164452173674e-07
0228-1PKF4,congruent,196,1.9630481936779723e-06,3.3165492692868895e-06
0228-1PKF4,congruent,197,-1.0592327021051602e-05,-7.4787888469115725e-06
0228-1PKF4,congruent,198,2.714000199785181e-06,2.1012076260096374e-06
0228-1PKF4,congruent,199,-3.2861097978999975e-06,5.656476839063944e-07
0228-1PKF4,congruent,200,2.6507002841445674e-06,-2.5408797875428174e-06
0228-1PKF4,congruent,201,8.105312276392083e-06,6.725277329929011e-06
0228-1PKF4,congruent,202,1.3673844800751789e-06,3.98037770144063e-06
0228-1PKF4,congruent,203,-5.412769400698833e-07,-1.2262317368333067e-06
0228-1PKF4,congruent,204,-2.9432697336782346e-06,-1.8060265731292787e-06
0228-1PKF4,incongruent,0,-1.0288744891263514e-06,1.0944188206388375e-06
0228-1PKF4,incongruent,1,4.866333112378734e-06,2.9323277052248575e-06
0228-1PKF4,incongruent,2,-3.7146949618629004e-06,-4.029377387586356e-06
0228-1PKF4,incongruent,3,1.911689327638135e-06,-3.489390839832252e-06
0228-1PKF4,incongruent,4,-3.1438888533690038e-06,-4.633236153781153e-06
0228-1PKF4,incongruent,5,-2.2283938809327306e-06,1.0735366042210269e-06
0228-1PKF4,incongruent,6,1.1366055555655085e-07,9.585558809529837e-07
0228-1PKF4,incongruent,7,-2.050611344392125e-06,-1.6051919814659424e-06
0228-1PKF4,incongruent,8,3.20889034985039e-06,3.2692082667535985e-07
0228-1PKF4,incongruent,9,2.9149233197154856e-06,2.957878152345923e-08
0228-1PKF4,incongruent,10,-1.962925691007009e-06,8.29043423410575e-08
0228-1PKF4,incongruent,11,-3.0996294638748772e-06,-2.386144492492868e-06
0228-1PKF4,incongruent,12,-3.7726361064594154e-06,-6.926394749196604e-08
0228-1PKF4,incongruent,13,-1.852943569912249e-06,-2.907890055024986e-06
0228-1PKF4,incongruent,14,-5.778314132472545e-06,-1.8902882355189001e-06
0228-1PKF4,incongruent,15,3.565720770842159e-06,1.2557943451443368e-06
0228-1PKF4,incongruent,16,-4.1488049161892e-06,-2.961848765222551e-06
0228-1PKF4,incongruent,17,4.051219794333393e-06,-2.6948556386449227e-07
0228-1PKF4,incongruent,18,3.251531542209374e-06,3.939655382481546e-06
0228-1PKF4,incongruent,19,-3.866017093435169e-06,-2.210599809594917e-06
0228-1PKF4,incongruent,20,3.0615140634953763e-06,1.889936799469395e-07
0228-1PKF4,incongruent,21,1.0194714026503313e-06,-8.167571950122769e-08
0228-1PKF4,incongruent,22,3.0800455370998348e-06,1.0159683607665526e-06
0228-1PKF4,incongruent,23,4.808429899836954e-06,2.9242362516062035e-06
0228-1PKF4,incongruent,24,-1.2223892841997648e-07,-1.2082177367910963e-05
0228-1PKF4,incongruent,25,2.3565918264518923e-06,-7.486528135186752e-07
0228-1PKF4,incongruent,26,5.308665826120061e-06,2.5475759485859087e-06
0228-1PKF4,incongruent,27,5.295104300302251e-07,8.691538392626516e-07
0228-1PKF4,incongruent,28,-5.453232024331037e-06,-8.870342788092521e-07
0228-1PKF4,incongruent,29,-9.302165254065476e-07,9.067378821588607e-07
0228-1PKF4,incongruent,30,-4.304183986735058e-08,9.340776168745358e-07
0228-1PKF4,incongruent,31,-2.1200400148107936e-06,-7.968570891481402e-07
0228-1PKF4,incongruent,32,-5.10593359904902e-06,-2.791193750040881e-06
0228-1PKF4,incongruent,33,-2.63922588141542e-06,-4.267492583545357e-06
0228-1PKF4,incongruent,34,3.437420830302034e-06,5.058412128620926e-06
0228-1PKF4,incongruent,35,-3.870429553678573e-06,2.1027001065046313e-06
0228-1PKF4,incongruent,36,1.9027779413396997e-06,3.035410331563229e-07
0228-1PKF4,incongruent,37,1.1474167512477585e-07,1.3119051620848706e-06
0228-1PKF4,incongruent,38,4.310531317899541e-06,1.9031991371489135e-06
0228-1PKF4,incongruent,39,5.596135035040459e-06,1.5742207671120554e-05
0228-1PKF4,incongruent,40,1.2312928648076594e-06,5.371720019167299e-06
0228-1PKF4,incongruent,41,-4.43112657915878e-06,-1.9010344086540018e-05
0228-1PKF4,incongruent,42,1.8923488827528655e-06,-2.74700521093436e-06
0228-1PKF4,incongruent,43,-1.332997021158936e-06,-1.1051794394673128e-06
0228-1PKF4,incongruent,44,4.1242758260024325e-06,3.333741130045011e-06
0228-1PKF4,incongruent,45,-4.00198556758984e-06,-5.7336683829820616e-06
0228-1PKF4,incongruent,46,-1.653270189982361e-06,1.1076683143990654e-06
0228-1PKF4,incongruent,47,6.636051445025399e-07,3.139228286147637e-06
0228-1PKF4,incongruent,48,-8.10551514262136e-07,-3.715170198126765e-06
0228-1PKF4,incongruent,49,4.29585852349314e-07,4.774911766865274e-06
0228-1PKF4,incongruent,50,1.4124883749938744e-06,1.7523650486062575e-06
0228-1PKF4,incongruent,51,1.3821711023551136e-06,-2.5533879595037983e-06
0228-1PKF4,incongruent,52,-1.4568190944225132e-06,-2.5237059171263386e-06
0228-1PKF4,incongruent,53,4.27635137441959e-06,2.491419040028663e-06
0228-1PKF4,incongruent,54,1.555499832723368e-06,2.616360110661778e-06
0228-1PKF4,incongruent,55,-1.8280635262060927e-07,1.7532295549012973e-06
0228-1PKF4,incongruent,56,-2.663883147815594e-06,1.0087799357795682e-06
0228-1PKF4,incongruent,57,-7.304231721954013e-07,-3.5048129725212745e-07
0228-1PKF4,incongruent,58,2.356849554944612e-07,-1.8037869555164957e-06
0228-1PKF4,incongruent,59,-3.0247739951432786e-07,2.759920800647731e-06
0228-1PKF4,incongruent,60,-1.4912098133224892e-07,1.0328336211895653e-06
0228-1PKF4,incongruent,61,2.428485266256059e-07,2.2719655265250377e-06
0228-1PKF4,incongruent,62,-2.12877223327014e-06,1.4319545164907867e-06
0228-1PKF4,incongruent,63,-3.0141865410607967e-06,-1.4476373592925531e-06
0228-1PKF4,incongruent,64,3.677471884340109e-06,1.3003357566438826e-06
0228-1PKF4,incongruent,65,8.46638201672428e-07,-1.8172676009072339e-06
0228-1PKF4,incongruent,66,2.398313202707155e-06,-5.953686537917834e-06
0228-1PKF4,incongruent,67,-9.518654976507838e-07,-1.2459361495643373e-06
0228-1PKF4,incongruent,68,2.0709715493789466e-06,-6.138087054766918e-07
0228-1PKF4,incongruent,69,6.823878982136776e-06,5.461667745836062e-06
0228-1PKF4,incongruent,70,-1.3863980221043958e-06,1.1641254707260623e-06
0128-HBQT4,congruent,0,3.911946145631251e-06,5.9068326158876645e-06
0128-HBQT4,congruent,1,3.149022997030442e-06,-7.324555272383688e-07
0128-HBQT4,congruent,2,1.9061255578246852e-06,1.914962149340096e-06
0128-HBQT4,congruent,3,5.323694745343173e-06,4.547270204033415e-07
0128-HBQT4,congruent,4,6.354901204235031e-06,4.9887653928080265e-06
0128-HBQT4,congruent,5,-5.2029752787294185e-06,-3.8379706002149605e-06
0128-HBQT4,congruent,6,3.971881267884328e-06,1.201523079923474e-06
0128-HBQT4,congruent,7,5.875883459813614e-06,5.212813469778094e-06
0128-HBQT4,congruent,8,-3.1570494036124873e-07,-3.223448215618756e-06
0128-HBQT4,congruent,9,6.025708521275045e-06,3.6296702606949613e-07
0128-HBQT4,congruent,10,3.405894210242058e-06,1.6705615233196976e-06
0128-HBQT4,congruent,11,-8.922487118026655e-07,-1.128437723418327e-06
0128-HBQT4,congruent,12,9.44148423196081e-06,4.067562813038384e-06
0128-HBQT4,congruent,13,9.842435188925157e-06,5.32003423557527e-06
0128-HBQT4,congruent,14,4.37881414920548e-08,-1.737909649340295e-06
0128-HBQT4,congruent,15,1.3458425948537624e-07,-8.195505125285506e-07
0128-HBQT4,congruent,16,1.851474343635225e-07,-4.463886983606131e-06
0128-HBQT4,congruent,17,1.0883289771266638e-06,-2.0806426432333676e-06
0128-HBQT4,congruent,18,3.7624241255936654e-06,1.3669067841964486e-06
0128-HBQT4,congruent,19,3.0161497163059226e-06,-1.7560343186010895e-06
0128-HBQT4,congruent,20,-1.421504949395847e-06,5.244779217944861e-07
0128-HBQT4,congruent,21,-2.0342018893209335e-06,-4.1975765510749215e-07
0128-HBQT4,congruent,22,4.69221818817853e-06,-7.688459195717552e-07
0128-HBQT4,congruent,23,9.044359666130317e-06,4.01352057776116e-06
0128-HBQT4,congruent,24,3.897045117828227e-06,5.909404878475299e-07
0128-HBQT4,congruent,25,-1.4459898898803733e-06,-4.940266815159402e-06
0128-HBQT4,congruent,26,2.5570204655779245e-06,-3.4130873738532953e-06
0128-HBQT4,congruent,27,3.1037530805223617e-06,8.830004259318802e-07
0128-HBQT4,congruent,28,7.547296698773813e-06,2.2388574422508906e-06
0128-HBQT4,congruent,29,2.041170377255633e-06,-4.0032037542889525e-07
0128-HBQT4,congruent,30,3.140612981553593e-06,-3.8889508160452805e-06
0128-HBQT4,congruent,31,3.5489715285233608e-06,3.915682042645486e-06
0128-HBQT4,congruent,32,5.799276588669925e-07,-2.4146167519009987e-06
0128-HBQT4,congruent,33,8.955881857776081e-06,6.800287352953906e-06
0128-HBQT4,congruent,34,6.413052580901394e-06,6.280797463791584e-06
0128-HBQT4,congruent,35,6.145723189487341e-06,8.3009538247877e-07
0128-HBQT4,congruent,36,-1.8110488037293386e-07,-4.362995345078646e-06
0128-HBQT4,congruent,37,1.0448531273863335e-06,-2.006822295990808e-06
0128-HBQT4,congruent,38,5.071416297579143e-06,4.907291640890664e-06
0128-HBQT4,congruent,39,5.156982275220425e-06,-3.9618975036159185e-07
0128-HBQT4,congruent,40,4.013382040284473e-06,3.893588322870754e-06
0128-HBQT4,congruent,41,-3.963062424792139e-06,-8.129912368019817e-07
0128-HBQT4,congruent,42,8.456860952946861e-06,3.967328367553914e-06
0128-HBQT4,congruent,43,-2.1278918881927426e-06,-5.093629747598251e-07
0128-HBQT4,congruent,44,5.12074634800059e-06,1.7829672335057781e-06
0128-HBQT4,congruent,45,7.667610678877603e-06,4.768963066160293e-06
0128-HBQT4,congruent,46,2.983457959932841e-06,5.709060601294031e-07
0128-HBQT4,congruent,47,4.206186363585769e-06,-1.5651350413650327e-06
0128-HBQT4,congruent,48,-3.7904983808423784e-07,2.6478560070561306e-06
0128-HBQT4,congruent,49,-1.768277147765068e-06,-2.0739246323683862e-06
0128-HBQT4,congruent,50,1.1300455436566844e-05,6.011061939486373e-06
0128-HBQT4,congruent,51,3.6494708738053387e-06,-1.1382184276936732e-08
0128-HBQT4,congruent,52,3.287832558713409e-06,7.167915961737963e-06
0128-HBQT4,congruent,53,3.948103200453399e-06,-3.93250582034339e-06
0128-HBQT4,congruent,54,3.7543126087353413e-06,1.1572792249006035e-06
0128-HBQT4,congruent,55,3.903714853963293e-06,2.9851715433308486e-06
0128-HBQT4,congruent,56,1.5690259597601786e-06,-1.7896156409724721e-06
0128-HBQT4,congruent,57,2.0305093618250434e-06,-9.650233460654013e-08
0128-HBQT4,congruent,58,5.053829358895483e-06,4.324107294075392e-06
0128-HBQT4,congruent,59,3.29730609149499e-06,5.917451412749065e-07
0128-HBQT4,congruent,60,1.980101318392002e-06,3.6759592502203144e-06
0128-HBQT4,congruent,61,6.145660342223563e-06,6.800683662189593e-07
0128-HBQT4,congruent,62,9.456132125673871e-07,-1.2844048814056385e-06
0128-HBQT4,congruent,63,-2.8620724210635723e-06,-5.0931449701683426e-06
0128-HBQT4,congruent,64,4.363132683484806e-06,-1.2632427204774598e-06
0128-HBQT4,congruent,65,5.077034104537687e-06,6.833558185152447e-06
0128-HBQT4,congruent,66,8.694301295017981e-06,4.342206284208839e-06
0128-HBQT4,congruent,67,3.1120604473291896e-06,5.183928024357657e-06
0128-HBQT4,congruent,68,3.443938940791233e-06,-3.557170776759609e-07
0128-HBQT4,congruent,69,5.132337658620238e-06,1.9440789797446807e-06
0128-HBQT4,congruent,70,2.1246733466942835e-06,2.272260957908373e-06
0128-HBQT4,congruent,71,1.2260966908840329e-06,2.1689624911253294e-06
0128-HBQT4,congruent,72,3.405205877643346e-06,-7.065355486296426e-07
0128-HBQT4,congruent,73,3.745280640894629e-06,2.685365990163349e-06
0128-HBQT4,congruent,74,-2.080952254741928e-06,-3.2511636396837786e-06
0128-HBQT4,congruent,75,5.200607051015505e-06,-1.5238542674324854e-06
0128-HBQT4,congruent,76,4.8314651192909774e-06,2.503858282097135e-06
0128-HBQT4,congruent,77,2.4803600444952736e-06,2.2312818755146146e-06
0128-HBQT4,congruent,78,2.2272082540344845e-06,-4.995473174215652e-07
0128-HBQT4,congruent,79,3.85945871141383e-06,4.896683748782348e-06
0128-HBQT4,congruent,80,-6.786761052225897e-06,-3.70467511968327e-06
0128-HBQT4,congruent,81,1.5176916177253332e-06,-2.567654047419821e-06
0128-HBQT4,congruent,82,9.28889985811e-07,-5.676787316305447e-07
0128-HBQT4,congruent,83,4.33793027306112e-06,1.061054531542748e-06
0128-HBQT4,congruent,84,2.621728985111723e-06,1.5622170347527698e-06
0128-HBQT4,congruent,85,5.41794121265135e-06,3.3112901719554883e-06
0128-HBQT4,congruent,86,2.6683080617981298e-06,-8.313113827419404e-07
0128-HBQT4,congruent,87,5.3529718347482203e-08,6.435917068462971e-07
0128-HBQT4,congruent,88,-1.1310525435437477e-06,-2.769285447548223e-06
0128-HBQT4,congruent,89,-4.353255977575277e-06,-6.2999208576573545e-06
0128-HBQT4,congruent,90,-1.1726068393608842e-06,-2.671305735638474e-06
0128-HBQT4,congruent,91,-5.947623151301291e-07,2.5606674140807507e-06
0128-HBQT4,congruent,92,-7.288357787951046e-07,-1.976135389760996e-06
0128-HBQT4,congruent,93,-9.892560478780072e-07,-3.7736015649330444e-06
0128-HBQT4,congruent,94,2.9032951056030008e-06,-2.5101852676951165e-06
0128-HBQT4,congruent,95,1.059900218052439e-05,5.358119029880097e-06
0128-HBQT4,congruent,96,1.1766803501198524e-06,5.792617254259487e-07
0128-HBQT4,congruent,97,4.246233235757505e-06,2.8439752665213785e-06
0128-HBQT4,congruent,98,7.028096913793767e-06,5.38652038154926e-06
0128-HBQT4,congruent,99,2.6373810802056667e-06,-2.8171811077640574e-07
0128-HBQT4,congruent,100,1.086183030796938e-06,-1.018174747218367e-07
0128-HBQT4,congruent,101,1.9324856106121175e-06,-1.051649050295478e-06
0128-HBQT4,congruent,102,1.1322608770569786e-06,8.780357000827299e-07
0128-HBQT4,congruent,103,2.333592823785838e-06,-9.81800121553512e-07
0128-HBQT4,congruent,104,1.7675303578846693e-06,-1.8818505873061248e-06
0128-HBQT4,congruent,105,-4.345603260991575e-07,-1.9625825389687876e-06
0128-HBQT4,congruent,106,4.335174665345497e-06,5.9730730962917235e-06
0128-HBQT4,congruent,107,2.620300773117372e-06,-3.224093219009796e-07
0128-HBQT4,congruent,108,6.090405922172837e-07,2.2141078013934266e-07
0128-HBQT4,congruent,109,6.1850138142231385e-06,3.96016374336367e-06
0128-HBQT4,congruent,110,1.468844546803071e-06,2.094817712107983e-06
0128-HBQT4,congruent,111,1.1675518413274485e-06,-3.6068112424701794e-06
0128-HBQT4,congruent,112,6.731767311194461e-06,7.718208202861459e-06
0128-HBQT4,congruent,113,6.626482522741271e-06,1.0443014586528596e-06
0128-HBQT4,congruent,114,-1.6298900563338328e-06,-5.250807483538018e-06
0128-HBQT4,congruent,115,2.1805249955782904e-06,1.579077290542505e-06
0128-HBQT4,congruent,116,8.908457331121137e-07,-4.0415233506903255e-06
0128-HBQT4,congruent,117,1.858127604024353e-06,4.1569889605627475e-06
0128-HBQT4,congruent,118,-6.189023943093625e-06,-1.2939193546882601e-06
0128-HBQT4,congruent,119,3.5981919102133835e-06,2.947074212424703e-06
0128-HBQT4,congruent,120,-1.0615780302441552e-06,1.1030552315573506e-06
0128-HBQT4,congruent,121,1.3517873015472732e-07,1.2171451667856907e-06
0128-HBQT4,congruent,122,-7.758022874039655e-07,-5.377145341416061e-07
0128-HBQT4,congruent,123,2.0612042648574676e-06,-1.7294420411070726e-06
0128-HBQT4,congruent,124,7.143356551214973e-07,4.126017450010091e-07
0128-HBQT4,congruent,125,-8.931806227666471e-07,-2.43593823347326e-06
0128-HBQT4,congruent,126,8.897732934358825e-07,-2.108613456368826e-06
0128-HBQT4,congruent,127,6.142549086556529e-06,-8.492737239280259e-07
0128-HBQT4,congruent,128,4.093936567578803e-06,2.822967332880088e-06
0128-HBQT4,congruent,129,5.509332857216451e-07,-3.3522727037256733e-06
0128-HBQT4,congruent,130,4.388933379288501e-06,-1.382337133620432e-06
0128-HBQT4,congruent,131,5.86307213740293e-06,1.1261642490332828e-06
0128-HBQT4,congruent,132,1.1721662626819723e-05,8.961925792905409e-06
0128-HBQT4,congruent,133,-1.5294637592809882e-06,3.9015579982838716e-07
0128-HBQT4,congruent,134,5.8938478109155365e-06,2.0442217223415327e-06
0128-HBQT4,congruent,135,2.904241668717842e-06,-6.706877826066635e-07
0128-HBQT4,congruent,136,1.3581643270037202e-06,-3.922089931012594e-06
0128-HBQT4,congruent,137,6.173356170177416e-06,1.4273339829938484e-06
0128-HBQT4,congruent,138,4.958451606694703e-06,1.0324617142695453e-06
0128-HBQT4,congruent,139,3.317049283106766e-06,3.5667696245378704e-06
0128-HBQT4,congruent,140,-1.9554230859062297e-06,-4.496166088027056e-06
0128-HBQT4,congruent,141,5.030241955056251e-06,3.908582167529298e-06
0128-HBQT4,congruent,142,-1.2404161634807762e-06,4.7401154623773276e-07
0128-HBQT4,congruent,143,4.589176401339741e-06,2.221953610613628e-06
0128-HBQT4,congruent,144,4.086273308448262e-06,3.2593704464981974e-07
0128-HBQT4,congruent,145,3.6523197872094315e-06,2.6535911237896384e-06
0128-HBQT4,congruent,146,7.690548420076515e-06,7.812663675239329e-06
0128-HBQT4,congruent,147,-1.1779511134808104e-06,-2.3186909289384897e-06
0128-HBQT4,congruent,148,5.311291232146634e-07,1.5518289186826802e-06
0128-HBQT4,congruent,149,5.9823994704334645e-06,-9.386323874966336e-07
0128-HBQT4,congruent,150,2.0011731378806363e-06,-1.0235803156589737e-06
0128-HBQT4,congruent,151,2.2350588711251347e-06,4.528752013159057e-06
0128-HBQT4,congruent,152,-4.92271471999641e-06,-4.691782655964649e-06
0128-HBQT4,congruent,153,-1.6484935332605816e-06,-1.7353933710512842e-06
0128-HBQT4,congruent,154,1.3569887860601695e-06,-4.7050287904050464e-08
0128-HBQT4,congruent,155,-1.3027769666193409e-06,-3.826904019825718e-06
0128-HBQT4,congruent,156,4.924136839079387e-06,-2.898718426385166e-06
0128-HBQT4,congruent,157,5.727842941256891e-07,-1.830279234050256e-06
0128-HBQT4,congruent,158,1.5873268579964694e-06,-2.9422424586062543e-07
0128-HBQT4,congruent,159,-2.652275686736909e-06,-2.341509656181836e-07
0128-HBQT4,congruent,160,8.030651760803167e-07,8.567973127519132e-09
0128-HBQT4,congruent,161,4.33812970036325e-07,1.15012786423431e-06
0128-HBQT4,incongruent,0,4.3288887108188616e-06,8.566263312973979e-07
0128-HBQT4,incongruent,1,9.58909672012718e-09,-1.5818418472431572e-06
0128-HBQT4,incongruent,2,2.2889955601540552e-08,5.093632263952722e-07
0128-HBQT4,incongruent,3,2.0310906410106203e-06,-1.7027743999092194e-06
0128-HBQT4,incongruent,4,4.523689288721483e-06,2.3428485913700787e-07
0128-HBQT4,incongruent,5,5.4273869789676546e-06,2.377097113673128e-06
0128-HBQT4,incongruent,6,4.928088171452208e-06,3.138605891206444e-06
0128-HBQT4,incongruent,7,8.726732720366988e-06,5.183666738059349e-06
0128-HBQT4,incongruent,8,5.936013043635678e-06,2.5105212694949894e-07
0128-HBQT4,incongruent,9,1.4804287214154116e-06,1.3318841737553448e-06
0128-HBQT4,incongruent,10,8.178432450503872e-06,-1.8509890077495411e-06
0128-HBQT4,incongruent,11,6.5140544569532034e-06,4.352077289617073e-06
0128-HBQT4,incongruent,12,3.3170916125987697e-06,5.054386204662259e-07
0128-HBQT4,incongruent,13,2.5014133678401036e-06,1.5370313505569903e-06
0128-HBQT4,incongruent,14,5.064334678428339e-06,3.3358322448983335e-06
0128-HBQT4,incongruent,15,1.1480868272070213e-05,5.315220106806174e-06
0128-HBQT4,incongruent,16,2.6735180510075096e-06,3.2881882486687375e-08
0128-HBQT4,incongruent,17,7.020545953986643e-06,1.9544014239551483e-06
0128-HBQT4,incongruent,18,5.012265532563441e-06,4.29935920521167e-06
0128-HBQT4,incongruent,19,9.431114565880144e-06,5.640848825189393e-06
0128-HBQT4,incongruent,20,6.2590370451602884e-06,5.2236428737573045e-06
0128-HBQT4,incongruent,21,3.295063161035199e-06,-2.867466864359259e-06
0128-HBQT4,incongruent,22,-1.6040146440761284e-07,-1.5555261584042323e-06
0128-HBQT4,incongruent,23,1.1408056850090097e-05,9.912230522479878e-06
0128-HBQT4,incongruent,24,7.68068382050024e-06,4.363201007070309e-06
0128-HBQT4,incongruent,25,3.973628008298975e-06,6.844680262277735e-08
0128-HBQT4,incongruent,26,5.3862080632873054e-06,4.729046031468301e-06
0128-HBQT4,incongruent,27,3.6108846350931786e-06,2.1745168873871636e-06
0128-HBQT4,incongruent,28,2.716887565248683e-06,-5.729010065983997e-07
0128-HBQT4,incongruent,29,-6.722528825985504e-06,-1.1081986553566097e-05
0128-HBQT4,incongruent,30,2.064616823207161e-06,-9.370597308679213e-07
0128-HBQT4,incongruent,31,4.589131962764885e-06,2.053496897182445e-06
0128-HBQT4,incongruent,32,9.504555599507193e-07,5.154889241534251e-07
0128-HBQT4,incongruent,33,4.1320440240381995e-06,3.889746018763219e-07
0128-HBQT4,incongruent,34,7.102123571041482e-06,4.444967040683528e-06
0128-HBQT4,incongruent,35,3.5896165437935368e-06,2.7256850876991658e-06
0128-HBQT4,incongruent,36,1.9386023973116138e-06,5.235572593995977e-06
0128-HBQT4,incongruent,37,2.174342383061105e-06,4.5468777498504725e-07
0128-HBQT4,incongruent,38,1.9440235219129914e-07,6.501363695809529e-07
0128-HBQT4,incongruent,39,2.032049753183162e-06,-2.2169367310660904e-06
0128-HBQT4,incongruent,40,1.103732737252022e-05,4.343452805301741e-06
0128-HBQT4,incongruent,41,6.213722595620236e-06,3.0332751819690975e-06
0128-HBQT4,incongruent,42,1.6544576635675007e-06,-3.283290543398738e-06
0128-HBQT4,incongruent,43,9.484683356482436e-07,-2.294089280633891e-06
0128-HBQT4,incongruent,44,4.2080672568022505e-06,2.7184101695074986e-06
0128-HBQT4,incongruent,45,1.7205145086423949e-06,1.369206777922689e-06
0128-HBQT4,incongruent,46,4.038744997835184e-06,-4.043198266798833e-06
0128-HBQT4,incongruent,47,3.2637218933510125e-06,2.0833187781532996e-06
0128-HBQT4,incongruent,48,3.4790846646256568e-06,1.757709480484962e-06
0128-HBQT4,incongruent,49,2.463968026549007e-06,-9.192908616253111e-07
0128-HBQT4,incongruent,50,-6.648636098600248e-07,-1.6298384032451001e-06
0128-HBQT4,incongruent,51,4.3935199489567825e-06,1.3899348192230217e-06
0128-HBQT4,incongruent,52,2.1615688903065474e-06,2.9905572504998917e-06
0128-HBQT4,incongruent,53,8.369724356800092e-06,3.979155202246197e-06
0128-HBQT4,incongruent,54,2.092871416452317e-06,-2.590633256063342e-07
0128-HBQT4,incongruent,55,4.5754425239122406e-06,6.526824358350907e-07
0128-HBQT4,incongruent,56,1.3241706141168682e-06,-1.3856204801e-06
0128-HBQT4,incongruent,57,-7.11013890561112e-07,-8.731081549559025e-07
0128-HBQT4,incongruent,58,2.4872083034545685e-06,2.563809336544036e-06
0128-HBQT4,incongruent,59,5.298325501163442e-07,7.023427754533755e-08
0128-HBQT4,incongruent,60,7.46290323421493e-06,3.3838873768553295e-06
0128-HBQT4,incongruent,61,6.332830346445537e-06,5.235244271770665e-07
0128-HBQT4,incongruent,62,2.5443791728784337e-06,3.6750091502620107e-07
0227-R9VBU,congruent,0,2.4120816535392974e-06,2.830125395553708e-06
0227-R9VBU,congruent,1,1.1952061349834493e-06,-2.0959520555224823e-06
0227-R9VBU,congruent,2,2.0389462177859643e-06,3.6531537355850524e-06
0227-R9VBU,congruent,3,1.137629584062057e-05,2.405866362845312e-06
0227-R9VBU,congruent,4,2.4519483414394895e-06,7.514753347932225e-06
0227-R9VBU,congruent,5,-5.2707167614715664e-06,-2.5954995480948093e-06
0227-R9VBU,congruent,6,6.772935397930184e-07,3.824523663146276e-06
0227-R9VBU,congruent,7,4.93328837891866e-07,-2.613823675015228e-06
0227-R9VBU,congruent,8,2.8377057692644274e-07,-3.7959660570869396e-06
0227-R9VBU,congruent,9,3.4040713254498624e-06,-1.8356522838978084e-06
0227-R9VBU,congruent,10,8.612538251111367e-06,4.333902100426666e-06
0227-R9VBU,congruent,11,6.872858452501277e-06,4.808825957405884e-06
0227-R9VBU,congruent,12,3.623244325289655e-06,-7.188572653155739e-08
0227-R9VBU,congruent,13,3.4293709483964692e-06,1.2215550056899556e-06
0227-R9VBU,congruent,14,3.662987536906021e-06,4.373925186610174e-06
0227-R9VBU,congruent,15,3.130633761109581e-06,-5.088750950244505e-07
0227-R9VBU,congruent,16,5.943475820352618e-06,5.376369270659443e-06
0227-R9VBU,congruent,17,6.395492277121767e-06,9.135711469036688e-07
0227-R9VBU,congruent,18,6.417975471015916e-06,3.876839385698917e-06
0227-R9VBU,congruent,19,1.74795403647721e-06,8.713313266651353e-07
0227-R9VBU,congruent,20,-1.853964674495738e-06,-3.0714833981889547e-06
0227-R9VBU,congruent,21,-9.100560076145615e-07,-4.172320361348229e-06
0227-R9VBU,congruent,22,5.0958013071241405e-06,-2.6060754672383423e-06
0227-R9VBU,congruent,23,5.820128594956288e-06,1.0221917339187617e-06
0227-R9VBU,congruent,24,4.618058836298787e-06,-3.7292957440549274e-06
0227-R9VBU,congruent,25,3.1048986334949833e-06,-2.84294035308834e-07
0227-R9VBU,congruent,26,5.884529105843257e-06,2.521390194231924e-06
0227-R9VBU,congruent,27,2.423473948993848e-06,-3.900955104595075e-06
0227-R9VBU,congruent,28,6.575548510620974e-06,-1.2434398586327975e-06
0227-R9VBU,congruent,29,4.665787310722767e-06,7.651777657291567e-06
0227-R9VBU,congruent,30,8.91365625567236e-06,6.63964011432693e-06
0227-R9VBU,congruent,31,-9.049337426111476e-07,2.13403843901167e-06
0227-R9VBU,congruent,32,5.896930332186344e-06,-7.139947463426574e-07
0227-R9VBU,congruent,33,4.115610097200816e-06,1.2026967484921145e-07
0227-R9VBU,congruent,34,6.468336750989227e-06,9.851946268842208e-07
0227-R9VBU,congruent,35,2.070042969074152e-06,8.175104769021618e-06
0227-R9VBU,congruent,36,-2.306272361485202e-06,-4.625862038029816e-06
0227-R9VBU,congruent,37,7.996229976130092e-06,8.78180650118007e-07
0227-R9VBU,congruent,38,2.1243907989115457e-06,1.6454891487230982e-07
0227-R9VBU,congruent,39,-2.199656204157686e-06,-4.422496253636729e-06
0227-R9VBU,congruent,40,3.0533436882635074e-06,-2.3847523455764663e-06
0227-R9VBU,congruent,41,5.14792069853249e-06,-3.3378103502513207e-06
0227-R9VBU,congruent,42,4.160916437799603e-06,2.2260204429867576e-06
0227-R9VBU,congruent,43,-7.234782963855526e-06,-6.526963917108365e-06
0227-R9VBU,congruent,44,6.971425660576482e-06,-9.512224006366761e-08
0227-R9VBU,congruent,45,8.621739970568677e-07,2.5009469993184835e-06
0227-R9VBU,congruent,46,-2.8417829747467518e-06,5.547365399740969e-07
0227-R9VBU,congruent,47,5.298631647020406e-07,-3.7439856509405622e-06
0227-R9VBU,congruent,48,1.689440149062155e-06,3.13388513879656e-06
0227-R9VBU,congruent,49,3.4611206262599656e-07,1.6125634363797424e-06
0227-R9VBU,congruent,50,-1.3007737748893461e-06,-1.728466506951864e-06
0227-R9VBU,congruent,51,4.148512007944437e-06,9.781187153809032e-06
0227-R9VBU,congruent,52,2.209112128320107e-06,1.2317598994363172e-06
0227-R9VBU,congruent,53,3.1603049246843384e-06,2.9932560137239195e-06
0227-R9VBU,congruent,54,-7.914958691211576e-07,-7.017725918004546e-08
0227-R9VBU,congruent,55,5.348153186710636e-06,2.0772233015923673e-06
0227-R9VBU,congruent,56,-1.1627615990083755e-06,-1.9610549611395607e-06
0227-R9VBU,congruent,57,4.476450091430845e-06,1.7853033190406472e-06
0227-R9VBU,congruent,58,1.0245043390142691e-05,8.496955333447757e-06
0227-R9VBU,congruent,59,3.28072172971584e-06,2.7875582664824886e-07
0227-R9VBU,congruent,60,2.8287192821857285e-06,4.357560036824047e-06
0227-R9VBU,congruent,61,4.297012123906027e-06,-1.2242432520122657e-06
0227-R9VBU,congruent,62,6.753069778368956e-06,5.296515772329943e-06
0227-R9VBU,congruent,63,-2.9264115421136043e-06,2.4690850837899374e-06
0227-R9VBU,congruent,64,3.2071271544631286e-06,7.477693201692824e-07
0227-R9VBU,congruent,65,4.5332435294138365e-06,5.187691634275294e-06
0227-R9VBU,congruent,66,1.5887516611557118e-07,2.694398148325537e-06
0227-R9VBU,congruent,67,1.760283939100742e-06,5.941541248803692e-07
0227-R9VBU,congruent,68,-8.678632108990132e-07,-8.032728118635488e-07
0227-R9VBU,congruent,69,3.7255317663374994e-06,3.4803978305661043e-07
0227-R9VBU,congruent,70,-2.7947587079496363e-06,-2.4572030061304887e-07
0227-R9VBU,congruent,71,2.9064155302835015e-06,2.5689181621778575e-06
0227-R9VBU,congruent,72,4.405484714916058e-06,9.331833569991502e-06
0227-R9VBU,congruent,73,4.190841682944409e-06,2.909949181189966e-06
0227-R9VBU,congruent,74,6.628876060666979e-06,1.969129266386644e-06
0227-R9VBU,congruent,75,-2.9726182119908484e-06,-1.9186181797045507e-07
0227-R9VBU,congruent,76,5.258106699868119e-06,1.2696658352340836e-06
0227-R9VBU,congruent,77,5.767522284015415e-06,1.8851134436107886e-06
0227-R9VBU,congruent,78,-2.3108708535040357e-06,1.1863056506789168e-07
0227-R9VBU,congruent,79,4.732746848164609e-06,3.4373599963914597e-06
0227-R9VBU,congruent,80,2.0222153974089366e-06,-7.282944013504785e-07
0227-R9VBU,congruent,81,4.74037512265288e-06,-8.647081299603877e-08
0227-R9VBU,congruent,82,3.223327625113539e-07,-1.2885478030584604e-06
0227-R9VBU,congruent,83,1.0573483478175463e-07,-1.6431262309787178e-06
0227-R9VBU,congruent,84,2.6059308407004268e-06,3.5733893853779557e-06
0227-R9VBU,congruent,85,4.883866380584005e-07,1.4685743982901523e-06
0227-R9VBU,congruent,86,3.7338337611116793e-06,3.1609255928163587e-06
0227-R9VBU,congruent,87,-2.6371030096228216e-06,-5.397715606178681e-06
0227-R9VBU,congruent,88,5.732223596004107e-06,1.256013430978124e-06
0227-R9VBU,congruent,89,7.471764579146727e-06,6.926552729859581e-06
0227-R9VBU,congruent,90,3.0209126304424007e-06,6.467828486070309e-06
0227-R9VBU,congruent,91,-3.373576424572041e-06,-3.167444918389662e-06
0227-R9VBU,congruent,92,6.41568573655657e-06,7.616260774637117e-06
0227-R9VBU,congruent,93,7.683434285423054e-06,-2.0185531185461647e-06
0227-R9VBU,congruent,94,2.0492357939134085e-06,3.236211721990124e-06
0227-R9VBU,congruent,95,4.555267291305339e-07,-9.768637794632179e-07
0227-R9VBU,congruent,96,1.6187336285765381e-06,3.5870390208134924e-06
0227-R9VBU,congruent,97,1.830113405379321e-06,4.146765540794606e-06
0227-R9VBU,congruent,98,-3.5049847258044842e-06,-6.244525228181936e-06
0227-R9VBU,congruent,99,-3.011614900114429e-06,-6.751824465318173e-06
0227-R9VBU,congruent,100,9.539922604587005e-07,-6.335217716320199e-07
0227-R9VBU,congruent,101,-2.052541845973847e-07,3.0538089900420616e-06
0227-R9VBU,congruent,102,-4.4688360980931505e-06,-1.3918398095159294e-07
0227-R9VBU,congruent,103,-1.5302140734031488e-06,-2.7277913808988024e-06
0227-R9VBU,congruent,104,2.2940542272092873e-06,2.7949215454486355e-06
0227-R9VBU,congruent,105,1.4754973330301578e-06,-4.0021792686761376e-08
0227-R9VBU,congruent,106,3.5136879392889504e-06,-3.9282891339973897e-07
0227-R9VBU,congruent,107,-2.0902336457252625e-06,-8.202267521576763e-07
0227-R9VBU,congruent,108,1.2037273094265809e-07,8.355748549603754e-07
0227-R9VBU,congruent,109,2.5564905246999994e-06,-1.6972120317604744e-06
0227-R9VBU,congruent,110,4.957726552786221e-07,-5.863822544459976e-07
0227-R9VBU,congruent,111,3.8117648432382468e-06,3.150864538404586e-06
0227-R9VBU,congruent,112,4.617535932619247e-06,3.6424982451564814e-06
0227-R9VBU,congruent,113,-3.5127683225845803e-06,-2.1080742488732274e-06
0227-R9VBU,congruent,114,7.631684233171365e-07,1.5127040141617982e-06
0227-R9VBU,congruent,115,9.048846045569778e-07,-2.3218685020324394e-07
0227-R9VBU,congruent,116,2.8638861359528354e-06,2.0867944236268504e-06
0227-R9VBU,congruent,117,-2.173915913213419e-06,8.188933376187189e-07
0227-R9VBU,congruent,118,4.5818307352700994e-06,6.934350874322462e-06
0227-R9VBU,congruent,119,-1.2422283498001488e-06,-2.3371792949809013e-06
0227-R9VBU,congruent,120,3.599996712261042e-06,2.2438290084761725e-06
0227-R9VBU,congruent,121,2.0833852722383265e-06,3.1625412613903444e-06
0227-R9VBU,congruent,122,-2.505254976416189e-07,-4.002173389487845e-06
0227-R9VBU,congruent,123,2.538869585429619e-06,-1.1709311987323656e-06
0227-R9VBU,congruent,124,1.9187395247165113e-06,-1.8452428317554606e-07
0227-R9VBU,congruent,125,7.671047827381165e-06,6.135833269861357e-06
0227-R9VBU,congruent,126,6.006455310144936e-07,-3.1491333303725747e-06
0227-R9VBU,congruent,127,7.986391344725563e-06,5.45027240271708e-06
0227-R9VBU,congruent,128,6.217551188414918e-06,3.0871661593699666e-06
0227-R9VBU,congruent,129,-3.468916206686872e-06,1.3944740538636303e-06
0227-R9VBU,congruent,130,-3.3734573869059015e-06,-4.26706251447574e-06
0227-R9VBU,congruent,131,7.3455507141885124e-06,4.786399797626952e-06
0227-R9VBU,congruent,132,8.869853013120343e-06,6.031043436188508e-06
0227-R9VBU,congruent,133,-9.133429438873457e-08,-1.560286907392419e-06
0227-R9VBU,congruent,134,2.6022735882041146e-06,-4.52502136086321e-06
0227-R9VBU,congruent,135,5.022204042924447e-06,5.4703707513697185e-06
0227-R9VBU,congruent,136,-8.030181546636656e-08,-2.1893925016365295e-06
0227-R9VBU,congruent,137,1.0826450150836787e-05,2.345278910353038e-06
0227-R9VBU,congruent,138,8.348061346312603e-06,3.3346470229493007e-06
0227-R9VBU,congruent,139,2.1476090850755767e-06,-6.605034345338956e-07
0227-R9VBU,congruent,140,3.6477577291645555e-06,6.00028291521087e-06
0227-R9VBU,congruent,141,-5.423081453733439e-06,-3.896873729545564e-06
0227-R9VBU,congruent,142,2.122619353094054e-06,2.0222500302489255e-06
0227-R9VBU,congruent,143,3.6609773245800063e-06,-3.0785680706319683e-07
0227-R9VBU,congruent,144,2.395295119343224e-06,4.9603508240734084e-06
0227-R9VBU,congruent,145,2.1187513044857805e-06,3.4161282333935534e-08
0227-R9VBU,congruent,146,4.7430028507935065e-06,8.133699955808471e-06
0227-R9VBU,congruent,147,-1.1154321851218862e-05,-4.470551259459207e-06
0227-R9VBU,congruent,148,-1.2388154501394727e-06,8.441798718268223e-07
0227-R9VBU,congruent,149,1.710949637898265e-06,-2.1212172425727783e-06
0227-R9VBU,congruent,150,3.1375918616238167e-06,3.078765148258089e-06
0227-R9VBU,congruent,151,7.181997679391371e-06,5.669610853917586e-06
0227-R9VBU,congruent,152,1.4098824114989927e-06,1.7080947145389094e-06
0227-R9VBU,congruent,153,2.5060132055394615e-06,1.3481794053070046e-06
0227-R9VBU,congruent,154,-2.2478268228665693e-07,-1.6701513587173532e-07
0227-R9VBU,congruent,155,-1.689595335846213e-06,-2.913777650279027e-06
0227-R9VBU,congruent,156,3.371445237451631e-06,-2.418595844716291e-06
0227-R9VBU,congruent,157,-7.315915676488671e-07,-2.2389378863862674e-07
0227-R9VBU,congruent,158,5.16820321077777e-06,4.968918707666693e-06
0227-R9VBU,congruent,159,-5.049805989159574e-06,-6.264948512124133e-06
0227-R9VBU,congruent,160,1.6124966661515585e-06,8.068138012930722e-07
0227-R9VBU,congruent,161,-4.855006772837354e-06,-7.641349499085719e-06
0227-R9VBU,congruent,162,2.5038621575870456e-06,2.793353603556049e-07
0227-R9VBU,congruent,163,1.7309710603979683e-06,4.801008985773535e-07
0227-R9VBU,congruent,164,-1.0328449438528423e-06,3.9085198119202684e-07
0227-R9VBU,congruent,165,2.2365862586403017e-06,-4.004522068991459e-06
0227-R9VBU,congruent,166,4.369362349269891e-06,3.1403761562442813e-06
0227-R9VBU,congruent,167,-2.900899626721985e-06,-1.856221142598191e-06
0227-R9VBU,congruent,168,4.24352958453747e-07,-4.519323178196206e-06
0227-R9VBU,congruent,169,8.239446658624713e-07,1.1770802204072187e-06
0227-R9VBU,congruent,170,3.5805444161144753e-06,6.682463994640144e-06
0227-R9VBU,congruent,171,-5.9326908512575445e-06,5.625924962347161e-07
0227-R9VBU,congruent,172,4.988088464512708e-06,4.6696234919779215e-06
0227-R9VBU,congruent,173,-1.117023412880143e-06,-2.31200541313725e-06
0227-R9VBU,congruent,174,2.2377098339543102e-07,4.0546613847441125e-07
0227-R9VBU,congruent,175,5.618256191423527e-08,2.4596525837829375e-06
0227-R9VBU,congruent,176,-3.443689945397562e-06,-5.196939673924977e-06
0227-R9VBU,congruent,177,7.655576005452406e-06,5.477978720388459e-06
0227-R9VBU,congruent,178,1.1284455734185068e-06,-7.484441361637493e-07
0227-R9VBU,congruent,179,1.183580631189535e-06,2.178233281469765e-06
0227-R9VBU,congruent,180,-3.4598597079674914e-06,-1.3576731488282842e-06
0227-R9VBU,congruent,181,2.683978192340286e-06,4.998435341927347e-07
0227-R9VBU,congruent,182,-1.4196708486919229e-06,-8.431014509922271e-08
0227-R9VBU,congruent,183,-2.9207886197727104e-06,3.919935141037201e-07
0227-R9VBU,congruent,184,7.055979360524123e-06,4.571037698721909e-06
0227-R9VBU,congruent,185,-2.961526984739443e-06,-6.534274351798453e-06
0227-R9VBU,congruent,186,4.248677588679596e-06,2.223319396649946e-06
0227-R9VBU,congruent,187,2.496049792010905e-06,-2.3493724815097934e-07
0227-R9VBU,congruent,188,5.318487877240547e-07,-1.473566173324705e-06
0227-R9VBU,congruent,189,4.825202491114882e-06,6.501451103240647e-06
0227-R9VBU,congruent,190,-2.9227740479820985e-06,-5.045105394267892e-06
0227-R9VBU,congruent,191,1.3228017445755464e-06,5.074058669923677e-06
0227-R9VBU,congruent,192,-1.964291520681889e-06,-2.1779083933541792e-07
0227-R9VBU,congruent,193,-2.50604747591944e-06,-4.434674863918589e-06
0227-R9VBU,congruent,194,2.1556321379022944e-06,-1.228845448718038e-06
0227-R9VBU,congruent,195,3.127175081761093e-06,-9.610033244828278e-07
0227-R9VBU,congruent,196,-4.966609097026663e-07,-9.228952133801032e-07
0227-R9VBU,congruent,197,2.3213146089015316e-06,3.4298499050811308e-06
0227-R9VBU,congruent,198,-1.5764063070357793e-06,-5.889000042582209e-06
0227-R9VBU,congruent,199,3.2621126185765553e-06,1.749350682486114e-06
0227-R9VBU,congruent,200,2.2450345835873626e-06,-2.071695228015031e-06
0227-R9VBU,congruent,201,-3.57393607177314e-06,-5.35839750768904e-06
0227-R9VBU,congruent,202,4.9519188340348295e-06,1.701808441770861e-06
0227-R9VBU,congruent,203,2.7695828595730905e-06,-9.923201065586685e-07
0227-R9VBU,congruent,204,2.852245877768262e-06,5.475867491873833e-06
0227-R9VBU,congruent,205,-2.20990685544116e-06,-6.592410113833398e-06
0227-R9VBU,congruent,206,2.4984153456077573e-06,-1.594194968846098e-06
0227-R9VBU,congruent,207,3.355138816398368e-06,2.1350351096916914e-06
0227-R9VBU,congruent,208,-5.8980784387889174e-06,-7.986525935058258e-06
0227-R9VBU,congruent,209,-9.181134597708813e-07,-2.0008726028214184e-06
0227-R9VBU,congruent,210,-5.516391595578772e-06,-7.721964337635523e-08
0227-R9VBU,congruent,211,-1.5358356996153057e-06,-5.244275205729677e-06
0227-R9VBU,congruent,212,1.914013588209402e-06,9.32432816297206e-07
0227-R9VBU,congruent,213,-5.1817478648489505e-06,1.1950752632788195e-06
0227-R9VBU,congruent,214,1.4640072654397243e-06,-4.9171328829638315e-06
0227-R9VBU,congruent,215,-4.012866879192374e-08,5.045112464197774e-07
0227-R9VBU,incongruent,0,4.579107029388361e-06,1.419953981674659e-06
0227-R9VBU,incongruent,1,-2.630519019429952e-07,-2.3840911422081774e-06
0227-R9VBU,incongruent,2,-4.206283165960585e-06,3.1408985019945256e-08
0227-R9VBU,incongruent,3,6.765605846255869e-06,3.7071801882283664e-06
0227-R9VBU,incongruent,4,-1.379066884017364e-06,-4.614828710703731e-07
0227-R9VBU,incongruent,5,4.756418549238052e-06,1.0254244751649268e-05
0227-R9VBU,incongruent,6,3.995347039987749e-06,2.5520791821320187e-06
0227-R9VBU,incongruent,7,-2.2843919806302834e-06,-1.8553508062872336e-06
0227-R9VBU,incongruent,8,9.058309299402363e-06,2.4635501725592964e-06
0227-R9VBU,incongruent,9,8.467391804027323e-06,5.312805065329953e-06
0227-R9VBU,incongruent,10,-9.517901235142494e-07,3.6300691786334294e-07
0227-R9VBU,incongruent,11,2.1502491112332702e-07,-9.730217018439604e-07
0227-R9VBU,incongruent,12,7.073344082005919e-07,2.6566690854372036e-06
0227-R9VBU,incongruent,13,1.4979774816900702e-06,-1.642494895564344e-06
0227-R9VBU,incongruent,14,2.968323334946446e-06,-5.113785037956414e-06
0227-R9VBU,incongruent,15,2.373111969994871e-06,3.1570861902686656e-06
0227-R9VBU,incongruent,16,-1.749547839775166e-06,-1.1003047231182218e-06
0227-R9VBU,incongruent,17,3.3564800972332725e-06,2.4425377201026697e-06
0227-R9VBU,incongruent,18,7.565836718835979e-06,2.9028266592963127e-06
0227-R9VBU,incongruent,19,2.865505773545297e-06,4.933421549770866e-07
0227-R9VBU,incongruent,20,3.818004272864479e-06,1.6369777526807933e-06
0227-R9VBU,incongruent,21,5.721486134623555e-06,1.8839873284591347e-06
0227-R9VBU,incongruent,22,4.101600197171612e-06,3.5352467022122413e-06
0227-R9VBU,incongruent,23,5.362577965946072e-06,3.885846410158524e-06
0227-R9VBU,incongruent,24,2.018723924195731e-06,1.7794269139217984e-06
0227-R9VBU,incongruent,25,3.4409496736922813e-06,2.69086053281641e-06
0227-R9VBU,incongruent,26,4.77607974927942e-07,-1.6108719140438129e-06
0227-R9VBU,incongruent,27,4.392850291072083e-06,-2.711339842554855e-06
0227-R9VBU,incongruent,28,6.590429548082828e-06,5.744500438743385e-06
0227-R9VBU,incongruent,29,1.927423753882428e-06,3.3941963601113268e-06
0227-R9VBU,incongruent,30,4.17345216106093e-06,4.696158524692418e-06
0227-R9VBU,incongruent,31,-4.127886225963288e-06,-4.4527713902327415e-06
0227-R9VBU,incongruent,32,1.4360983593774256e-06,7.791532551622811e-06
0227-R9VBU,incongruent,33,3.439551821548618e-06,5.75332036187248e-06
0227-R9VBU,incongruent,34,-1.427782331235086e-07,1.5161396167325271e-06
0227-R9VBU,incongruent,35,7.353492601778051e-06,7.173569033928904e-06
0227-R9VBU,incongruent,36,-3.970744628503896e-06,-3.0381629567534735e-07
0227-R9VBU,incongruent,37,-4.984208969291657e-06,-2.7459008305442306e-06
0227-R9VBU,incongruent,38,8.6332503219692e-06,2.2011906137688066e-07
0227-R9VBU,incongruent,39,4.893638777076524e-06,5.636919258231027e-06
0227-R9VBU,incongruent,40,4.916996817318171e-06,7.041210012877778e-06
0227-R9VBU,incongruent,41,7.87897315542351e-07,-1.8523993131042085e-06
0227-R9VBU,incongruent,42,1.526252592125317e-06,1.8754767714992922e-06
0227-R9VBU,incongruent,43,3.94536959123892e-06,5.534375770157094e-06
0227-R9VBU,incongruent,44,-1.0566771729723045e-07,-1.2338690225742577e-06
0227-R9VBU,incongruent,45,-2.4127710693701525e-06,3.3477864534321335e-07
0227-R9VBU,incongruent,46,2.1909874817630645e-06,1.4272617075779344e-06
0227-R9VBU,incongruent,47,5.725194661717505e-06,1.9914617661831056e-06
0227-R9VBU,incongruent,48,1.4246993099196229e-06,-2.9265841683548795e-06
0227-R9VBU,incongruent,49,-1.345553717109938e-06,3.3425427128116876e-06
0227-R9VBU,incongruent,50,-2.9539901854063898e-06,4.328275813009671e-06
0227-R9VBU,incongruent,51,-8.329705861243372e-07,-6.623559708244166e-07
0227-R9VBU,incongruent,52,3.2386724243547322e-06,-3.776274161925656e-07
0227-R9VBU,incongruent,53,8.63911895797884e-07,-2.9568896665267513e-07
0227-R9VBU,incongruent,54,3.2329815748207983e-06,1.6561393507668083e-06
0227-R9VBU,incongruent,55,-2.0237455462279667e-06,1.9502193513246694e-06
0227-R9VBU,incongruent,56,1.0937601808780895e-05,4.406721962201099e-06
0227-R9VBU,incongruent,57,4.074154784028065e-06,-5.125911033115542e-07
0227-R9VBU,incongruent,58,3.014689939214998e-06,-2.505484626758222e-06
0227-R9VBU,incongruent,59,-5.410252333176373e-06,-9.002526387932384e-06
0227-R9VBU,incongruent,60,-5.06386729382278e-07,-6.395249990250517e-07
0227-R9VBU,incongruent,61,3.091088836635023e-07,1.1950610345781446e-06
0227-R9VBU,incongruent,62,1.7066048739977244e-06,-1.6498723956771175e-06
0227-R9VBU,incongruent,63,8.841212567066815e-06,4.9555569744436365e-06
0227-R9VBU,incongruent,64,-1.4097940624525054e-06,2.1898200389981553e-06
0227-R9VBU,incongruent,65,-7.103938476360071e-06,-9.615022741438836e-06
0227-R9VBU,incongruent,66,2.2808006038280687e-06,2.9070013272471593e-06
0227-R9VBU,incongruent,67,8.562899237497743e-06,2.721752560152109e-06
0227-R9VBU,incongruent,68,3.1935619756160886e-06,1.5074626405566148e-06
0227-R9VBU,incongruent,69,2.7312936040567475e-06,-1.5246429275348716e-06
0227-R9VBU,incongruent,70,5.543320779481559e-06,4.420306772364295e-06
0227-R9VBU,incongruent,71,2.118447874357921e-06,2.3838030702250883e-06
0227-R9VBU,incongruent,72,5.324471784684542e-06,1.370824045287502e-06
0227-R9VBU,incongruent,73,-1.725043676362299e-06,2.5764443960576365e-06
0226-YE8MQ,congruent,0,-1.0449700055170076e-05,-7.005343472644e-06
0226-YE8MQ,congruent,1,-1.4154036096235347e-06,-2.1284838841957756e-06
0226-YE8MQ,congruent,2,8.014258582514413e-07,4.275249570482696e-06
0226-YE8MQ,congruent,3,3.686066764959077e-05,4.1409065112266825e-05
0226-YE8MQ,congruent,4,-9.823499633829693e-06,-1.2400110440149523e-05
0226-YE8MQ,congruent,5,2.5445324203479817e-06,-3.6782115795748783e-06
0226-YE8MQ,congruent,6,1.0990475818488292e-05,2.182705922189726e-06
0226-YE8MQ,congruent,7,1.196139328382216e-05,4.5987078231531705e-06
0226-YE8MQ,congruent,8,8.464642286327842e-07,-3.185872898638821e-06
0226-YE8MQ,congruent,9,7.215668624131649e-06,6.635647217630491e-06
0226-YE8MQ,congruent,10,6.808545058222608e-06,-3.5638756832237025e-07
0226-YE8MQ,congruent,11,1.3619847828145935e-05,4.672601969065647e-07
0226-YE8MQ,congruent,12,4.927046453724668e-06,-8.066790213294653e-06
0226-YE8MQ,congruent,13,1.2612044704408463e-05,1.6589675748143446e-05
0226-YE8MQ,congruent,14,-1.7031052423450207e-06,-6.894073919310295e-06
0226-YE8MQ,congruent,15,1.1205450575442563e-05,4.453538859853065e-06
0226-YE8MQ,congruent,16,2.072437936526709e-06,5.59508517375659e-06
0226-YE8MQ,congruent,17,5.643681015480384e-06,2.2098788848204936e-06
0226-YE8MQ,congruent,18,3.953953804959725e-06,-3.37902302480739e-06
0226-YE8MQ,congruent,19,2.1492322763959543e-06,1.8407295005922927e-06
0226-YE8MQ,congruent,20,-4.738727041248693e-06,-4.420107088433803e-06
0226-YE8MQ,congruent,21,5.823631278799114e-06,1.2679336694985621e-06
0226-YE8MQ,congruent,22,7.2593990078474054e-06,-3.31355294002282e-06
0226-YE8MQ,congruent,23,2.4837644734764218e-06,-1.1263023120546159e-06
0226-YE8MQ,congruent,24,1.0034642960283174e-05,4.8501421806912226e-06
0226-YE8MQ,congruent,25,2.47178515476441e-06,-2.4577078355357313e-06
0226-YE8MQ,congruent,26,7.514790284639062e-06,-5.005086553679395e-07
0226-YE8MQ,congruent,27,7.0415999851161595e-06,4.897454253010075e-06
0226-YE8MQ,congruent,28,-3.287144276306047e-07,-3.1432055272380638e-06
0226-YE8MQ,congruent,29,1.8692658341526327e-05,2.744622222213147e-06
0226-YE8MQ,congruent,30,2.3213123535215633e-05,1.377728364620868e-05
0226-YE8MQ,congruent,31,1.7894832232107855e-05,2.7194932044949383e-05
0226-YE8MQ,congruent,32,5.523170312341287e-06,7.797043629198551e-06
0226-YE8MQ,congruent,33,-1.87704325739288e-05,-1.2270885224096212e-05
0226-YE8MQ,congruent,34,1.3042161961596688e-05,4.871627463628452e-06
0226-YE8MQ,congruent,35,4.598858813797607e-06,-1.6477709641446205e-06
0226-YE8MQ,congruent,36,6.290408027276791e-06,3.851436764878217e-06
0226-YE8MQ,congruent,37,-4.519156932523855e-06,-4.203112862809683e-06
0226-YE8MQ,congruent,38,9.963853384289508e-06,3.710301160585438e-06
0226-YE8MQ,congruent,39,-5.163581669948087e-07,5.896672550211645e-06
0226-YE8MQ,congruent,40,2.1768758992922967e-05,8.628910143509735e-06
0226-YE8MQ,congruent,41,9.788125694168493e-06,-8.15068857720083e-06
0226-YE8MQ,congruent,42,1.3346120840103168e-05,2.0943778739507453e-06
0226-YE8MQ,congruent,43,1.0779562022847588e-05,2.1589285081944617e-06
0226-YE8MQ,congruent,44,1.203976892972001e-05,5.922567635286837e-06
0226-YE8MQ,congruent,45,3.5097122033052714e-07,-6.26291629510403e-06
0226-YE8MQ,congruent,46,4.4943557700511345e-06,1.3700108759547666e-06
0226-YE8MQ,congruent,47,1.2679100514429577e-05,2.636912849541778e-06
0226-YE8MQ,congruent,48,3.525161781621182e-06,-5.668038503903224e-07
0226-YE8MQ,congruent,49,2.1505571293749576e-05,1.3822980511279433e-05
0226-YE8MQ,congruent,50,1.0323093864324561e-05,6.48171333412373e-06
0226-YE8MQ,congruent,51,2.7522272467902483e-06,-6.957614896422662e-06
0226-YE8MQ,congruent,52,7.031067974010417e-06,1.1709212080162982e-05
0226-YE8MQ,congruent,53,7.328454731960614e-06,5.0455667256596565e-06
0226-YE8MQ,congruent,54,1.0782406535286003e-06,-1.0365517138983992e-05
0226-YE8MQ,congruent,55,8.470575761990405e-06,7.481408462331232e-06
0226-YE8MQ,congruent,56,6.354629506216587e-06,3.9690557350838103e-07
0226-YE8MQ,congruent,57,6.4322595556760044e-06,2.675832071237528e-06
0226-YE8MQ,congruent,58,5.534818643798379e-06,-1.5341177127931975e-05
0226-YE8MQ,congruent,59,1.1651895124729615e-05,5.192733022076431e-06
0226-YE8MQ,congruent,60,-3.205679021147073e-06,8.356129909815357e-06
0226-YE8MQ,congruent,61,-8.51480342409861e-06,-7.511626243604526e-06
0226-YE8MQ,congruent,62,4.367382888903503e-06,5.51980841074847e-06
0226-YE8MQ,congruent,63,8.90780685552938e-06,-2.5992697627708267e-06
0226-YE8MQ,congruent,64,1.061306237449659e-05,1.3833177204324494e-06
0226-YE8MQ,congruent,65,1.2825899044331317e-05,8.561070490795126e-06
0226-YE8MQ,congruent,66,2.8342800201733055e-06,1.5226258877570393e-06
0226-YE8MQ,congruent,67,6.879594721635202e-06,4.382421741238873e-06
0226-YE8MQ,congruent,68,-2.208060902636817e-06,1.5580242659827905e-06
0226-YE8MQ,congruent,69,3.7075144348455575e-06,-2.0822975749797404e-06
0226-YE8MQ,congruent,70,-5.6552826300791e-06,-2.2871766592882208e-06
0226-YE8MQ,congruent,71,-6.146058381625868e-06,-2.3530194218822443e-06
0226-YE8MQ,congruent,72,9.02671417574627e-06,1.1850168233883034e-06
0226-YE8MQ,congruent,73,1.6164902275442487e-05,-2.5471160726419968e-06
0226-YE8MQ,congruent,74,6.977596064011849e-06,7.299583575156643e-06
0226-YE8MQ,congruent,75,1.1844720696689486e-06,-2.9720457970788415e-06
0226-YE8MQ,congruent,76,2.645816779464148e-06,-5.513964969953945e-06
0226-YE8MQ,congruent,77,1.4616306789000378e-05,7.088372688196396e-06
0226-YE8MQ,congruent,78,4.948799591787732e-06,-1.280077687665473e-05
0226-YE8MQ,congruent,79,-3.0011774233148588e-06,5.2165309414205055e-06
0226-YE8MQ,congruent,80,-1.3144867777340789e-05,-2.3794389530410287e-05
0226-YE8MQ,congruent,81,-1.592176982329392e-05,-6.658656766759444e-06
0226-YE8MQ,congruent,82,1.9375784886192935e-06,1.3411840666988991e-06
0226-YE8MQ,congruent,83,1.4055265990182195e-05,-2.186300354106543e-06
0226-YE8MQ,congruent,84,2.3029800911096888e-06,6.56779675073887e-06
0226-YE8MQ,congruent,85,-7.624811485326198e-06,-4.723743099478389e-06
0226-YE8MQ,congruent,86,1.059219941308e-05,6.485269132436295e-06
0226-YE8MQ,congruent,87,9.2358029962318e-06,1.8930973111883154e-05
0226-YE8MQ,congruent,88,7.097639289943105e-06,-4.3761922965846735e-06
0226-YE8MQ,congruent,89,3.4072149665655788e-06,-5.615923485339983e-06
0226-YE8MQ,congruent,90,1.1340486633941724e-05,5.31697130412732e-07
0226-YE8MQ,congruent,91,1.9077518290253425e-05,1.992901368892132e-05
0226-YE8MQ,congruent,92,1.481596699588052e-06,-1.6177436549541853e-06
0226-YE8MQ,congruent,93,-1.3932096036360731e-05,-9.953071921904097e-06
0226-YE8MQ,congruent,94,-4.697188743974801e-06,7.4853605306785176e-06
0226-YE8MQ,congruent,95,1.3180273321323294e-06,1.0224244110828777e-05
0226-YE8MQ,congruent,96,-1.3286805726622614e-05,-9.855730757066142e-06
0226-YE8MQ,congruent,97,-1.714239910126099e-06,-3.0069958008901043e-06
0226-YE8MQ,congruent,98,9.481790019904073e-07,-2.9249211637523215e-06
0226-YE8MQ,congruent,99,3.015916291970197e-06,2.9787861877280987e-06
0226-YE8MQ,congruent,100,1.0224306889181074e-05,1.2636977512104868e-05
0226-YE8MQ,congruent,101,5.258935321351237e-06,-1.1292187870851732e-06
0226-YE8MQ,congruent,102,3.5619684379924436e-06,5.699867864841949e-06
0226-YE8MQ,congruent,103,2.0642814146116026e-05,3.422252879214773e-06
0226-YE8MQ,congruent,104,4.011636640955386e-06,-4.82769088121224e-06
0226-YE8MQ,congruent,105,-1.2454035601944938e-06,-2.164310175341838e-06
0226-YE8MQ,congruent,106,3.3429327463055428e-06,-4.475256478656775e-06
0226-YE8MQ,congruent,107,1.0976710085043742e-06,-7.203181271416398e-07
0226-YE8MQ,congruent,108,2.107769748634598e-05,1.2345503146102787e-05
0226-YE8MQ,congruent,109,1.6599470167917946e-05,2.562790882885131e-05
0226-YE8MQ,congruent,110,4.475350584359597e-06,-2.006029693668134e-06
0226-YE8MQ,congruent,111,6.167862344830491e-06,9.929318082156313e-06
0226-YE8MQ,congruent,112,4.33835458929118e-06,-6.751756778964434e-07
0226-YE8MQ,congruent,113,4.765793834360191e-06,-5.176682765828059e-06
0226-YE8MQ,congruent,114,3.811815656409481e-06,-2.8419941317457702e-06
0226-YE8MQ,congruent,115,5.708429306653473e-06,9.693848555213686e-06
0226-YE8MQ,congruent,116,8.691355803956863e-06,1.2613225248621663e-05
0226-YE8MQ,congruent,117,-1.3645816820287534e-05,-2.312863050675891e-05
0226-YE8MQ,congruent,118,7.150711065865523e-06,8.695882301993699e-06
0226-YE8MQ,congruent,119,1.4386058078981038e-05,-9.640466949508538e-07
0226-YE8MQ,congruent,120,5.210916998526771e-06,1.6381929143548193e-06
0226-YE8MQ,congruent,121,1.4231168336947747e-05,1.0767464547216159e-05
0226-YE8MQ,congruent,122,1.3289573462914675e-05,1.8077173900224953e-05
0226-YE8MQ,congruent,123,-1.5019716386589563e-06,-2.710354503077559e-06
0226-YE8MQ,congruent,124,1.2957274557533789e-05,1.0848700060694444e-06
0226-YE8MQ,congruent,125,2.5413738560024314e-06,3.513596737012545e-06
0226-YE8MQ,congruent,126,1.9282605819602972e-06,-5.831710510038198e-06
0226-YE8MQ,congruent,127,-3.579564249364814e-06,-1.2836910610871793e-06
0226-YE8MQ,congruent,128,-2.680616657023021e-06,-4.2888239930730045e-06
0226-YE8MQ,congruent,129,1.3272614051126747e-05,-8.004624676372394e-06
0226-YE8MQ,congruent,130,5.65849390703382e-06,-3.409198786461814e-07
0226-YE8MQ,congruent,131,1.0178844485996633e-05,1.4827858125861013e-05
0226-YE8MQ,congruent,132,-8.796112335137635e-06,-4.240001284312819e-06
0226-YE8MQ,congruent,133,1.960863921250643e-06,-1.1885485356397493e-06
0226-YE8MQ,congruent,134,-4.647232071210492e-06,-1.929201007914888e-06
0226-YE8MQ,congruent,135,2.8110329743331248e-06,-9.378705487808351e-07
0226-YE8MQ,congruent,136,2.8502542406246002e-05,2.8305470614280548e-05
0226-YE8MQ,congruent,137,-8.813755642136897e-06,-5.476622725881509e-06
0226-YE8MQ,congruent,138,1.3030317217144473e-05,6.795066573214648e-06
0226-YE8MQ,congruent,139,8.349423492573984e-06,1.2195402589745856e-07
0226-YE8MQ,congruent,140,-8.740425943611623e-07,-1.762130243719725e-06
0226-YE8MQ,congruent,141,2.5406621436691663e-06,2.2678225271623713e-06
0226-YE8MQ,congruent,142,1.109639573412437e-05,-4.161547584444754e-06
0226-YE8MQ,congruent,143,2.1226540208261075e-05,5.516733079443252e-06
0226-YE8MQ,congruent,144,1.0846488517584186e-05,1.238665369042469e-06
0226-YE8MQ,congruent,145,4.516759929913438e-06,6.273246560061846e-06
0226-YE8MQ,congruent,146,-6.166303041769154e-06,4.317799008193995e-06
0226-YE8MQ,congruent,147,1.5748492690860002e-05,1.2916013244094653e-05
0226-YE8MQ,congruent,148,9.295125723703424e-06,2.0292916437189366e-06
0226-YE8MQ,congruent,149,2.63309109557427e-06,1.2525787837728457e-06
0226-YE8MQ,congruent,150,1.9261419441217233e-05,3.638726252213794e-06
0226-YE8MQ,congruent,151,-7.277877924977334e-06,-2.301249449134547e-05
0226-YE8MQ,congruent,152,1.833645713716718e-06,1.940226154532647e-06
0226-YE8MQ,congruent,153,4.9874805184975945e-06,-1.7206428953602668e-06
0226-YE8MQ,congruent,154,7.798098044749917e-07,-4.018801965582156e-06
0226-YE8MQ,congruent,155,1.0888955832611754e-06,-1.6952652458982936e-07
0226-YE8MQ,congruent,156,3.2574788396270564e-08,-3.36306208468144e-06
0226-YE8MQ,congruent,157,9.108357019199704e-06,1.3377858139677794e-05
0226-YE8MQ,congruent,158,8.206580456799496e-06,1.8873137731386033e-05
0226-YE8MQ,congruent,159,8.29473014114051e-06,-4.152804588871307e-06
0226-YE8MQ,congruent,160,2.390042074636932e-07,2.1697349515421316e-06
0226-YE8MQ,congruent,161,-5.9774441029792224e-06,1.0416925384603209e-06
0226-YE8MQ,congruent,162,9.053810020438533e-06,1.3554603111378335e-06
0226-YE8MQ,congruent,163,6.617082489491882e-06,-1.8549801232144584e-06
0226-YE8MQ,congruent,164,2.991441517196039e-06,6.148137166371115e-06
0226-YE8MQ,congruent,165,2.8194296638866366e-06,8.837783204533021e-06
0226-YE8MQ,congruent,166,3.6495377293596205e-06,6.16480620610611e-06
0226-YE8MQ,congruent,167,-2.4863304225062575e-06,-2.5138865110530934e-06
0226-YE8MQ,congruent,168,1.1845001323713887e-06,-3.6125478010477547e-06
0226-YE8MQ,congruent,169,7.82925304807663e-06,1.754470946854455e-06
0226-YE8MQ,congruent,170,1.1399488586498163e-05,8.71008948424603e-06
0226-YE8MQ,congruent,171,1.4227741541440734e-05,3.587355297508699e-06
0226-YE8MQ,congruent,172,9.874174228176007e-06,8.149948163894407e-06
0226-YE8MQ,congruent,173,-1.7204565556456334e-06,-7.227397688458728e-06
0226-YE8MQ,congruent,174,7.75765873148063e-06,3.0734032653509253e-06
0226-YE8MQ,congruent,175,5.200898195107231e-06,-8.031863046455035e-06
0226-YE8MQ,congruent,176,2.900212179309446e-06,5.8016738280299445e-06
0226-YE8MQ,congruent,177,-8.597508113261324e-06,-1.955580699586737e-06
0226-YE8MQ,congruent,178,5.948148642153937e-07,-3.5475083420764857e-06
0226-YE8MQ,congruent,179,2.714318728238846e-07,-8.199561542528426e-07
0226-YE8MQ,congruent,180,7.281995998719167e-06,2.171416536515234e-06
0226-YE8MQ,congruent,181,1.0315255912154764e-05,-1.3698883069040011e-06
0226-YE8MQ,congruent,182,-1.3344709317132924e-05,2.348049310620096e-06
0226-YE8MQ,congruent,183,1.5156452749872934e-05,1.9734876673072076e-05
0226-YE8MQ,congruent,184,1.2462657974437288e-05,1.0155135229775166e-05
0226-YE8MQ,congruent,185,-2.8306663660403688e-06,4.564109127906501e-08
0226-YE8MQ,congruent,186,1.2017052327569627e-05,1.2194171243651709e-05
0226-YE8MQ,congruent,187,4.279293268290546e-06,1.912956279302309e-06
0226-YE8MQ,congruent,188,2.8311638987653138e-05,-1.806302646652422e-06
0226-YE8MQ,congruent,189,-1.7516542742977483e-05,-1.3145607318156101e-05
0226-YE8MQ,congruent,190,1.1923100051548324e-05,5.469490541924087e-06
0226-YE8MQ,congruent,191,7.573426189376358e-06,5.876224532991972e-06
0226-YE8MQ,congruent,192,6.673092248282832e-06,1.007206448169149e-05
0226-YE8MQ,congruent,193,7.583997585362429e-06,-2.9392326316069165e-06
0226-YE8MQ,congruent,194,1.3225810947116335e-05,-2.1964248107372683e-06
0226-YE8MQ,congruent,195,1.0920943248627646e-05,2.6592041260440324e-06
0226-YE8MQ,congruent,196,-8.816408449406978e-07,-4.33741984047356e-06
0226-YE8MQ,incongruent,0,1.4144735927834133e-05,-2.7847782853408913e-06
0226-YE8MQ,incongruent,1,5.053535954427168e-06,-4.741470744650872e-06
0226-YE8MQ,incongruent,2,1.379674846766154e-07,-7.652368864322125e-08
0226-YE8MQ,incongruent,3,-1.4377263775635707e-07,-5.023257500984048e-06
0226-YE8MQ,incongruent,4,1.3671308529348628e-06,-1.3051908890995097e-06
0226-YE8MQ,incongruent,5,6.3075728159072355e-06,1.083100339262287e-05
0226-YE8MQ,incongruent,6,8.446709663931956e-06,5.791168389131428e-06
0226-YE8MQ,incongruent,7,5.3458291705713435e-06,-3.891613207672788e-06
0226-YE8MQ,incongruent,8,1.6130318868972862e-05,9.361184862689412e-06
0226-YE8MQ,incongruent,9,1.4764553108413565e-05,1.2413508637099278e-05
0226-YE8MQ,incongruent,10,4.0295215525384414e-06,-6.500946734023878e-06
0226-YE8MQ,incongruent,11,4.0277710010853165e-06,6.083176313613943e-07
0226-YE8MQ,incongruent,12,8.431049051457436e-06,5.589013525782257e-06
0226-YE8MQ,incongruent,13,-2.0621505746167365e-06,-1.1079834244898792e-05
0226-YE8MQ,incongruent,14,5.891459391278042e-06,2.2320601587979307e-06
0226-YE8MQ,incongruent,15,7.21456776595894e-06,-3.839154219694032e-06
0226-YE8MQ,incongruent,16,1.9838962588903984e-05,1.7987343204388197e-05
0226-YE8MQ,incongruent,17,8.875907797681105e-06,3.991609628064617e-06
0226-YE8MQ,incongruent,18,1.4272515954390613e-05,2.1368065639790106e-06
0226-YE8MQ,incongruent,19,5.864499324597577e-06,4.092639338014466e-06
0226-YE8MQ,incongruent,20,2.06319141874809e-05,8.366387495986456e-06
0226-YE8MQ,incongruent,21,7.362848406672412e-06,1.0585598097838704e-05
0226-YE8MQ,incongruent,22,9.257958597315927e-06,3.4496533063837784e-06
0226-YE8MQ,incongruent,23,9.181415981847643e-07,-6.7865403375252064e-06
0226-YE8MQ,incongruent,24,3.0184598546887164e-06,-3.2252033406836237e-06
0226-YE8MQ,incongruent,25,7.797821001483833e-06,9.971131249967998e-06
0226-YE8MQ,incongruent,26,-2.8612642502189578e-06,5.913782256658172e-06
0226-YE8MQ,incongruent,27,5.791871511915914e-06,1.183490713684471e-05
0226-YE8MQ,incongruent,28,1.4885174767976672e-05,1.54743401521683e-05
0226-YE8MQ,incongruent,29,9.86328891948201e-06,7.127728963320021e-06
0226-YE8MQ,incongruent,30,1.1759493129869008e-05,1.5618875520490233e-06
0226-YE8MQ,incongruent,31,1.1388592448530796e-05,6.863279081056363e-06
0226-YE8MQ,incongruent,32,-2.3638856781017826e-05,-2.7091638526270932e-05
0226-YE8MQ,incongruent,33,-3.3295502610103996e-06,-1.2609546852799135e-05
0226-YE8MQ,incongruent,34,6.174305960954056e-06,3.988784359314683e-06
0226-YE8MQ,incongruent,35,-6.989629026231452e-06,-1.3376827559635133e-05
0226-YE8MQ,incongruent,36,-2.044329169041596e-06,-3.2505601505331453e-06
0226-YE8MQ,incongruent,37,1.5674927818893915e-05,-6.385438660499401e-07
0226-YE8MQ,incongruent,38,1.2773209653810122e-05,-3.93061042141941e-06
0226-YE8MQ,incongruent,39,-1.1377101893990158e-05,-6.319833498235224e-06
0226-YE8MQ,incongruent,40,2.2133368968856027e-06,-1.1007791840058895e-05
0226-YE8MQ,incongruent,41,1.0317383832897694e-05,8.520940488662838e-06
0226-YE8MQ,incongruent,42,2.6917490093562453e-05,2.235235394735706e-05
0226-YE8MQ,incongruent,43,-4.216470923624247e-06,-3.6965155300221473e-06
0226-YE8MQ,incongruent,44,-6.083776883465471e-07,-4.5008247386747406e-07
0226-YE8MQ,incongruent,45,8.522861877176394e-06,-4.457234772462212e-06
0226-YE8MQ,incongruent,46,8.541063464608053e-06,3.5149203349430406e-06
0226-YE8MQ,incongruent,47,2.1303107398736406e-06,4.94261486253869e-06
0226-YE8MQ,incongruent,48,5.290126244429147e-06,8.823937299972846e-06
0226-YE8MQ,incongruent,49,2.5723650220219522e-05,5.420061403646703e-06
0226-YE8MQ,incongruent,50,-6.168482282903023e-07,-4.8577578751361174e-06
0226-YE8MQ,incongruent,51,2.9332047778365506e-05,1.4950408827654548e-05
0226-YE8MQ,incongruent,52,7.544565341594215e-06,3.544556567101143e-06
0226-YE8MQ,incongruent,53,1.073212079810714e-05,-3.49780585573383e-07
0226-YE8MQ,incongruent,54,5.328368276634267e-06,-1.8449728899625417e-06
0226-YE8MQ,incongruent,55,-1.4290495417831662e-05,-7.703445492608695e-06
0226-YE8MQ,incongruent,56,1.1677963492481821e-05,9.816348408967364e-06
0226-YE8MQ,incongruent,57,1.1412689710986085e-05,6.100738966864425e-06
0226-YE8MQ,incongruent,58,6.732027056924436e-06,5.18228946897846e-06
0226-YE8MQ,incongruent,59,1.589957756343318e-05,6.982402725977846e-06
0226-YE8MQ,incongruent,60,-3.6214174094325523e-06,8.183305291645798e-07
0226-YE8MQ,incongruent,61,9.992469990662034e-06,9.28467246300153e-06
0226-YE8MQ,incongruent,62,1.2169983822164459e-05,-1.4938135445436357e-06
0226-YE8MQ,incongruent,63,1.350728766368653e-05,-2.396384987964879e-06
0226-YE8MQ,incongruent,64,-5.361762369508025e-06,-1.6373964436269e-05
0226-YE8MQ,incongruent,65,-5.701575998387915e-06,1.8190846508638257e-06
0226-YE8MQ,incongruent,66,6.1377960446105206e-06,4.36800454390968e-06
0226-YE8MQ,incongruent,67,-3.306299061360785e-06,5.198418048248782e-07
0226-YE8MQ,incongruent,68,8.309375604843553e-06,-1.3121293273959007e-06
0122-BJDQI,congruent,0,-8.29190222204063e-07,-2.5793018539997194e-06
0122-BJDQI,congruent,1,-7.575545875588935e-07,1.214640193694233e-06
0122-BJDQI,congruent,2,-2.199557408557249e-06,-3.916576866856916e-06
0122-BJDQI,congruent,3,2.923248579446314e-06,1.5795943952128644e-06
0122-BJDQI,congruent,4,1.661482350322689e-06,3.1192073067105473e-06
0122-BJDQI,congruent,5,-2.1673411886069917e-06,-1.8742719472496483e-06
0122-BJDQI,congruent,6,-6.880549299723184e-08,-2.4950948029154745e-06
0122-BJDQI,congruent,7,7.793844122517928e-07,3.1114897479097006e-06
0122-BJDQI,congruent,8,-1.9839382274778062e-06,6.26193314047685e-07
0122-BJDQI,congruent,9,-2.1766233617521284e-06,-6.250602929944948e-07
0122-BJDQI,congruent,10,-5.084891332416115e-07,-2.4098582444922347e-06
0122-BJDQI,congruent,11,2.538612856189402e-07,8.29998754595174e-07
0122-BJDQI,congruent,12,2.8156153433010123e-06,5.6538112436263065e-08
0122-BJDQI,congruent,13,3.7472539648198372e-06,2.4661060778846534e-06
0122-BJDQI,congruent,14,-6.362739588366036e-07,-1.4017819962888204e-06
0122-BJDQI,congruent,15,-1.6166883163528907e-06,-1.4211849620370354e-07
0122-BJDQI,congruent,16,2.655145184772404e-06,1.439075799441458e-06
0122-BJDQI,congruent,17,-8.898777568263044e-07,1.3746140433047904e-06
0122-BJDQI,congruent,18,-9.712378340821465e-07,2.5859009922827513e-06
0122-BJDQI,congruent,19,-2.1784131973351083e-06,-3.734855242411143e-07
0122-BJDQI,congruent,20,-1.8784505440742128e-06,-4.088914254906279e-06
0122-BJDQI,congruent,21,-7.701650396069748e-07,-1.6529058946129803e-06
0122-BJDQI,congruent,22,2.018086019472665e-06,4.286187593889727e-07
0122-BJDQI,congruent,23,2.393767311186593e-06,2.0142184780406343e-06
0122-BJDQI,congruent,24,2.36195273130489e-06,8.761219901352628e-07
0122-BJDQI,congruent,25,-2.1909632818705107e-07,9.289505184247597e-07
0122-BJDQI,congruent,26,-6.0149074335452e-07,-9.685935529817343e-07
0122-BJDQI,congruent,27,-8.123621638664123e-07,-2.6814353275479196e-06
0122-BJDQI,congruent,28,1.408351057990347e-07,2.0539494467280044e-06
0122-BJDQI,congruent,29,-1.8071767830668809e-06,-9.259839849437233e-07
0122-BJDQI,congruent,30,4.4663739562788695e-07,3.864001625855079e-06
0122-BJDQI,congruent,31,-1.7240338269765733e-06,-1.9052817354150888e-06
0122-BJDQI,congruent,32,1.0310301033317296e-06,2.911635935456221e-06
0122-BJDQI,congruent,33,-1.6645936244223089e-06,-1.7810275216324873e-06
0122-BJDQI,congruent,34,-8.15053714067435e-07,2.9551678246549274e-07
0122-BJDQI,congruent,35,-2.724179240653881e-06,-3.854537731235546e-06
0122-BJDQI,congruent,36,3.14627596561425e-07,-3.2895032005349525e-07
0122-BJDQI,congruent,37,1.18579978530665e-07,-5.123373917429994e-07
0122-BJDQI,congruent,38,4.908195546081311e-07,-1.9319608091820163e-06
0122-BJDQI,congruent,39,5.59096461207252e-07,-1.4267983052930326e-07
0122-BJDQI,congruent,40,-1.4215933831896332e-06,-1.5491766573218247e-06
0122-BJDQI,congruent,41,2.3116206696502383e-06,-1.623139713301811e-07
0122-BJDQI,congruent,42,-3.6004178059219106e-06,-4.810149293160611e-06
0122-BJDQI,congruent,43,2.006548026631574e-06,-8.446230898702062e-07
0122-BJDQI,congruent,44,1.34906210033395e-06,1.93636097784023e-06
0122-BJDQI,congruent,45,-1.677656228168868e-06,-6.298344319393163e-07
0122-BJDQI,congruent,46,-1.6230314437328669e-06,3.1122124156619743e-07
0122-BJDQI,congruent,47,-7.961990213833575e-07,-1.1618505296498918e-06
0122-BJDQI,congruent,48,1.9215473720259442e-06,2.7484079148515104e-07
0122-BJDQI,congruent,49,3.7237624477023797e-06,1.8870641855724868e-06
0122-BJDQI,congruent,50,5.44531606339626e-07,1.673062359809972e-06
0122-BJDQI,congruent,51,5.205839146839095e-07,-4.527539881722399e-07
0122-BJDQI,congruent,52,2.2241848930657725e-06,2.4256854193694614e-06
0122-BJDQI,congruent,53,-1.9806504854975253e-06,-2.3195416539321354e-06
0122-BJDQI,congruent,54,2.920342234919078e-06,2.1991828088604914e-06
0122-BJDQI,congruent,55,1.3785979629990843e-06,9.685054569571341e-07
0122-BJDQI,congruent,56,-6.615069923619526e-08,-2.7433690387546784e-06
0122-BJDQI,congruent,57,-1.2234571128232689e-06,2.6208555816042997e-07
0122-BJDQI,congruent,58,-9.393006687274405e-07,-1.6763061822162865e-07
0122-BJDQI,congruent,59,-2.1409057995785003e-06,2.9573793467974185e-06
0122-BJDQI,congruent,60,-5.897804164945948e-06,-2.2973223068261485e-07
0122-BJDQI,congruent,61,-1.098423533368071e-06,-1.6524894982328128e-06
0122-BJDQI,congruent,62,-3.0569885147423792e-06,-2.229828732565828e-06
0122-BJDQI,congruent,63,1.470445077074159e-06,2.068662983131277e-06
0122-BJDQI,congruent,64,5.357899732020077e-07,-1.0390793071442767e-06
0122-BJDQI,congruent,65,1.8289039456492626e-06,3.798947519367463e-06
0122-BJDQI,congruent,66,-1.291318672863759e-06,-1.7349686399240828e-06
0122-BJDQI,congruent,67,3.46745913531546e-06,4.038837485037167e-06
0122-BJDQI,congruent,68,-6.825783637340893e-08,-2.3484001945711395e-07
0122-BJDQI,congruent,69,-5.112632593351609e-07,-9.722420651910532e-07
0122-BJDQI,congruent,70,-7.10113812135797e-07,-2.06749117124854e-06
0122-BJDQI,congruent,71,-2.212465301660007e-07,-1.0920944108750174e-06
0122-BJDQI,congruent,72,1.506661373036748e-07,-7.935284802267668e-07
0122-BJDQI,congruent,73,9.747821150601097e-07,-1.6372446422182682e-06
0122-BJDQI,congruent,74,-1.3195072034079446e-06,-7.681012838610048e-07
0122-BJDQI,congruent,75,1.057458782164433e-06,9.67467876483111e-07
0122-BJDQI,congruent,76,1.8267811048147907e-06,-7.904327484836643e-07
0122-BJDQI,congruent,77,-8.125864037287125e-07,-7.858066865110894e-07
0122-BJDQI,congruent,78,-1.9710285014700086e-06,-2.3398183665560678e-06
0122-BJDQI,congruent,79,-1.71477300308219e-06,4.944833718692543e-07
0122-BJDQI,congruent,80,-2.116489622710091e-06,-3.270257936201641e-06
0122-BJDQI,congruent,81,1.6466234910490024e-06,8.983783293096977e-07
0122-BJDQI,congruent,82,-1.4384738256550348e-06,-2.7009019803595907e-06
0122-BJDQI,congruent,83,-2.466772981933027e-06,-1.1873342699350663e-06
0122-BJDQI,congruent,84,1.09632997259435e-06,-1.5032833686291165e-06
0122-BJDQI,congruent,85,7.252224953605378e-07,1.8517990492408564e-06
0122-BJDQI,congruent,86,-1.8216914004833257e-06,-3.141276951496318e-06
0122-BJDQI,congruent,87,-1.6515382901969544e-06,4.5133526457599965e-07
0122-BJDQI,congruent,88,5.717259972859166e-07,1.3028466091003623e-07
0122-BJDQI,congruent,89,7.224762232182511e-07,3.655074999312838e-07
0122-BJDQI,congruent,90,2.123335246305597e-06,-5.09186250324698e-06
0122-BJDQI,congruent,91,4.808578784644962e-07,-2.9420548725506446e-07
0122-BJDQI,congruent,92,8.763019383307539e-07,-1.0774854662788217e-06
0122-BJDQI,congruent,93,6.696362956283679e-08,2.1934669769490224e-06
0122-BJDQI,congruent,94,1.1528098017948202e-06,1.0630373529600087e-06
0122-BJDQI,congruent,95,-8.184350849991948e-07,-2.0630881008150314e-06
0122-BJDQI,congruent,96,1.9684979313269646e-06,1.572175514820966e-06
0122-BJDQI,congruent,97,-3.020288225198338e-06,-2.6032456541165205e-06
0122-BJDQI,congruent,98,3.2094686559806463e-06,4.4779865520329645e-06
0122-BJDQI,congruent,99,-1.823371960940973e-06,-3.4567035052830032e-06
0122-BJDQI,congruent,100,3.152601176544414e-06,3.3436996559895174e-06
0122-BJDQI,congruent,101,-2.478330409312615e-06,-3.825394039819093e-06
0122-BJDQI,congruent,102,9.909912306674617e-08,1.799185172728232e-07
0122-BJDQI,congruent,103,8.257767667107445e-07,9.074983976836693e-07
0122-BJDQI,congruent,104,3.7534463501314287e-06,8.169210901146728e-07
0122-BJDQI,congruent,105,1.4390585912070328e-06,-2.7953926039325473e-07
0122-BJDQI,congruent,106,8.033681704614993e-07,2.6276913370003718e-08
0122-BJDQI,congruent,107,4.299292003139686e-06,7.942861117868117e-07
0122-BJDQI,congruent,108,1.1525211506230038e-06,9.526961056372149e-07
0122-BJDQI,congruent,109,2.337772887484026e-06,4.880598489071057e-07
0122-BJDQI,congruent,110,-1.0747136920936746e-06,-1.1409732720117059e-07
0122-BJDQI,congruent,111,4.496272560374383e-06,-1.0126600069727895e-08
0122-BJDQI,congruent,112,1.8695597321046603e-06,3.741921542953165e-07
0122-BJDQI,congruent,113,3.0094265417561658e-06,7.56913820936695e-07
0122-BJDQI,congruent,114,2.561695147757103e-06,1.1526819451007159e-06
0122-BJDQI,congruent,115,1.7942432285406112e-06,1.206335911285531e-06
0122-BJDQI,congruent,116,-2.4400526752533235e-06,-1.3101083094801092e-06
0122-BJDQI,congruent,117,3.0010596116513214e-06,1.9983846713732584e-06
0122-BJDQI,congruent,118,1.1665254483617764e-06,3.4240018755811846e-07
0122-BJDQI,congruent,119,-9.845523950514677e-08,1.0620130765053847e-06
0122-BJDQI,congruent,120,-4.529263736341541e-07,-1.0189835148980756e-06
0122-BJDQI,congruent,121,2.4525940892163234e-06,6.470372409590302e-06
0122-BJDQI,congruent,122,-1.6854426029197672e-06,-2.1840954778578436e-06
0122-BJDQI,congruent,123,2.2244534945661218e-06,6.653987559581465e-07
0122-BJDQI,congruent,124,1.990594430981507e-06,2.687946948039134e-06
0122-BJDQI,congruent,125,1.1987695782533472e-06,-1.5089634417385642e-06
0122-BJDQI,congruent,126,-4.788826466504751e-07,6.199679040902018e-07
0122-BJDQI,congruent,127,-4.0494692781272743e-07,-2.0443410500214077e-07
0122-BJDQI,congruent,128,4.365954661712896e-07,1.364259895081222e-06
0122-BJDQI,congruent,129,-1.522277768150099e-06,-6.0019871132914e-08
0122-BJDQI,congruent,130,-1.4766257290899066e-06,-6.30720867837318e-07
0122-BJDQI,congruent,131,-2.8865780006435607e-06,-8.179833171639324e-07
0122-BJDQI,congruent,132,-2.1158855197451603e-06,-6.146291723045441e-07
0122-BJDQI,congruent,133,-3.2873043196834844e-06,-2.6115962069437642e-06
0122-BJDQI,congruent,134,-1.4301936219527909e-08,-3.1950850193941766e-06
0122-BJDQI,congruent,135,-1.0679735971909407e-06,-1.3342037185371133e-06
0122-BJDQI,congruent,136,-7.171960443506217e-08,-1.2118063003796209e-06
0122-BJDQI,congruent,137,9.090297755519264e-07,1.6247971608712318e-06
0122-BJDQI,congruent,138,-1.4847655601534677e-06,-4.3720001639069863e-07
0122-BJDQI,congruent,139,-1.7490089527725296e-06,-1.966586040946464e-06
0122-BJDQI,congruent,140,1.6757520759930026e-06,1.7968577402806802e-06
0122-BJDQI,congruent,141,-3.133215969655105e-06,-9.871085008497345e-07
0122-BJDQI,congruent,142,6.990664532326361e-07,6.157664562602781e-07
0122-BJDQI,congruent,143,3.227778184889129e-06,1.1941211612007093e-06
0122-BJDQI,congruent,144,7.050436299126485e-07,2.845832061350587e-06
0122-BJDQI,congruent,145,2.3998029176122894e-06,-8.061219024678875e-07
0122-BJDQI,congruent,146,2.7562893731731933e-06,-5.0303073972583106e-08
0122-BJDQI,congruent,147,8.42019480122495e-07,-3.0470951788603535e-07
0122-BJDQI,congruent,148,1.4308037962378328e-06,-1.1246805959516304e-07
0122-BJDQI,congruent,149,1.4187726856044198e-06,8.752697743349634e-07
0122-BJDQI,congruent,150,-2.805311161310152e-06,-5.645422881754773e-06
0122-BJDQI,congruent,151,1.7002496076981118e-07,-1.6138804395854717e-06
0122-BJDQI,congruent,152,2.2642336127474907e-06,1.141591779622686e-06
0122-BJDQI,congruent,153,-1.445190272587771e-06,-2.9060423579828238e-06
0122-BJDQI,congruent,154,1.5231035332856107e-06,1.2087663479381248e-06
0122-BJDQI,congruent,155,6.563643175421332e-06,1.8196367306925968e-06
0122-BJDQI,congruent,156,4.697431105736877e-06,2.7299224097150035e-07
0122-BJDQI,congruent,157,1.5821439112479702e-06,9.502789233914696e-07
0122-BJDQI,congruent,158,2.3818754938713504e-06,6.32814062257099e-07
0122-BJDQI,congruent,159,1.072389142055338e-07,2.1084261167411973e-06
0122-BJDQI,congruent,160,-7.170194439358516e-07,-2.127939591417745e-06
0122-BJDQI,congruent,161,4.117588205847808e-06,5.0173383873704505e-06
0122-BJDQI,congruent,162,-2.1018603149164752e-06,-3.0521110327504925e-06
0122-BJDQI,congruent,163,1.956670419821626e-06,1.4568465612064882e-06
0122-BJDQI,congruent,164,1.684849970160986e-07,-2.3368620854009215e-06
0122-BJDQI,congruent,165,5.183686809698609e-07,-4.596078430945599e-06
0122-BJDQI,congruent,166,1.5253213064035147e-06,-8.465295035623397e-07
0122-BJDQI,congruent,167,3.2268395638789e-06,2.6473661216697e-06
0122-BJDQI,congruent,168,-1.1473456215671756e-06,-1.953887004208604e-06
0122-BJDQI,congruent,169,2.6336839800558332e-06,-2.706428080874315e-07
0122-BJDQI,congruent,170,8.427822704263083e-07,3.5235983581146732e-06
0122-BJDQI,congruent,171,-2.2269711915938932e-07,-1.4895389755109477e-07
0122-BJDQI,congruent,172,-9.436174892246695e-07,-4.594681404877898e-07
0122-BJDQI,congruent,173,-1.9200394001989647e-06,-2.8923887083120437e-06
0122-BJDQI,congruent,174,2.0493292245619078e-08,-2.6118186709378055e-06
0122-BJDQI,congruent,175,-2.629680008841468e-06,-1.974958521356525e-06
0122-BJDQI,congruent,176,5.685140365110554e-06,4.641203308469763e-06
0122-BJDQI,congruent,177,-2.4093190366631573e-06,-8.006998930801406e-07
0122-BJDQI,congruent,178,-8.430818335950544e-07,-1.4722629090938893e-06
0122-BJDQI,congruent,179,1.9603439436295915e-06,-1.246992775441628e-07
0122-BJDQI,congruent,180,1.3714021501374134e-06,-5.817735583142021e-07
0122-BJDQI,congruent,181,6.084811648409399e-07,-1.5666950113438282e-06
0122-BJDQI,congruent,182,6.629216261383886e-07,-1.427050666502575e-06
0122-BJDQI,congruent,183,3.061037843051963e-06,7.460363533264871e-07
0122-BJDQI,congruent,184,1.7084044549320044e-06,-1.0167211428769575e-06
0122-BJDQI,congruent,185,1.4384651009844919e-06,-8.811431952155176e-07
0122-BJDQI,incongruent,0,1.2316474625935494e-06,-7.079445678883637e-07
0122-BJDQI,incongruent,1,-1.1021205654165362e-06,-4.382624357440905e-07
0122-BJDQI,incongruent,2,2.369887421963273e-06,3.8130116084189323e-06
0122-BJDQI,incongruent,3,1.2998819575046147e-06,-1.055334792198048e-06
0122-BJDQI,incongruent,4,2.4193467181726737e-06,2.003376704926229e-06
0122-BJDQI,incongruent,5,-1.736476898879454e-06,-3.000328891795022e-06
0122-BJDQI,incongruent,6,-4.455650633484312e-07,-7.383696606407122e-07
0122-BJDQI,incongruent,7,9.399552642147174e-08,-8.949239437916005e-07
0122-BJDQI,incongruent,8,1.8903115721737103e-06,2.056023139709919e-06
0122-BJDQI,incongruent,9,3.7239824901446966e-06,2.624396039988815e-06
0122-BJDQI,incongruent,10,1.847307379692496e-06,2.3306064220344043e-06
0122-BJDQI,incongruent,11,1.2739964214185218e-06,-1.5203131154642513e-06
0122-BJDQI,incongruent,12,-3.095168398408968e-06,-7.850681078949711e-07
0122-BJDQI,incongruent,13,-6.127084059195977e-07,-1.2030225990137983e-06
0122-BJDQI,incongruent,14,5.058792034722968e-07,-1.8426192563183457e-07
0122-BJDQI,incongruent,15,-3.7339174169414174e-06,-9.29298484987353e-07
0122-BJDQI,incongruent,16,4.327604624961221e-07,-1.0407441797189587e-06
0122-BJDQI,incongruent,17,5.726880224383036e-07,9.389006031026153e-07
0122-BJDQI,incongruent,18,-2.6144704178933007e-06,-8.937768030533973e-07
0122-BJDQI,incongruent,19,-3.0491289172617045e-07,6.680959702447375e-07
0122-BJDQI,incongruent,20,3.6812814433818637e-07,2.9927464678618085e-07
0122-BJDQI,incongruent,21,4.6565596561289195e-07,4.973972294820882e-07
0122-BJDQI,incongruent,22,2.8001402847972334e-06,2.6969556263042597e-06
0122-BJDQI,incongruent,23,-2.170160025601777e-06,-6.119813297061997e-07
0122-BJDQI,incongruent,24,-1.796622595172595e-06,5.125540526264204e-07
0122-BJDQI,incongruent,25,-1.4712922867152937e-06,-1.298679502387896e-06
0122-BJDQI,incongruent,26,-3.5160588428498324e-07,-6.412755849653287e-08
0122-BJDQI,incongruent,27,2.827111967314136e-06,2.7708230290392843e-06
0122-BJDQI,incongruent,28,-1.2289034379719234e-06,1.002121388078314e-06
0122-BJDQI,incongruent,29,4.2355915566483687e-07,5.698413567550822e-07
0122-BJDQI,incongruent,30,3.3303732154678144e-06,8.074354775602782e-07
0122-BJDQI,incongruent,31,2.3435240269868127e-06,1.6878462411317554e-06
0122-BJDQI,incongruent,32,4.978628297339067e-08,-1.4435306519110574e-06
0122-BJDQI,incongruent,33,-1.5649598070387046e-06,-9.605278409799169e-09
0122-BJDQI,incongruent,34,3.061044134587386e-06,1.4886255932917798e-06
0122-BJDQI,incongruent,35,-9.54435229982883e-07,3.524506164636444e-08
0122-BJDQI,incongruent,36,4.479446009877996e-06,2.490623898407183e-06
0122-BJDQI,incongruent,37,-5.133286497477239e-06,-1.8370051386248358e-06
0122-BJDQI,incongruent,38,1.451926589981587e-06,3.3488121254997167e-06
0122-BJDQI,incongruent,39,8.575529952278977e-08,1.5980639070132578e-06
0122-BJDQI,incongruent,40,2.1382294240491395e-06,2.248135845206342e-06
0122-BJDQI,incongruent,41,2.767970383646653e-06,-1.440026540587957e-07
0122-BJDQI,incongruent,42,3.822691131832198e-06,4.024835766578412e-06
0122-BJDQI,incongruent,43,1.1879117639159642e-06,3.192719190051396e-06
0122-BJDQI,incongruent,44,-3.5414400356971397e-07,2.10406301952764e-06
0122-BJDQI,incongruent,45,3.512019023618272e-07,9.873104388691225e-07
0122-BJDQI,incongruent,46,-5.047284934935402e-07,1.5670000820484571e-06
0122-BJDQI,incongruent,47,2.7055159943156956e-07,2.538895140890891e-06
0122-BJDQI,incongruent,48,-2.6112219539924178e-08,2.6260545087170687e-06
0122-BJDQI,incongruent,49,-3.827986348290872e-06,-1.2043853287514472e-06
0122-BJDQI,incongruent,50,-1.3507615075240591e-06,7.086251013775416e-07
0122-BJDQI,incongruent,51,-1.5429184693469767e-06,2.03817343000085e-06
0122-BJDQI,incongruent,52,1.4369304459510536e-06,-4.246713908267751e-07
0122-BJDQI,incongruent,53,2.0711893677833645e-07,7.679575373740175e-07
0122-BJDQI,incongruent,54,3.3645041942160937e-06,1.353957126709532e-06
0122-BJDQI,incongruent,55,2.491577788440317e-06,2.880004580262054e-06
0122-BJDQI,incongruent,56,4.136872939436029e-06,4.045277945481653e-06
0122-BJDQI,incongruent,57,5.413380047496442e-06,3.960804221106662e-06
0122-BJDQI,incongruent,58,-1.4206200023562662e-06,2.9134376834941445e-07
0122-BJDQI,incongruent,59,1.2959205131965916e-06,1.1188234196450985e-06
0122-BJDQI,incongruent,60,3.598633117491064e-07,-1.5804191179675996e-06
0122-BJDQI,incongruent,61,-4.695201820107868e-06,-1.6283582682513506e-06
0122-BJDQI,incongruent,62,-1.2607864929633562e-06,-2.717388226012921e-06
0122-BJDQI,incongruent,63,-2.138450933988782e-06,1.907560957939265e-06
1217-SFP13,congruent,0,-7.446467348208788e-07,-2.712665800647303e-06
1217-SFP13,congruent,1,-1.3302428363232669e-06,-4.29083938452022e-06
1217-SFP13,congruent,2,4.27509322246962e-06,3.250441249259243e-06
1217-SFP13,congruent,3,1.189812967066349e-06,-3.549049362606386e-06
1217-SFP13,congruent,4,-7.291457317950849e-08,-6.896987451391732e-07
1217-SFP13,congruent,5,3.0821558416918033e-06,5.694994459948956e-06
1217-SFP13,congruent,6,-8.768268738150327e-07,3.6639055576901285e-06
1217-SFP13,congruent,7,-7.366126022611016e-06,-4.293417358914063e-06
1217-SFP13,congruent,8,4.964750427261873e-06,1.5533176816615834e-06
1217-SFP13,congruent,9,-3.249379486153854e-06,-2.736320325102341e-06
1217-SFP13,congruent,10,-7.675181311928179e-07,-2.8066838790154793e-06
1217-SFP13,congruent,11,-2.495220204363513e-06,2.6040149868517417e-07
1217-SFP13,congruent,12,-6.149369507646111e-06,-4.2733653814433135e-06
1217-SFP13,congruent,13,4.352023450813528e-06,-1.7497050335145351e-06
1217-SFP13,congruent,14,-4.5109312644250204e-07,4.286710938517102e-06
1217-SFP13,congruent,15,6.576066678274472e-06,2.9790758628831224e-06
1217-SFP13,congruent,16,3.1618864904680556e-07,-2.2946424610321015e-06
1217-SFP13,congruent,17,-3.9666575404596824e-06,-5.189081756545011e-06
1217-SFP13,congruent,18,-1.8071555979880402e-06,-4.906696699170368e-06
1217-SFP13,congruent,19,-4.329555947815499e-06,-3.059725096499808e-08
1217-SFP13,congruent,20,1.095182131563921e-05,2.894865121270887e-06
1217-SFP13,congruent,21,-1.1529151713088001e-06,-1.153717304721553e-05
1217-SFP13,congruent,22,6.110778117780895e-06,2.6764692323323883e-06
1217-SFP13,congruent,23,-2.538744376091308e-06,-6.866287490591045e-08
1217-SFP13,congruent,24,-4.0462433002421203e-07,4.824032321668898e-06
1217-SFP13,congruent,25,-5.2447336220319155e-06,-2.0028567933912545e-06
1217-SFP13,congruent,26,4.205820141165827e-06,3.2506995752654693e-06
1217-SFP13,congruent,27,8.482730718551766e-08,3.974098579021335e-06
1217-SFP13,congruent,28,3.7277797726768132e-06,-3.1069327564932443e-06
1217-SFP13,congruent,29,-1.1454486992307953e-06,9.214014805106655e-06
1217-SFP13,congruent,30,1.3993485079085664e-05,3.7319063262221883e-06
1217-SFP13,congruent,31,3.7417175501626642e-06,6.527804102851649e-06
1217-SFP13,congruent,32,-1.182864077043399e-05,-3.7122558983778075e-06
1217-SFP13,congruent,33,-4.293685049118842e-06,-4.793907787865543e-06
1217-SFP13,congruent,34,-4.086654718541216e-06,-9.275449419003242e-06
1217-SFP13,congruent,35,3.4604445440279205e-06,3.920737870569191e-06
1217-SFP13,congruent,36,-1.4600592949581671e-05,-9.522734138016103e-06
1217-SFP13,congruent,37,1.826437175286767e-06,1.742245736915871e-06
1217-SFP13,congruent,38,-7.865439305807166e-06,-2.510065552060473e-06
1217-SFP13,congruent,39,-5.290718569391262e-06,-6.8856654057003105e-06
1217-SFP13,congruent,40,3.3110090326086824e-06,1.8765752029063485e-06
1217-SFP13,congruent,41,-1.5451797583138135e-06,2.1110365520084435e-06
1217-SFP13,congruent,42,-1.0319385475385817e-05,1.5496647428221032e-06
1217-SFP13,congruent,43,-3.3089844370074333e-06,-5.916407792579602e-06
1217-SFP13,congruent,44,1.2566488744424526e-05,2.5756426024576626e-06
1217-SFP13,congruent,45,-3.4726800704307405e-06,-3.9292270396647646e-07
1217-SFP13,congruent,46,7.900028474139019e-06,1.0643036596445043e-05
1217-SFP13,congruent,47,-7.1018201169649374e-06,2.9574086790124926e-06
1217-SFP13,congruent,48,-6.915988308159326e-06,-5.9846554961283145e-06
1217-SFP13,congruent,49,2.359864190727961e-06,4.823010991113417e-06
1217-SFP13,congruent,50,-2.626966042329626e-07,1.5036281387092575e-07
1217-SFP13,congruent,51,5.9056506497939164e-06,4.4982054397127235e-06
1217-SFP13,congruent,52,3.83794579443436e-06,7.122810350473382e-07
1217-SFP13,congruent,53,-1.0718624939128024e-06,8.669663586977685e-07
1217-SFP13,congruent,54,-3.823389328122509e-06,-1.3087963063267003e-07
1217-SFP13,congruent,55,-1.5451597844631632e-06,4.92254915615342e-06
1217-SFP13,congruent,56,-9.047400971035202e-06,-6.471278761994273e-06
1217-SFP13,congruent,57,1.4310836427453747e-07,2.4676916063369475e-06
1217-SFP13,congruent,58,-2.1971431108268476e-08,-1.4002630510158176e-06
1217-SFP13,congruent,59,-2.7330376026530787e-06,1.9152588661944396e-06
1217-SFP13,congruent,60,2.4845547240509448e-06,2.9565987334007793e-06
1217-SFP13,congruent,61,-3.5133230678575927e-06,-1.2897045909896236e-06
1217-SFP13,congruent,62,-5.168669186737299e-06,5.091778522604296e-06
1217-SFP13,congruent,63,-1.7926511735516772e-05,-9.555205935762352e-06
1217-SFP13,congruent,64,-9.031629003861978e-06,-1.4035600836985563e-05
1217-SFP13,congruent,65,4.899461761498111e-06,7.045649109718871e-06
1217-SFP13,congruent,66,-6.741197871779431e-06,7.566901200866434e-07
1217-SFP13,congruent,67,-5.6189234095113565e-06,-1.1018681572520781e-07
1217-SFP13,congruent,68,-2.9878559735088915e-06,2.8051762154189557e-06
1217-SFP13,congruent,69,4.640701472934361e-06,7.350573840907867e-06
1217-SFP13,congruent,70,-6.462139261086386e-06,1.38837663442188e-06
1217-SFP13,congruent,71,4.303036355676228e-06,3.2432988450483993e-06
1217-SFP13,congruent,72,-3.2627654067196176e-06,-2.878130402675892e-06
1217-SFP13,congruent,73,-1.1330117523883817e-07,-4.763869418026627e-06
1217-SFP13,congruent,74,6.38106395143326e-06,4.499672629820432e-06
1217-SFP13,congruent,75,6.108091478371085e-07,1.0258885316687259e-05
1217-SFP13,congruent,76,4.829920033541673e-06,7.115015082459527e-06
1217-SFP13,congruent,77,3.526542534502003e-06,5.200201209863025e-06
1217-SFP13,congruent,78,-9.074744500255477e-06,-9.422367768489455e-06
1217-SFP13,congruent,79,1.6771318203418723e-06,4.040767307750672e-06
1217-SFP13,congruent,80,9.810397251105249e-07,4.989621284945236e-06
1217-SFP13,congruent,81,-8.97646766164447e-06,-1.5136011134076457e-06
1217-SFP13,congruent,82,3.1039252032218812e-06,4.759905219050538e-06
1217-SFP13,congruent,83,8.199298369824841e-07,-5.3573013811088964e-06
1217-SFP13,congruent,84,3.2971217087068343e-06,-8.386114359573339e-07
1217-SFP13,congruent,85,1.848045141442765e-06,-4.529418903439017e-06
1217-SFP13,congruent,86,1.503505281187946e-06,3.637074954488149e-06
1217-SFP13,congruent,87,5.214498452367337e-06,-2.4573989934953538e-06
1217-SFP13,congruent,88,1.7486948335558066e-06,-4.257796529682437e-06
1217-SFP13,congruent,89,-8.401224411665581e-07,1.2163579880825173e-06
1217-SFP13,congruent,90,3.9991192094571325e-07,2.6367474122485586e-06
1217-SFP13,congruent,91,-2.867178909284508e-06,2.3920174142171504e-06
1217-SFP13,congruent,92,6.65330490680568e-08,7.595051298342718e-06
1217-SFP13,congruent,93,-1.8799546559918925e-06,4.299451091993507e-06
1217-SFP13,congruent,94,-8.713918790775289e-07,2.222020576549208e-06
1217-SFP13,congruent,95,-1.3493942375751812e-06,-4.625676266051517e-06
1217-SFP13,congruent,96,-1.617121535326881e-06,7.539603385817013e-07
1217-SFP13,congruent,97,3.9143987075293065e-06,-1.7782683792757208e-06
1217-SFP13,congruent,98,-5.927401619258964e-06,-4.765734959621258e-06
1217-SFP13,congruent,99,-2.964068937258048e-06,-4.722617401384177e-06
1217-SFP13,congruent,100,4.13125439344723e-07,3.515660573907785e-07
1217-SFP13,congruent,101,-7.963364164618918e-06,4.906621624935351e-07
1217-SFP13,congruent,102,-7.636635459692288e-06,-1.673044836454787e-05
1217-SFP13,congruent,103,1.2155595143385806e-06,1.2993559088907516e-06
1217-SFP13,congruent,104,2.599533244988936e-07,-1.7997364437587057e-06
1217-SFP13,congruent,105,-1.8594926337697435e-06,-4.909625308706755e-06
1217-SFP13,congruent,106,-2.0819812383432013e-06,1.1268568321290834e-07
1217-SFP13,congruent,107,4.7414591845424045e-08,8.116110499198622e-07
1217-SFP13,congruent,108,-2.0492801270080147e-06,1.007494619985305e-05
1217-SFP13,congruent,109,-1.0397279579287532e-05,-6.968148086768989e-06
1217-SFP13,congruent,110,-1.1973677156398263e-06,4.293586076561625e-06
1217-SFP13,congruent,111,2.5569125463467562e-06,-1.9167054282910985e-06
1217-SFP13,congruent,112,-2.9680065781257142e-06,-8.202343904283149e-06
1217-SFP13,congruent,113,-2.039495182794336e-06,-6.114997003008047e-06
1217-SFP13,congruent,114,3.055851433323561e-06,2.7757964456813146e-06
1217-SFP13,congruent,115,-5.919206527830988e-06,3.55601423026323e-07
1217-SFP13,congruent,116,-4.648850931749002e-06,-3.275753968470801e-06
1217-SFP13,congruent,117,-3.0846402376617244e-06,1.3419011089908606e-06
1217-SFP13,congruent,118,-5.979808479407734e-06,-5.9604268748001645e-06
1217-SFP13,congruent,119,-9.22185320342874e-06,1.5251796933659946e-06
1217-SFP13,congruent,120,-1.9121034727414213e-06,4.1421498967684785e-06
1217-SFP13,congruent,121,-1.1432188166780183e-05,-1.9220829206316126e-06
1217-SFP13,congruent,122,-1.0254594598002762e-05,-4.980583792970909e-06
1217-SFP13,congruent,123,-1.209731971261335e-06,-2.2002071944034877e-06
1217-SFP13,congruent,124,-5.8218634625120246e-06,-5.401501212301216e-06
1217-SFP13,congruent,125,-9.35509476085903e-06,-2.9363188405555574e-06
1217-SFP13,congruent,126,-3.22226533818886e-06,-1.0560594014934753e-05
1217-SFP13,congruent,127,-3.8953512720192e-06,-2.839417562265734e-06
1217-SFP13,congruent,128,-2.8414372393023553e-06,-1.5760960979155862e-06
1217-SFP13,congruent,129,2.2116469813545496e-06,1.8732188485669732e-06
1217-SFP13,congruent,130,3.3970573498050894e-06,4.8433823068563385e-06
1217-SFP13,congruent,131,-4.716323700677015e-06,-4.0234615874290495e-06
1217-SFP13,congruent,132,3.0343985943339837e-06,-2.0579671888500984e-06
1217-SFP13,congruent,133,3.3504043719350147e-06,5.0897958447555565e-06
1217-SFP13,congruent,134,-7.620589182797972e-06,-1.0825203451723434e-05
1217-SFP13,congruent,135,-7.600197918989588e-06,-4.705304623299399e-06
1217-SFP13,congruent,136,-4.486903132421456e-06,1.1355540826135111e-06
1217-SFP13,congruent,137,-4.340052063166103e-06,-9.117255352049073e-06
1217-SFP13,congruent,138,7.892194936248926e-08,6.019310195644851e-06
1217-SFP13,congruent,139,-1.618082770850959e-06,-1.5128584385649743e-06
1217-SFP13,congruent,140,3.586788110088601e-06,2.0417415639610702e-06
1217-SFP13,congruent,141,-6.323993437390687e-06,3.005358505623516e-06
1217-SFP13,congruent,142,6.095743119066307e-07,-3.574509752817265e-06
1217-SFP13,congruent,143,3.3252240616553484e-06,-2.501621754534522e-06
1217-SFP13,congruent,144,-5.2627213457118815e-06,1.634181002796545e-07
1217-SFP13,congruent,145,2.967715621993305e-06,-8.537840540913071e-06
1217-SFP13,congruent,146,1.3217185019827452e-05,2.8678623639923025e-06
1217-SFP13,congruent,147,-1.1664541931563709e-06,4.028730684815039e-06
1217-SFP13,congruent,148,-1.7073570523626692e-06,-4.290813937554308e-06
1217-SFP13,congruent,149,1.897453330975452e-06,3.961058926250054e-06
1217-SFP13,congruent,150,2.4046228407972495e-06,4.603301938296313e-06
1217-SFP13,congruent,151,2.092141194649688e-06,-3.865820115284001e-06
1217-SFP13,congruent,152,1.4885214832716489e-06,5.88879814235819e-06
1217-SFP13,congruent,153,-6.204688333460593e-06,-6.43707764287176e-06
1217-SFP13,congruent,154,-4.0634165121377425e-06,-5.044454154338459e-06
1217-SFP13,congruent,155,-1.6658637465505807e-06,2.967256675321668e-06
1217-SFP13,congruent,156,-6.988980808409526e-06,-3.322044674639061e-06
1217-SFP13,congruent,157,-3.5144444238864455e-07,1.082724741207382e-06
1217-SFP13,congruent,158,-5.506755181306583e-06,-1.1553266049856598e-05
1217-SFP13,congruent,159,-8.565538770552454e-06,1.8971722733311737e-06
1217-SFP13,congruent,160,-1.3455612126008697e-05,-5.8379263069081955e-06
1217-SFP13,congruent,161,-6.95180892086169e-06,-4.131560434413454e-06
1217-SFP13,congruent,162,-2.1226194113809688e-06,-6.8337040598298635e-06
1217-SFP13,congruent,163,1.5705308949677585e-06,-9.25414022904336e-06
1217-SFP13,congruent,164,-4.591662091898506e-08,-5.285929284750571e-06
1217-SFP13,congruent,165,-2.275453032998299e-06,-3.866959463992763e-06
1217-SFP13,congruent,166,8.54215842939315e-07,-7.746150875469284e-06
1217-SFP13,congruent,167,2.202821135130932e-06,-9.807175498852925e-06
1217-SFP13,congruent,168,1.3773736324540774e-06,4.321147344976539e-06
1217-SFP13,congruent,169,-1.7737294256702538e-06,1.4832324846860272e-06
1217-SFP13,congruent,170,1.0059838733801858e-05,7.429629570913073e-06
1217-SFP13,congruent,171,-3.7004742004945876e-06,4.976707103048214e-06
1217-SFP13,congruent,172,-6.2033492388360855e-06,-7.881822717405886e-06
1217-SFP13,congruent,173,8.234799104947413e-06,1.1786053526061879e-05
1217-SFP13,congruent,174,-5.582017452363876e-06,-1.0299978472210849e-05
1217-SFP13,congruent,175,4.344902482652074e-06,-2.92869928896518e-06
1217-SFP13,congruent,176,-1.4389103692310083e-06,-5.846890077610186e-06
1217-SFP13,congruent,177,1.0095062526963825e-05,4.482498605561543e-06
1217-SFP13,congruent,178,7.9605182549226e-06,8.110232200662994e-06
1217-SFP13,congruent,179,-1.994136186895824e-06,-4.050889709464451e-06
1217-SFP13,congruent,180,1.2193693882367009e-06,-6.882732272198407e-07
1217-SFP13,congruent,181,-5.1355767678459755e-06,-9.944573775140605e-06
1217-SFP13,congruent,182,3.568823453727047e-06,-2.173390969104623e-07
1217-SFP13,congruent,183,-1.6876319960615035e-06,-6.829264474965214e-06
1217-SFP13,congruent,184,3.7122268327966965e-06,2.68550204538074e-06
1217-SFP13,congruent,185,-4.8352536377138865e-06,-2.918677896909264e-06
1217-SFP13,congruent,186,5.271371117569218e-06,1.0554766943277565e-06
1217-SFP13,congruent,187,-7.258936173402136e-06,1.1140075270665375e-06
1217-SFP13,incongruent,0,-1.5202648420419684e-05,-3.711732730271568e-06
1217-SFP13,incongruent,1,6.824645280251411e-07,-4.484336492393856e-06
1217-SFP13,incongruent,2,-2.6096342014914107e-06,6.281491998167586e-06
1217-SFP13,incongruent,3,-2.0889328973755806e-06,-4.076079313214667e-06
1217-SFP13,incongruent,4,6.210845122701052e-06,1.157205045763559e-05
1217-SFP13,incongruent,5,-1.7913553907733011e-06,3.2292261545310703e-06
1217-SFP13,incongruent,6,-6.330243292576119e-06,-3.6032904984852266e-06
1217-SFP13,incongruent,7,1.224950431638194e-06,7.766500217447407e-06
1217-SFP13,incongruent,8,-2.7285653022570526e-06,-7.830615176775478e-06
1217-SFP13,incongruent,9,1.569115374815625e-06,2.9665100309126696e-06
1217-SFP13,incongruent,10,2.6260014221965254e-06,-5.333571853398139e-06
1217-SFP13,incongruent,11,7.208177187334834e-06,3.5514649034835813e-06
1217-SFP13,incongruent,12,-8.902125945179121e-06,-4.624296379776597e-06
1217-SFP13,incongruent,13,-7.125464334814685e-06,-4.745841528690661e-06
1217-SFP13,incongruent,14,-2.599029998835055e-06,1.0818883260949073e-05
1217-SFP13,incongruent,15,1.4491186501780115e-06,5.17747418000859e-06
1217-SFP13,incongruent,16,-3.3609602554986733e-06,1.8373537924718165e-06
1217-SFP13,incongruent,17,5.003716200685669e-06,8.980470402858607e-06
1217-SFP13,incongruent,18,-9.451288936291037e-07,-8.297061538533523e-07
1217-SFP13,incongruent,19,1.0475033640384642e-05,5.174017236699779e-06
1217-SFP13,incongruent,20,5.281333024908662e-06,8.474046182378492e-06
1217-SFP13,incongruent,21,-3.291892970429191e-06,2.8829517713988312e-06
1217-SFP13,incongruent,22,7.457918974563869e-07,3.5432559734695873e-06
1217-SFP13,incongruent,23,5.004432676810851e-06,1.1920478529145333e-05
1217-SFP13,incongruent,24,5.695577941137284e-06,-1.0058772308031655e-06
1217-SFP13,incongruent,25,1.4608087960534505e-06,6.843252289586086e-07
1217-SFP13,incongruent,26,4.748338380843854e-06,5.424255394707555e-06
1217-SFP13,incongruent,27,1.9218700583389883e-06,1.484983875889602e-06
1217-SFP13,incongruent,28,3.6888324490517038e-06,2.5755441548414934e-06
1217-SFP13,incongruent,29,8.150797518876548e-07,7.169211131632199e-06
1217-SFP13,incongruent,30,7.402668710441683e-06,5.447259297526455e-06
1217-SFP13,incongruent,31,5.315862922367416e-07,8.759631542797247e-06
1217-SFP13,incongruent,32,-4.0238357273779216e-06,-4.023295251473939e-06
1217-SFP13,incongruent,33,-1.1537052414578689e-06,-5.136536027196139e-06
1217-SFP13,incongruent,34,5.346905884584694e-06,4.581149582261026e-06
1217-SFP13,incongruent,35,-3.431977895231332e-06,6.3765344116929655e-06
1217-SFP13,incongruent,36,-6.555150746018047e-06,1.0788409629592954e-06
1217-SFP13,incongruent,37,-6.726613999336205e-06,1.6780150333848745e-06
1217-SFP13,incongruent,38,6.425170655394133e-07,2.3515788393190897e-06
1217-SFP13,incongruent,39,-1.5052422196828559e-06,5.800731894646457e-06
1217-SFP13,incongruent,40,6.563795718288558e-07,4.081198891059813e-06
1217-SFP13,incongruent,41,-4.959209020475953e-06,1.2204968232437322e-07
1217-SFP13,incongruent,42,7.462274236761344e-06,2.5098541475232246e-06
1217-SFP13,incongruent,43,-1.2953169813145245e-06,-2.00039548470481e-06
1217-SFP13,incongruent,44,1.734349638997294e-06,8.745935117671057e-06
1217-SFP13,incongruent,45,-6.71246002131607e-06,1.5774433081632956e-06
1217-SFP13,incongruent,46,-4.4167599348817456e-06,-5.746185188076212e-06
1217-SFP13,incongruent,47,1.2109670286180708e-06,7.093462810779153e-06
1217-SFP13,incongruent,48,-8.763970052341448e-06,6.665561505266226e-06
1217-SFP13,incongruent,49,8.109237687835515e-06,7.5494971438755566e-06
1217-SFP13,incongruent,50,-9.595936648742434e-07,3.996473721469111e-06
1217-SFP13,incongruent,51,-2.4504259472395046e-06,4.170903326847359e-06
1217-SFP13,incongruent,52,-4.652160146887156e-08,3.9155235358554384e-06
1217-SFP13,incongruent,53,-9.710986730995121e-06,-1.4697768261996098e-07
1217-SFP13,incongruent,54,-2.6511694134118495e-06,6.272288130916892e-06
1217-SFP13,incongruent,55,1.0225772686783519e-05,-7.453734389417943e-07
1217-SFP13,incongruent,56,-7.296013436424894e-06,1.094531676144854e-07
1217-SFP13,incongruent,57,-9.735350846763511e-06,-4.089476442448726e-06
1217-SFP13,incongruent,58,2.467361462771607e-06,9.481130491397228e-06
1217-SFP13,incongruent,59,8.598402417871076e-06,1.8642826309523966e-06
1217-SFP13,incongruent,60,4.173867630344314e-06,-5.747105412566513e-06
1217-SFP13,incongruent,61,1.4421686800861062e-07,-1.9702680189037874e-06
1217-SFP13,incongruent,62,-3.551636743622072e-06,1.0156612778945378e-06
1217-SFP13,incongruent,63,-2.1813392793314762e-07,-5.074813730068367e-07
1217-SFP13,incongruent,64,-1.1177076943627434e-05,2.5635318354355702e-06
1217-SFP13,incongruent,65,2.6296699255784452e-06,3.4878761219342445e-06
1217-SFP13,incongruent,66,-9.994423092617606e-06,-3.2143684322025907e-06
0207-IFIR3,congruent,0,2.5590153572608134e-06,3.4098802860530615e-06
0207-IFIR3,congruent,1,4.382091240559894e-07,4.7456989059096257e-07
0207-IFIR3,congruent,2,-2.3855149324680596e-06,1.3162753651271342e-06
0207-IFIR3,congruent,3,6.727104413388183e-06,-1.0517767401953603e-06
0207-IFIR3,congruent,4,3.7133909246284896e-06,-1.1148021841314875e-06
0207-IFIR3,congruent,5,1.8020179030687777e-06,2.0846117858997296e-06
0207-IFIR3,congruent,6,1.0795432973092808e-05,8.132474674282261e-06
0207-IFIR3,congruent,7,3.136404560851173e-06,3.263815351004502e-07
0207-IFIR3,congruent,8,5.105584159564456e-06,5.7333639857137965e-06
0207-IFIR3,congruent,9,9.70446741455366e-06,7.734745976491066e-06
0207-IFIR3,congruent,10,4.61973527461987e-06,-3.0511752883820862e-06
0207-IFIR3,congruent,11,3.379515576179167e-06,1.2387667908456037e-06
0207-IFIR3,congruent,12,3.9562255229521704e-06,-2.7039966216803625e-06
0207-IFIR3,congruent,13,-1.6373944142337136e-06,-7.124442262558748e-07
0207-IFIR3,congruent,14,-8.143862735026106e-06,-5.331410102595037e-06
0207-IFIR3,congruent,15,5.788172108208611e-07,1.3967644912626405e-06
0207-IFIR3,congruent,16,-1.225967783578259e-06,4.805757457051231e-06
0207-IFIR3,congruent,17,-8.125384655300946e-06,-1.192359727686099e-05
0207-IFIR3,congruent,18,5.111707076072631e-06,3.2180562811057786e-06
0207-IFIR3,congruent,19,1.694685737764379e-06,2.8088934371326565e-06
0207-IFIR3,congruent,20,1.3901421963473585e-06,-1.3658767103804704e-06
0207-IFIR3,congruent,21,2.0816822481871294e-06,-1.8778058491645107e-06
0207-IFIR3,congruent,22,1.0818604322313124e-05,8.330513819679046e-06
0207-IFIR3,congruent,23,1.436852664841527e-06,-2.283902215747748e-07
0207-IFIR3,congruent,24,6.847009828419868e-06,1.7565906366831875e-06
0207-IFIR3,congruent,25,4.226781457555726e-06,-5.292742850318024e-06
0207-IFIR3,congruent,26,6.9667526860134175e-06,6.4964815033583465e-06
0207-IFIR3,congruent,27,8.904786249624213e-06,6.429336116229596e-06
0207-IFIR3,congruent,28,1.320888548336306e-06,-5.473041971839852e-06
0207-IFIR3,congruent,29,6.761636785733858e-07,1.364277121028133e-06
0207-IFIR3,congruent,30,1.4845133831193172e-06,-1.486903195665894e-06
0207-IFIR3,congruent,31,4.138665530838083e-06,4.1449693790545465e-06
0207-IFIR3,congruent,32,6.3393966752084715e-06,-2.3407402395491825e-06
0207-IFIR3,congruent,33,6.337072923258591e-07,5.766340810937726e-07
0207-IFIR3,congruent,34,3.7282648020507237e-06,5.589582921855735e-07
0207-IFIR3,congruent,35,2.677117291733213e-07,4.8379771926720295e-06
0207-IFIR3,congruent,36,3.975395805265507e-06,4.4250976740474994e-07
0207-IFIR3,congruent,37,5.097433510667974e-06,8.74001448226549e-06
0207-IFIR3,congruent,38,-3.2392243736322953e-06,-1.79774544785047e-06
0207-IFIR3,congruent,39,6.587146389073274e-07,-8.965196523966372e-07
0207-IFIR3,congruent,40,-7.979131381626101e-07,-1.2023669519050433e-06
0207-IFIR3,congruent,41,7.244639989346144e-06,4.541366792472133e-06
0207-IFIR3,congruent,42,5.683732454790788e-06,-1.0773430796840375e-06
0207-IFIR3,congruent,43,5.973771169582506e-06,5.9941482825994464e-06
0207-IFIR3,congruent,44,-1.4343372316530466e-06,-5.466286327413173e-06
0207-IFIR3,congruent,45,2.525539670522016e-07,-6.799883569952232e-07
0207-IFIR3,congruent,46,1.14574257989251e-06,-1.898650150342419e-06
0207-IFIR3,congruent,47,1.5004247343499188e-06,-3.798302780123816e-06
0207-IFIR3,congruent,48,7.882470321883454e-06,3.639718110030452e-06
0207-IFIR3,congruent,49,2.3035509915167304e-06,5.110296674655865e-06
0207-IFIR3,congruent,50,-5.917967585094088e-07,-6.489368120787675e-06
0207-IFIR3,congruent,51,1.2374059311073686e-06,1.5043750185412028e-06
0207-IFIR3,congruent,52,-4.7250474969062245e-06,4.136371442219157e-07
0207-IFIR3,congruent,53,4.29476264039747e-06,7.57427608372709e-07
0207-IFIR3,congruent,54,5.2405840836533735e-06,5.092207739530161e-06
0207-IFIR3,congruent,55,4.666977853978995e-06,-1.5366394634899754e-07
0207-IFIR3,congruent,56,3.726099014401728e-06,-4.285843536266478e-06
0207-IFIR3,congruent,57,-6.56946552978991e-06,-5.37770277403684e-06
0207-IFIR3,congruent,58,-1.2562052747319527e-06,4.14449884301646e-07
0207-IFIR3,congruent,59,-1.0739171851129156e-06,-3.0570032339310386e-06
0207-IFIR3,congruent,60,2.896603189086306e-06,8.933957789703642e-07
0207-IFIR3,congruent,61,4.588870440642848e-06,-1.3116754826715756e-07
0207-IFIR3,congruent,62,1.5250948177410166e-06,3.164737552600262e-06
0207-IFIR3,congruent,63,7.992445373547007e-07,-2.979011134931408e-06
0207-IFIR3,congruent,64,2.8318715399338993e-06,2.9375390546078065e-06
0207-IFIR3,congruent,65,4.209242616756739e-06,-8.753137446713026e-07
0207-IFIR3,congruent,66,6.972938106569294e-07,4.23257065835948e-06
0207-IFIR3,congruent,67,8.186096057524342e-07,2.9093089587595466e-06
0207-IFIR3,congruent,68,2.915760338899608e-06,-1.1193975159035714e-06
0207-IFIR3,congruent,69,8.459821463965221e-06,5.66775900321759e-07
0207-IFIR3,congruent,70,2.718947978052671e-06,3.721892052028952e-06
0207-IFIR3,congruent,71,1.292544066842749e-05,4.266365370093526e-06
0207-IFIR3,congruent,72,-1.1351094024195864e-06,-1.1363026772526846e-06
0207-IFIR3,congruent,73,5.831247604664713e-06,3.880692481425545e-06
0207-IFIR3,congruent,74,1.455432996525802e-06,-2.6242870218856743e-07
0207-IFIR3,congruent,75,-5.660090029869756e-07,2.737702180253364e-06
0207-IFIR3,congruent,76,7.349896063690708e-06,6.2299945263000465e-06
0207-IFIR3,congruent,77,-5.155530538793621e-06,-1.8262716405023715e-06
0207-IFIR3,congruent,78,-6.2508960060727346e-06,-8.545899757105846e-06
0207-IFIR3,congruent,79,-8.296692815744672e-07,-1.0216807140071558e-06
0207-IFIR3,congruent,80,1.937615449444129e-06,-3.006531668260022e-06
0207-IFIR3,congruent,81,1.7288291993589963e-06,-1.161998368531412e-06
0207-IFIR3,congruent,82,4.919508826837552e-06,-2.2572486201063047e-06
0207-IFIR3,congruent,83,5.7255585914525436e-06,-5.61628349354958e-07
0207-IFIR3,congruent,84,2.130950970846392e-06,-1.0964788217518395e-06
0207-IFIR3,congruent,85,4.839211404133571e-06,4.6136150322785e-06
0207-IFIR3,congruent,86,-4.938550065653706e-06,-3.98344395099792e-06
0207-IFIR3,congruent,87,1.5206266773842383e-06,-1.738383030150418e-06
0207-IFIR3,congruent,88,7.047129738958369e-06,7.630189996539186e-06
0207-IFIR3,congruent,89,1.2137235154658564e-07,1.356494773942263e-06
0207-IFIR3,congruent,90,1.0571619315076582e-05,3.765440674403624e-06
0207-IFIR3,congruent,91,2.808214409190145e-06,2.970089558406656e-07
0207-IFIR3,congruent,92,3.3882994272266376e-06,1.7263947876185699e-06
0207-IFIR3,congruent,93,-4.102035717172215e-06,-2.787449437872378e-06
0207-IFIR3,congruent,94,6.97322892695459e-06,3.6043343587726536e-06
0207-IFIR3,congruent,95,5.436069602428516e-06,-1.1517521577569172e-06
0207-IFIR3,congruent,96,6.478839308316859e-06,2.698536679457429e-06
0207-IFIR3,congruent,97,7.356614036277919e-06,1.7874020788592323e-06
0207-IFIR3,congruent,98,2.934643661276818e-06,6.410003786635491e-06
0207-IFIR3,congruent,99,1.919760570621603e-05,9.215260914973772e-06
0207-IFIR3,congruent,100,4.4228427429699345e-06,-1.6624054448569157e-06
0207-IFIR3,congruent,101,1.6552922084764575e-06,3.127739060626145e-06
0207-IFIR3,congruent,102,2.0046232212725664e-06,2.417306358057426e-06
0207-IFIR3,congruent,103,-5.079545097664573e-07,3.3516699958845037e-06
0207-IFIR3,congruent,104,9.30006419735488e-07,-2.5877289052523683e-06
0207-IFIR3,congruent,105,5.140929903969591e-06,5.688710377732914e-06
0207-IFIR3,congruent,106,-2.2105854852173227e-07,-1.6743780107961897e-06
0207-IFIR3,congruent,107,1.4208732074256287e-06,-1.6695517542572689e-06
0207-IFIR3,congruent,108,3.183725404364062e-06,4.980896682905856e-06
0207-IFIR3,congruent,109,5.402647246371992e-06,1.738307685735316e-06
0207-IFIR3,congruent,110,-1.241558397597591e-06,1.8216528322730634e-06
0207-IFIR3,congruent,111,-2.5441336000201575e-06,-1.939746304237506e-06
0207-IFIR3,congruent,112,1.3009318607051713e-06,-1.3694054148037512e-06
0207-IFIR3,congruent,113,3.470341259516271e-06,4.482373389063066e-06
0207-IFIR3,congruent,114,1.7542158157516513e-07,-1.4397022219422186e-06
0207-IFIR3,congruent,115,5.475584975632964e-06,5.293671247048368e-06
0207-IFIR3,congruent,116,-2.2342348388088297e-06,-3.6363338246705626e-06
0207-IFIR3,congruent,117,1.6468317341351458e-06,2.8485133766102882e-06
0207-IFIR3,congruent,118,8.209261191330575e-07,2.81725612934443e-07
0207-IFIR3,congruent,119,3.6780427882983135e-06,-5.0170942937943426e-06
0207-IFIR3,congruent,120,1.567688159346338e-06,7.760135986812439e-07
0207-IFIR3,congruent,121,4.150612863363153e-06,5.260325534146253e-06
0207-IFIR3,congruent,122,-2.3217177341840174e-06,-1.12760119231214e-06
0207-IFIR3,congruent,123,3.3390069374278094e-06,-1.6583026440935947e-06
0207-IFIR3,congruent,124,4.26352240594042e-06,-7.310592755131222e-07
0207-IFIR3,congruent,125,8.065813793405162e-06,4.970964417214443e-06
0207-IFIR3,congruent,126,-2.6972324101583933e-06,-2.1567062655493566e-06
0207-IFIR3,congruent,127,-1.0280019933059645e-06,3.64402501604101e-06
0207-IFIR3,congruent,128,2.0987871586283805e-07,3.1580292184680005e-06
0207-IFIR3,congruent,129,3.192281540516973e-06,-8.147254554119682e-07
0207-IFIR3,congruent,130,-2.18960919758652e-06,-5.973697841236842e-07
0207-IFIR3,congruent,131,-4.7544568366415224e-08,-1.4086112765939693e-06
0207-IFIR3,congruent,132,-3.444755120607606e-07,5.612441336975237e-07
0207-IFIR3,congruent,133,7.397345230466971e-06,4.8739481802868756e-06
0207-IFIR3,congruent,134,4.389834201325956e-06,-1.5892564852145816e-06
0207-IFIR3,congruent,135,2.0880533644261196e-06,2.659435405005382e-07
0207-IFIR3,congruent,136,-3.914922058497723e-06,6.934308081523679e-07
0207-IFIR3,congruent,137,-3.390911016962695e-08,-2.783054408476917e-06
0207-IFIR3,congruent,138,-5.036923019867512e-06,-2.864261331950792e-06
0207-IFIR3,congruent,139,4.703792874891639e-06,6.507370029070834e-06
0207-IFIR3,congruent,140,-3.0686751844828542e-06,-2.2566193517677758e-06
0207-IFIR3,congruent,141,-5.874740907008825e-06,-3.0924473707225576e-06
0207-IFIR3,congruent,142,-5.311940800385864e-06,-3.82969337324269e-06
0207-IFIR3,congruent,143,-7.469566345750138e-06,-7.984195188177665e-06
0207-IFIR3,congruent,144,1.6427362248919747e-06,2.4782272292671964e-06
0207-IFIR3,congruent,145,-6.70141701756201e-06,-4.12663320828604e-06
0207-IFIR3,congruent,146,1.1286674628113693e-06,2.4615597435914946e-06
0207-IFIR3,congruent,147,-2.1969654510745495e-06,2.0916087178272096e-06
0207-IFIR3,congruent,148,-1.4231983480482361e-06,-2.0196081287403988e-07
0207-IFIR3,congruent,149,-3.7912922450993323e-07,-1.0766190434517078e-06
0207-IFIR3,congruent,150,-3.0309732997353145e-06,-4.656823014486511e-06
0207-IFIR3,congruent,151,3.4178464712679434e-06,2.557374133512831e-07
0207-IFIR3,congruent,152,2.7590142170347677e-06,2.7525277070455633e-06
0207-IFIR3,congruent,153,2.3113477577105346e-06,-8.522828916099113e-07
0207-IFIR3,congruent,154,2.356095338889224e-06,1.8674733146193737e-06
0207-IFIR3,congruent,155,-2.8973549306421376e-06,2.1814549444638647e-06
0207-IFIR3,congruent,156,-1.1025237760065815e-06,-5.486299041056111e-06
0207-IFIR3,congruent,157,8.94367522618518e-06,3.830135426563869e-06
0207-IFIR3,congruent,158,-3.2938682715886897e-06,-4.5292933103883185e-06
0207-IFIR3,congruent,159,-1.7563392416983746e-06,-2.7868321101657995e-06
0207-IFIR3,congruent,160,2.6386415755641385e-07,2.2240502069778873e-06
0207-IFIR3,congruent,161,5.786616864731422e-06,3.486133556493713e-06
0207-IFIR3,congruent,162,2.0819212662450007e-06,-2.7309753409678075e-07
0207-IFIR3,congruent,163,-3.541962131730831e-07,-2.7591398428875104e-06
0207-IFIR3,congruent,164,6.57025714204082e-07,-2.42865537892048e-07
0207-IFIR3,congruent,165,-5.250131928139137e-06,-7.533689357933232e-06
0207-IFIR3,congruent,166,4.390854852248217e-06,7.593124959351697e-07
0207-IFIR3,congruent,167,1.1321303298261506e-06,2.763972295967547e-06
0207-IFIR3,congruent,168,3.5604287812160154e-06,6.99839546780092e-06
0207-IFIR3,congruent,169,1.0237105831592444e-05,4.5905216088534585e-06
0207-IFIR3,congruent,170,3.970548890296971e-06,5.210701780319466e-06
0207-IFIR3,congruent,171,3.6507471675472326e-06,3.656526670752254e-06
0207-IFIR3,congruent,172,7.803159644588417e-07,2.9445426854177165e-06
0207-IFIR3,congruent,173,4.370716006904442e-06,6.765446108507382e-06
0207-IFIR3,congruent,174,5.862603853707869e-06,6.672705539350383e-06
0207-IFIR3,congruent,175,-5.1754837396419496e-06,-3.5767981377150425e-06
0207-IFIR3,congruent,176,2.207935088209707e-06,3.2110834649276875e-08
0207-IFIR3,congruent,177,1.9956026213979976e-06,2.9720197698605305e-06
0207-IFIR3,congruent,178,3.0072063714805473e-06,3.787998441828384e-06
0207-IFIR3,congruent,179,8.610577147867851e-07,-8.460737037216738e-07
0207-IFIR3,congruent,180,1.055898207690828e-06,2.5086787035122882e-06
0207-IFIR3,congruent,181,-2.8723936651167707e-06,-2.5504627412238677e-06
0207-IFIR3,congruent,182,-7.119014372351978e-06,-5.720427509129548e-07
0207-IFIR3,congruent,183,1.169753404188303e-05,3.0147016659781627e-06
0207-IFIR3,congruent,184,1.411495303486349e-06,-4.264453380121694e-06
0207-IFIR3,congruent,185,5.0367253160747815e-06,5.028429681357589e-07
0207-IFIR3,congruent,186,7.140863301168232e-06,8.12631268348668e-06
0207-IFIR3,congruent,187,-3.181003276501424e-06,-2.900484941654006e-06
0207-IFIR3,congruent,188,-1.4540565080746483e-06,2.817379472754539e-06
0207-IFIR3,congruent,189,-7.3812027074043315e-06,-9.32789871283196e-06
0207-IFIR3,congruent,190,7.142338723595219e-06,2.1273558609676624e-06
0207-IFIR3,congruent,191,4.676997156650381e-06,3.723751338357643e-06
0207-IFIR3,congruent,192,8.356419255586365e-06,1.7124178608720974e-06
0207-IFIR3,congruent,193,6.019424623021517e-06,5.569670672852908e-06
0207-IFIR3,congruent,194,-4.3004948781699426e-07,3.041830315071114e-06
0207-IFIR3,congruent,195,7.511279710811548e-06,7.353548462200091e-06
0207-IFIR3,congruent,196,-2.5480901559754195e-07,2.276312302690186e-06
0207-IFIR3,congruent,197,-7.368815236581983e-06,-7.096304606453011e-06
0207-IFIR3,congruent,198,2.6878817228459218e-06,-6.276982474377126e-07
0207-IFIR3,congruent,199,6.086680229251069e-06,2.253640418702185e-06
0207-IFIR3,congruent,200,6.758849260190546e-06,2.5722623257748983e-06
0207-IFIR3,congruent,201,-2.6051235435059648e-06,3.162272428955985e-07
0207-IFIR3,congruent,202,-8.05208642063955e-06,-8.787895115260102e-06
0207-IFIR3,congruent,203,2.8717730798173695e-06,-6.036848926830428e-08
0207-IFIR3,incongruent,0,-5.866400327341788e-06,-7.098286940578144e-06
0207-IFIR3,incongruent,1,1.398250760560339e-06,2.504580325056056e-06
0207-IFIR3,incongruent,2,8.65944525791456e-06,9.287079978455068e-06
0207-IFIR3,incongruent,3,7.725141974088396e-06,4.518309753528584e-06
0207-IFIR3,incongruent,4,4.64940664409177e-06,4.648165823281003e-07
0207-IFIR3,incongruent,5,9.652183225174536e-06,6.7556323675219954e-06
0207-IFIR3,incongruent,6,4.392510484073629e-07,-1.6866803131550383e-06
0207-IFIR3,incongruent,7,3.4708321419002807e-06,-3.5901375461450846e-09
0207-IFIR3,incongruent,8,1.0045226787507e-05,1.083926910620008e-05
0207-IFIR3,incongruent,9,2.611961662681998e-07,-1.0428396632549798e-06
0207-IFIR3,incongruent,10,5.012582372826805e-06,7.101345277465739e-06
0207-IFIR3,incongruent,11,6.291069021792768e-06,2.805140034912416e-06
0207-IFIR3,incongruent,12,6.627126954987061e-06,-2.096309761340448e-06
0207-IFIR3,incongruent,13,-1.3879291694155827e-06,-3.7859404605229152e-06
0207-IFIR3,incongruent,14,4.222590617636559e-06,1.3706985718409856e-06
0207-IFIR3,incongruent,15,-2.308354179966153e-06,-1.5176279763290936e-07
0207-IFIR3,incongruent,16,-4.3512656343908445e-06,-4.615665208403843e-06
0207-IFIR3,incongruent,17,1.756068160802446e-06,-2.1160593504288766e-06
0207-IFIR3,incongruent,18,-1.6118730612575933e-06,2.2810409690985312e-06
0207-IFIR3,incongruent,19,4.486100912677101e-06,2.962183724355338e-06
0207-IFIR3,incongruent,20,-1.8569696717412093e-06,-3.3320743018061887e-06
0207-IFIR3,incongruent,21,-3.551710559868529e-06,1.0650032448265379e-07
0207-IFIR3,incongruent,22,-2.4677755306132576e-06,3.7148527493956824e-06
0207-IFIR3,incongruent,23,2.035071680100017e-06,1.5948683397429671e-06
0207-IFIR3,incongruent,24,9.647524358496813e-06,6.882009098502672e-06
0207-IFIR3,incongruent,25,-1.2490141866886332e-06,-4.23890353943699e-06
0207-IFIR3,incongruent,26,-2.1030499758310398e-07,-1.0226364453165448e-07
0207-IFIR3,incongruent,27,-6.985421456202614e-07,-1.0167996469719571e-06
0207-IFIR3,incongruent,28,1.4112015441474994e-06,1.4399359687526233e-06
0207-IFIR3,incongruent,29,6.02582608763326e-06,3.474219809189827e-06
0207-IFIR3,incongruent,30,5.531751521253981e-06,3.3652942929804914e-07
0207-IFIR3,incongruent,31,8.564951081716907e-06,4.152564984410524e-06
0207-IFIR3,incongruent,32,7.059009712719233e-06,6.269758500293595e-06
0207-IFIR3,incongruent,33,4.593401963153614e-06,7.071717059104436e-06
0207-IFIR3,incongruent,34,1.2589240116661534e-06,8.409190978828286e-07
0207-IFIR3,incongruent,35,1.017625453453822e-05,2.815449267542631e-06
0207-IFIR3,incongruent,36,-1.196406347558106e-06,1.8386806107536321e-06
0207-IFIR3,incongruent,37,1.3392597507349469e-05,7.172359838146027e-06
0207-IFIR3,incongruent,38,1.5660897236969843e-06,3.809106942660613e-06
0207-IFIR3,incongruent,39,-2.875093246736243e-07,1.8781630676954977e-06
0207-IFIR3,incongruent,40,5.678616944059634e-06,1.5794949380332049e-06
0207-IFIR3,incongruent,41,8.391807191555286e-07,-1.2330995917266298e-06
0207-IFIR3,incongruent,42,5.134386849066099e-06,4.366686907377535e-06
0207-IFIR3,incongruent,43,7.204769049678184e-06,6.686639950244133e-06
0207-IFIR3,incongruent,44,3.7052004359437676e-06,4.219107752384945e-06
0207-IFIR3,incongruent,45,4.4457748496045e-06,4.8228815643270806e-06
0207-IFIR3,incongruent,46,4.000764531506835e-06,1.2276018087795326e-06
0207-IFIR3,incongruent,47,6.583893935858255e-07,3.1189796959301902e-06
0207-IFIR3,incongruent,48,8.607212554382562e-06,7.5670746269842625e-06
0207-IFIR3,incongruent,49,6.896999291652518e-06,6.552160472616241e-06
0207-IFIR3,incongruent,50,4.385147011545556e-06,5.244375681561001e-06
0207-IFIR3,incongruent,51,-7.150811382467383e-07,-8.286334521032086e-07
0207-IFIR3,incongruent,52,3.958907632760796e-06,-6.579622680095243e-07
0207-IFIR3,incongruent,53,-2.7015737197089553e-06,-9.82961244349857e-07
0207-IFIR3,incongruent,54,-2.903746689987812e-06,-3.3555493162419266e-07
0207-IFIR3,incongruent,55,-2.4740367085196404e-06,-2.2227165241521967e-06
0207-IFIR3,incongruent,56,6.818931302166661e-06,2.9845465792849665e-08
0207-IFIR3,incongruent,57,6.404235308790851e-06,2.421807589100652e-06
0207-IFIR3,incongruent,58,4.423859256275128e-06,-5.096575088769784e-07
0207-IFIR3,incongruent,59,-8.257642136237474e-07,3.628735171558351e-07
0207-IFIR3,incongruent,60,1.1568457522316713e-05,6.798121643538764e-06
0207-IFIR3,incongruent,61,2.9778441501541976e-06,3.2341561500871612e-06
0207-IFIR3,incongruent,62,-1.3588987104849787e-06,1.0172285521278342e-06
0207-IFIR3,incongruent,63,-3.903705433196509e-06,-2.7786747685905418e-06
0207-IFIR3,incongruent,64,1.5822263833418531e-06,3.3716983497747333e-06
0207-IFIR3,incongruent,65,-1.5565927929686611e-06,2.7077480262303814e-06
0207-IFIR3,incongruent,66,3.6704492935471617e-06,1.8756057921547174e-07
0207-IFIR3,incongruent,67,-1.3368434328725012e-06,-1.902667891457073e-07
0207-IFIR3,incongruent,68,7.145028351962698e-07,1.2143474570475186e-06
0207-IFIR3,incongruent,69,1.7327432419419262e-08,7.758775155997676e-06
0102-PV1XF,congruent,0,-1.3087236488927245e-06,-8.376600211719949e-07
0102-PV1XF,congruent,1,-4.745092927776565e-06,-5.795606982301205e-06
0102-PV1XF,congruent,2,2.233988293691793e-06,2.0752044953784344e-06
0102-PV1XF,congruent,3,-3.401149506177661e-06,-5.055573362298112e-06
0102-PV1XF,congruent,4,7.554391150352069e-06,5.7016264993934776e-06
0102-PV1XF,congruent,5,-5.042712467607936e-07,2.974321235411752e-06
0102-PV1XF,congruent,6,-8.014213337748326e-06,-4.058831662479495e-06
0102-PV1XF,congruent,7,-8.697021022705734e-06,-8.911854865931214e-06
0102-PV1XF,congruent,8,1.6350984427766431e-06,2.8413719731293494e-07
0102-PV1XF,congruent,9,-2.594916073318172e-07,1.483746085338449e-06
0102-PV1XF,congruent,10,9.780724865846432e-06,-1.34149791211691e-06
0102-PV1XF,congruent,11,-6.873172044219423e-06,-1.8713155878936052e-06
0102-PV1XF,congruent,12,-9.179350501578448e-06,-9.682052053482359e-06
0102-PV1XF,congruent,13,1.7851932998500228e-06,-6.813081056449812e-06
0102-PV1XF,congruent,14,-2.044726849996965e-06,-7.646086679555916e-07
0102-PV1XF,congruent,15,2.1145178778005064e-07,-8.505596818745448e-06
0102-PV1XF,congruent,16,-3.6376494230388004e-06,-6.313779354263674e-06
0102-PV1XF,congruent,17,5.758150811582875e-06,7.034194787447325e-07
0102-PV1XF,congruent,18,-4.7503054765694934e-07,-2.665821171528245e-07
0102-PV1XF,congruent,19,7.944949920171783e-07,4.1758980909363904e-06
0102-PV1XF,congruent,20,8.566123524691607e-06,2.5642625573032473e-06
0102-PV1XF,congruent,21,2.633677106838521e-06,3.776172503627303e-06
0102-PV1XF,congruent,22,3.7879746438579872e-06,-2.8700451536098797e-06
0102-PV1XF,congruent,23,-5.018480681176893e-07,2.2658682107019058e-07
0102-PV1XF,congruent,24,-2.9951326686712133e-06,-5.425956855557318e-06
0102-PV1XF,congruent,25,4.148785132253835e-06,1.6529191292430285e-06
0102-PV1XF,congruent,26,-3.4263547867218974e-06,-5.123559853210475e-06
0102-PV1XF,congruent,27,3.228020788031405e-06,7.560021620476429e-06
0102-PV1XF,congruent,28,-4.227548958418837e-06,1.0346912819894374e-06
0102-PV1XF,congruent,29,2.4974419820665777e-07,-5.419996556392358e-06
0102-PV1XF,congruent,30,6.960400153502264e-06,-9.058444348845852e-06
0102-PV1XF,congruent,31,6.883818978913128e-06,4.472592030566866e-06
0102-PV1XF,congruent,32,8.413808470002698e-06,5.896491916249054e-07
0102-PV1XF,congruent,33,-2.345208501369921e-06,7.228909969544492e-06
0102-PV1XF,congruent,34,7.145988601825419e-06,2.454133009473681e-06
0102-PV1XF,congruent,35,3.5448464910969003e-06,-1.0505783838247212e-06
0102-PV1XF,congruent,36,1.1455334341758917e-06,6.03932423428315e-06
0102-PV1XF,congruent,37,-2.820898362421515e-06,-7.903961200577072e-06
0102-PV1XF,congruent,38,-2.069083761520115e-06,2.0522501933876174e-06
0102-PV1XF,congruent,39,-2.377870752572515e-06,-9.599020906315129e-06
0102-PV1XF,congruent,40,1.098537667046131e-05,-1.006966729427652e-06
0102-PV1XF,congruent,41,2.3395890284927885e-06,-5.260695260535523e-06
0102-PV1XF,congruent,42,-2.590978813577918e-06,-4.4837558708696915e-06
0102-PV1XF,congruent,43,2.8151979463408924e-06,-3.569188166708363e-06
0102-PV1XF,congruent,44,4.896208584336937e-06,6.987841435234044e-06
0102-PV1XF,congruent,45,4.753799127101012e-06,2.2860525101038445e-06
0102-PV1XF,congruent,46,7.178173899864592e-07,3.287457609091862e-07
0102-PV1XF,congruent,47,4.621507745604533e-06,3.1117543597286547e-06
0102-PV1XF,congruent,48,2.160282605751282e-06,-1.5388544964513958e-06
0102-PV1XF,congruent,49,-7.694025164546245e-06,5.06215870816063e-06
0102-PV1XF,congruent,50,-5.286449349367792e-06,2.1285276658710306e-06
0102-PV1XF,congruent,51,2.3034188928317908e-06,-2.9543799635118733e-06
0102-PV1XF,congruent,52,-1.618603062183549e-06,-4.5950192084589236e-06
0102-PV1XF,congruent,53,9.1055798181268e-06,-4.323632047546805e-07
0102-PV1XF,congruent,54,5.234807361421907e-06,6.726088759094882e-06
0102-PV1XF,congruent,55,8.152251308144038e-06,-6.124642315171936e-07
0102-PV1XF,congruent,56,6.498109064893077e-06,9.484699925989696e-06
0102-PV1XF,congruent,57,-1.1989823028867614e-05,-1.1030983729106317e-05
0102-PV1XF,congruent,58,2.363569719807169e-06,-2.6640025256717826e-07
0102-PV1XF,congruent,59,1.5182589453888194e-06,2.8061577807830918e-06
0102-PV1XF,congruent,60,3.711511646372287e-06,-3.11356397790814e-06
0102-PV1XF,congruent,61,6.304492095657727e-06,1.1235533096851529e-05
0102-PV1XF,congruent,62,-1.6411366821784278e-06,8.365588829554765e-06
0102-PV1XF,congruent,63,1.3587516050209904e-05,6.271849560340212e-06
0102-PV1XF,congruent,64,7.248942126909675e-06,3.681413122146025e-06
0102-PV1XF,congruent,65,-2.254919301478405e-06,-3.487243854642743e-06
0102-PV1XF,congruent,66,-4.895447912272741e-06,6.179841726066906e-06
0102-PV1XF,congruent,67,-4.329283448658473e-07,-8.40649628423013e-06
0102-PV1XF,congruent,68,5.563911442176131e-06,2.112146418811729e-07
0102-PV1XF,congruent,69,-2.5681579468429366e-06,-6.191171599530154e-06
0102-PV1XF,congruent,70,-1.9019129428669328e-06,-2.399914594390195e-06
0102-PV1XF,congruent,71,-1.072972321354459e-05,-1.2387861948942045e-05
0102-PV1XF,congruent,72,4.0623936727759874e-07,-3.3418373144597127e-06
0102-PV1XF,congruent,73,1.6678708664729173e-06,3.3409772705909785e-06
0102-PV1XF,congruent,74,-2.0771296939252954e-06,-3.5552222288237417e-06
0102-PV1XF,congruent,75,4.866731449421738e-06,4.238260353809782e-06
0102-PV1XF,congruent,76,2.874257926032685e-06,3.47497201566669e-06
0102-PV1XF,congruent,77,5.818921965429421e-06,9.560025600960318e-06
0102-PV1XF,congruent,78,-5.672486579148814e-07,-5.2369089237202415e-06
0102-PV1XF,congruent,79,7.838229186202548e-07,6.363356282338774e-06
0102-PV1XF,congruent,80,6.963715384024856e-07,-2.0608312756137714e-06
0102-PV1XF,congruent,81,2.1393335013223654e-06,1.3522925276370562e-07
0102-PV1XF,congruent,82,-7.69157597366522e-06,-1.0552743386016828e-05
0102-PV1XF,congruent,83,-4.423337563918529e-06,-7.202750385578566e-06
0102-PV1XF,congruent,84,7.46127750008979e-06,4.092358084202225e-07
0102-PV1XF,congruent,85,2.1965025505259005e-06,1.868862581222595e-06
0102-PV1XF,congruent,86,-6.176138863258942e-06,-8.848529042820244e-06
0102-PV1XF,congruent,87,1.2521814299038042e-06,9.64720338973298e-07
0102-PV1XF,congruent,88,-9.839271131779412e-06,-3.002445606209776e-06
0102-PV1XF,congruent,89,9.598641381256252e-06,-1.6350853233926883e-06
0102-PV1XF,congruent,90,3.061906235135416e-06,-5.595797219963785e-06
0102-PV1XF,congruent,91,3.982533736728267e-06,-6.30198201024589e-06
0102-PV1XF,congruent,92,8.732766878343407e-06,6.335648833163516e-06
0102-PV1XF,congruent,93,9.084938557371544e-06,8.604878416335833e-06
0102-PV1XF,congruent,94,7.496511914105985e-06,6.727062122024616e-06
0102-PV1XF,congruent,95,7.592102466471804e-06,2.473650088696698e-06
0102-PV1XF,congruent,96,1.7335095860962124e-06,3.587936790558108e-06
0102-PV1XF,congruent,97,5.7701623879941815e-06,8.342511816579718e-06
0102-PV1XF,congruent,98,7.0786041949926185e-06,1.1926835106252932e-05
0102-PV1XF,congruent,99,-7.313019823534413e-06,-1.0517747263798184e-05
0102-PV1XF,congruent,100,-5.651267957549824e-06,8.683436118227546e-07
0102-PV1XF,congruent,101,-3.1168194088212303e-06,-1.0460386139070743e-06
0102-PV1XF,congruent,102,-1.2853425113125646e-06,2.766742954151566e-07
0102-PV1XF,congruent,103,-3.878642977618721e-06,8.164875630006506e-06
0102-PV1XF,congruent,104,7.435524199192276e-06,5.199480586770185e-06
0102-PV1XF,congruent,105,-4.784916624585138e-06,-2.0725862544107608e-06
0102-PV1XF,congruent,106,-4.9100137431885106e-06,-5.945235291183451e-06
0102-PV1XF,congruent,107,-9.120063986409821e-06,-1.0337168470822355e-05
0102-PV1XF,congruent,108,1.0398606815727435e-05,2.24499500976139e-06
0102-PV1XF,congruent,109,2.617821404007022e-06,4.840096732445572e-06
0102-PV1XF,congruent,110,7.682889193268585e-06,1.4072393523384666e-06
0102-PV1XF,congruent,111,2.224435079763765e-06,6.638087996275447e-06
0102-PV1XF,congruent,112,-1.2228198316997051e-06,-5.794775268974671e-06
0102-PV1XF,congruent,113,1.9927041667592567e-06,-4.687194483194466e-06
0102-PV1XF,congruent,114,1.7871739935732619e-07,-5.0373056665091575e-06
0102-PV1XF,congruent,115,9.746757826692685e-07,-5.127520745147321e-07
0102-PV1XF,congruent,116,5.1005599581195525e-06,-1.2067883575061972e-07
0102-PV1XF,congruent,117,-2.2561754737701316e-06,-1.6861917079772818e-06
0102-PV1XF,congruent,118,1.5191289641694003e-06,1.6964994686754583e-06
0102-PV1XF,congruent,119,-9.723520700918921e-06,-9.210935413730254e-06
0102-PV1XF,congruent,120,1.1963645697630298e-05,2.7687252164357945e-06
0102-PV1XF,congruent,121,6.041521421605771e-06,4.541705096372796e-06
0102-PV1XF,congruent,122,-3.1740602656635536e-07,1.686158864926389e-06
0102-PV1XF,congruent,123,-3.6157234507295432e-06,-3.521587457920426e-06
0102-PV1XF,congruent,124,-6.242672827216684e-06,-3.592087305053111e-06
0102-PV1XF,congruent,125,3.2009090886330128e-06,-1.3040685492087264e-06
0102-PV1XF,congruent,126,3.564275004016173e-06,-3.7961913915525183e-06
0102-PV1XF,congruent,127,1.6404500321342448e-06,-1.9586675193776492e-06
0102-PV1XF,congruent,128,-1.9138531803459515e-06,-1.5353058665349896e-06
0102-PV1XF,congruent,129,2.938036824744604e-06,7.380283537481102e-06
0102-PV1XF,congruent,130,-3.155478354356843e-06,5.500264200972031e-07
0102-PV1XF,congruent,131,-1.6317375307167508e-06,1.3002263333159289e-06
0102-PV1XF,congruent,132,7.185634401326305e-06,8.991783101470125e-06
0102-PV1XF,congruent,133,7.530114528341537e-07,3.1146506133659037e-06
0102-PV1XF,congruent,134,7.696876476292015e-06,9.017604724936434e-07
0102-PV1XF,congruent,135,9.133947197504276e-07,-8.669266140156818e-07
0102-PV1XF,congruent,136,1.896391650824114e-06,-6.249723877776848e-07
0102-PV1XF,congruent,137,-2.301407379960993e-06,-1.1398027420994996e-05
0102-PV1XF,congruent,138,1.2508651098472627e-05,1.576935817369648e-05
0102-PV1XF,congruent,139,7.047321398846083e-06,1.0588804258143176e-05
0102-PV1XF,congruent,140,-1.6457943231130825e-06,-3.5254996021978893e-06
0102-PV1XF,congruent,141,5.428936404385143e-06,-7.155857980803472e-07
0102-PV1XF,congruent,142,7.676885502115622e-06,5.378439170415265e-06
0102-PV1XF,congruent,143,1.0288486903564282e-05,1.706482355912993e-06
0102-PV1XF,congruent,144,2.911377694158158e-06,8.600646179094896e-06
0102-PV1XF,congruent,145,-2.2396846241475655e-06,-4.4263202889741355e-06
0102-PV1XF,congruent,146,-7.05828270769039e-06,-6.02328292622473e-06
0102-PV1XF,congruent,147,4.30176911316081e-06,6.466409545808381e-07
0102-PV1XF,congruent,148,6.155755798958833e-07,5.506356810606313e-06
0102-PV1XF,congruent,149,2.2174987472124e-06,-4.470355157681225e-06
0102-PV1XF,congruent,150,-4.103628091277806e-06,4.6496500633134696e-07
0102-PV1XF,congruent,151,-1.0345403475624112e-05,-4.03208262078563e-09
0102-PV1XF,congruent,152,9.095499127775276e-06,2.1993214934907525e-06
0102-PV1XF,congruent,153,3.959243709349741e-06,5.662272112154054e-06
0102-PV1XF,congruent,154,8.95987787447523e-08,-5.0369149496444e-06
0102-PV1XF,congruent,155,8.473841107019612e-06,5.0873913989249084e-06
0102-PV1XF,congruent,156,-6.651187389140036e-06,-7.336036727546921e-06
0102-PV1XF,congruent,157,-9.681261006900586e-07,-1.4871314923099035e-06
0102-PV1XF,congruent,158,-3.4562952082331537e-06,-2.6618978645045747e-06
0102-PV1XF,congruent,159,-3.938735434798065e-06,-5.417309813957148e-06
0102-PV1XF,congruent,160,9.386130926028536e-06,4.853502792243609e-06
0102-PV1XF,congruent,161,-3.6099488406011894e-07,5.715829591379033e-06
0102-PV1XF,congruent,162,-1.9390295132110546e-06,-3.400523044807972e-06
0102-PV1XF,congruent,163,1.2385929812917587e-06,2.4776657916645415e-06
0102-PV1XF,congruent,164,-5.215720668533583e-06,-8.805778148858686e-06
0102-PV1XF,congruent,165,5.75851014151912e-06,6.868826969175173e-09
0102-PV1XF,congruent,166,5.357241374861966e-06,-3.290649659994992e-07
0102-PV1XF,congruent,167,7.696349024494667e-06,3.7161902507492206e-06
0102-PV1XF,congruent,168,6.34742216159483e-06,5.101022679291692e-06
0102-PV1XF,congruent,169,-1.0194688894679254e-06,7.4594936455614634e-06
0102-PV1XF,congruent,170,-2.0069224446162137e-05,-3.075924254766086e-06
0102-PV1XF,congruent,171,3.88592179194262e-07,-2.91975326458708e-06
0102-PV1XF,congruent,172,-1.1648990045602039e-05,1.7513405637642136e-06
0102-PV1XF,congruent,173,-1.0257203974937449e-05,-2.7298912615952573e-06
0102-PV1XF,congruent,174,2.5920752294257433e-06,3.575485751970952e-06
0102-PV1XF,congruent,175,1.4350386465676527e-06,9.191920086792802e-07
0102-PV1XF,congruent,176,4.976349654484784e-06,-4.936667375632509e-06
0102-PV1XF,congruent,177,5.678639612386549e-06,4.599995777880579e-06
0102-PV1XF,congruent,178,-1.1946543760642316e-06,-5.578038635223347e-06
0102-PV1XF,congruent,179,4.774665124844512e-06,4.372867392088647e-06
0102-PV1XF,congruent,180,3.4538749508945588e-06,1.9170609091648604e-06
0102-PV1XF,congruent,181,4.94426434169348e-06,1.039574109012792e-05
0102-PV1XF,congruent,182,9.786859985054392e-07,-5.58946251970902e-06
0102-PV1XF,congruent,183,-7.544770882100702e-06,1.1933648556393445e-06
0102-PV1XF,congruent,184,-3.691616673030263e-06,-2.6108957212623484e-06
0102-PV1XF,congruent,185,3.2144077663851722e-06,-1.8485271125452491e-06
0102-PV1XF,congruent,186,2.196977352051867e-06,8.457672662282766e-08
0102-PV1XF,congruent,187,2.5374091368108487e-06,-4.144736509246179e-06
0102-PV1XF,congruent,188,-1.6439970563233497e-06,-4.9250713184518514e-06
0102-PV1XF,congruent,189,6.911217951394186e-06,-2.287102422152302e-06
0102-PV1XF,congruent,190,3.6200429678602473e-06,-1.8183809089429758e-06
0102-PV1XF,congruent,191,5.569912923518117e-06,2.875758164875344e-07
0102-PV1XF,congruent,192,5.126388930301806e-06,-4.656632412857617e-06
0102-PV1XF,congruent,193,1.613251208646422e-05,9.602649928341943e-06
0102-PV1XF,congruent,194,3.5064214730805726e-06,2.3655379990223146e-06
0102-PV1XF,congruent,195,2.2600308241426217e-06,-1.210058887922053e-06
0102-PV1XF,congruent,196,7.660979333699032e-06,2.747584043401784e-06
0102-PV1XF,congruent,197,3.602666340542827e-06,1.0173544091005855e-06
0102-PV1XF,congruent,198,3.3212878493876537e-06,5.713575560724886e-07
0102-PV1XF,congruent,199,4.612215018782313e-06,-1.9571856961857716e-06
0102-PV1XF,congruent,200,2.308299042171184e-06,3.914057974422765e-06
0102-PV1XF,congruent,201,-2.2487725329692533e-06,-8.642515337639554e-06
0102-PV1XF,congruent,202,-5.294398622930426e-07,-3.0951490019941698e-06
0102-PV1XF,congruent,203,1.521238012060997e-06,-7.586991655147047e-06
0102-PV1XF,congruent,204,3.113410879486136e-06,3.815630115714897e-06
0102-PV1XF,congruent,205,2.9412790887800878e-06,-2.0565291378294314e-06
0102-PV1XF,incongruent,0,1.4116537333835445e-05,4.806338224838009e-06
0102-PV1XF,incongruent,1,-1.4694073438797927e-06,3.054969786065372e-06
0102-PV1XF,incongruent,2,-3.103149807108042e-06,4.541682020948726e-07
0102-PV1XF,incongruent,3,-4.7594892079464935e-06,1.0285967914379653e-06
0102-PV1XF,incongruent,4,-9.233422823670592e-06,-3.355838338432152e-06
0102-PV1XF,incongruent,5,4.466794350720865e-06,9.619713176950274e-06
0102-PV1XF,incongruent,6,8.73043325886311e-06,1.5077648803762635e-06
0102-PV1XF,incongruent,7,8.175159907727834e-07,1.385310695725389e-06
0102-PV1XF,incongruent,8,5.801064028473805e-06,4.915546745489737e-06
0102-PV1XF,incongruent,9,-3.85187427267609e-06,-9.079258287935118e-06
0102-PV1XF,incongruent,10,-1.9970383757079146e-06,1.3663137982462683e-06
0102-PV1XF,incongruent,11,-8.691796577548886e-06,-2.230478416663731e-06
0102-PV1XF,incongruent,12,-5.414355832200356e-07,3.894402258598064e-06
0102-PV1XF,incongruent,13,-2.0346928100309126e-06,5.3669332437039714e-06
0102-PV1XF,incongruent,14,-3.478775458587023e-09,-3.138864415905001e-06
0102-PV1XF,incongruent,15,-2.3075942548019228e-06,2.26547222417901e-06
0102-PV1XF,incongruent,16,7.473439907970654e-07,6.609224583427437e-06
0102-PV1XF,incongruent,17,1.4063932234652539e-06,1.7534410611662834e-06
0102-PV1XF,incongruent,18,-1.0963219162405387e-05,3.534459452110399e-06
0102-PV1XF,incongruent,19,2.1696918576525123e-07,7.774286874119978e-06
0102-PV1XF,incongruent,20,-3.0680328682270124e-06,6.802572452546447e-06
0102-PV1XF,incongruent,21,3.6042535745745224e-06,4.810363191472166e-06
0102-PV1XF,incongruent,22,5.7461291506356e-06,1.0176986608809967e-05
0102-PV1XF,incongruent,23,2.1008920369326057e-06,6.769011437847738e-06
0102-PV1XF,incongruent,24,-4.768997749923061e-06,5.33707403306665e-07
0102-PV1XF,incongruent,25,1.0284951444476558e-05,1.7669369999516075e-05
0102-PV1XF,incongruent,26,7.657397519177665e-06,2.9611637373686908e-06
0102-PV1XF,incongruent,27,2.7387113842481137e-06,5.994354471621189e-06
0102-PV1XF,incongruent,28,1.489151892525205e-07,6.8317403133443004e-06
0102-PV1XF,incongruent,29,7.760834456912996e-07,-3.4296564187352407e-06
0102-PV1XF,incongruent,30,1.0961376231837803e-06,5.03618495000749e-06
0102-PV1XF,incongruent,31,4.684629383589058e-06,8.064493552934102e-06
0102-PV1XF,incongruent,32,-3.872085089766919e-06,1.0673142504142175e-06
0102-PV1XF,incongruent,33,-5.256324951916714e-06,4.235380496953395e-06
0102-PV1XF,incongruent,34,5.483489235179377e-06,1.0033767052773385e-05
0102-PV1XF,incongruent,35,-1.3461032843950417e-06,-3.3264973553764787e-06
0102-PV1XF,incongruent,36,8.573171212308781e-06,2.5031750769196896e-06
0102-PV1XF,incongruent,37,7.221828777585983e-07,5.771937704949674e-06
0102-PV1XF,incongruent,38,5.100680874110028e-06,1.9233194358821418e-06
0102-PV1XF,incongruent,39,4.078193296034013e-06,5.302627477058727e-06
0102-PV1XF,incongruent,40,3.0294865596536185e-06,4.45444414651379e-06
0102-PV1XF,incongruent,41,1.6587391661048763e-06,3.0776911426249494e-06
0102-PV1XF,incongruent,42,1.2221069630127633e-05,8.258979003640894e-06
0102-PV1XF,incongruent,43,-1.3652505014347131e-05,2.867341189849911e-06
0102-PV1XF,incongruent,44,4.71763827735788e-06,8.901216596738417e-06
0102-PV1XF,incongruent,45,-2.382305935512864e-06,-8.877864648436752e-06
0102-PV1XF,incongruent,46,5.149753307216136e-06,1.0396626377185764e-05
0102-PV1XF,incongruent,47,-2.8053268444318263e-06,-5.141989695687178e-07
0102-PV1XF,incongruent,48,3.709308911563262e-06,4.83707805021349e-06
0102-PV1XF,incongruent,49,-7.170645316920971e-07,9.988323370338488e-06
0102-PV1XF,incongruent,50,-9.500811368664843e-06,-7.1565555219295485e-06
0102-PV1XF,incongruent,51,4.001209265621553e-06,2.9753591527284708e-06
0102-PV1XF,incongruent,52,2.0695274528853547e-06,6.599629735056659e-06
0102-PV1XF,incongruent,53,1.648976995762525e-06,1.3340811173228368e-05
0102-PV1XF,incongruent,54,3.872636867125005e-07,1.0802553120069768e-05
0102-PV1XF,incongruent,55,2.9202854854864667e-06,-2.293662621398223e-06
0102-PV1XF,incongruent,56,-8.320898787182614e-06,-9.591093244367692e-06
0102-PV1XF,incongruent,57,2.8433891370692513e-06,9.890758589482231e-06
0102-PV1XF,incongruent,58,4.772223437602919e-06,3.981197987824903e-06
0102-PV1XF,incongruent,59,5.198648897575656e-06,1.0197351511459786e-05
0102-PV1XF,incongruent,60,-4.693420834452172e-07,7.427492619725641e-06
0102-PV1XF,incongruent,61,-7.367841999223211e-06,4.12936534445249e-06
0102-PV1XF,incongruent,62,-3.1207169319574553e-06,6.471505639598176e-06
0102-PV1XF,incongruent,63,-2.581742669105306e-06,-1.9239880741161823e-06
0102-PV1XF,incongruent,64,-6.651378679300002e-07,1.9734718371312e-06
0102-PV1XF,incongruent,65,1.0836057450318826e-05,1.1815156736062545e-05
0102-PV1XF,incongruent,66,-4.369646264000412e-06,-9.578878218469073e-06
0102-PV1XF,incongruent,67,1.8773984064590859e-06,2.5464961653669792e-08
0102-PV1XF,incongruent,68,1.5386391274659177e-10,-2.1440485479612055e-06
0102-PV1XF,incongruent,69,8.397037337772866e-06,7.326091222323588e-06
0102-PV1XF,incongruent,70,-7.380273639543963e-06,2.536270911669416e-06
0102-PV1XF,incongruent,71,4.592924759575374e-06,3.615056554313901e-06
0102-PV1XF,incongruent,72,7.219343623437961e-07,-1.1692989318858402e-06
0213-WHEUJ,congruent,0,1.3990897356732629e-05,8.876217945577751e-06
0213-WHEUJ,congruent,1,2.446975855455195e-06,3.6860524115218994e-06
0213-WHEUJ,congruent,2,4.9218782403530765e-06,-7.054551597414157e-07
0213-WHEUJ,congruent,3,4.148176223272879e-06,-6.98701907356075e-06
0213-WHEUJ,congruent,4,-9.73061322403937e-07,4.016986517074078e-06
0213-WHEUJ,congruent,5,-5.504962546274207e-06,-1.1518044093711256e-05
0213-WHEUJ,congruent,6,-4.6726949656017015e-07,1.245549193366476e-06
0213-WHEUJ,congruent,7,3.206568771493911e-06,-6.78497905333731e-07
0213-WHEUJ,congruent,8,-1.1713914101169302e-06,-1.2299485589478738e-05
0213-WHEUJ,congruent,9,1.7203444760636544e-05,4.8491668848891566e-06
0213-WHEUJ,congruent,10,1.5099389958084138e-05,1.1093928559739562e-05
0213-WHEUJ,congruent,11,-1.4104926555814286e-05,-6.829456883173731e-06
0213-WHEUJ,congruent,12,6.402997281126545e-06,-1.3870901907644462e-06
0213-WHEUJ,congruent,13,-1.3326354748378748e-05,-8.358469724702653e-06
0213-WHEUJ,congruent,14,1.694870647555424e-07,7.625410409680548e-06
0213-WHEUJ,congruent,15,-3.0139924057094233e-06,-4.251899904942929e-06
0213-WHEUJ,congruent,16,1.0658287067302747e-06,1.9044426566543798e-06
0213-WHEUJ,congruent,17,-3.3988645264010485e-06,-2.7370908707531267e-08
0213-WHEUJ,congruent,18,6.779838572425626e-06,-5.955259554944302e-07
0213-WHEUJ,congruent,19,2.09552160071154e-06,-7.523698214759256e-07
0213-WHEUJ,congruent,20,-1.668682999805095e-05,-6.749415758377404e-06
0213-WHEUJ,congruent,21,-4.4346140411044776e-06,-8.031545930204644e-06
0213-WHEUJ,congruent,22,7.772155366065605e-06,1.4314531427399423e-05
0213-WHEUJ,congruent,23,-1.7742857475126914e-05,-1.4646804902735925e-05
0213-WHEUJ,congruent,24,1.6084538030616974e-06,1.8601951531329785e-06
0213-WHEUJ,congruent,25,-5.8056364521964875e-06,1.0835448218506436e-06
0213-WHEUJ,congruent,26,-1.445200420284925e-06,-1.2048883724951516e-05
0213-WHEUJ,congruent,27,1.1376267737440099e-05,1.2211151652828992e-05
0213-WHEUJ,congruent,28,-6.078959359380601e-06,-5.528950609230536e-06
0213-WHEUJ,congruent,29,4.696611194593981e-06,-9.9347260668756e-06
0213-WHEUJ,congruent,30,-2.988905896099318e-06,-4.72221763942574e-06
0213-WHEUJ,congruent,31,8.270261172406807e-06,1.1892813639729956e-05
0213-WHEUJ,congruent,32,-2.1740882317426855e-06,-9.86505178691804e-06
0213-WHEUJ,congruent,33,1.2203459971439884e-05,1.2912468095692232e-06
0213-WHEUJ,congruent,34,2.4897790720799618e-06,-6.436167553640819e-06
0213-WHEUJ,congruent,35,2.4726286530028896e-06,-2.4182907418345565e-06
0213-WHEUJ,congruent,36,1.999581894988083e-06,-6.383378353724493e-06
0213-WHEUJ,congruent,37,-1.3609822134119572e-06,-7.298969672453491e-06
0213-WHEUJ,congruent,38,1.1000793583842355e-07,-5.676438341267753e-07
0213-WHEUJ,congruent,39,8.409276435501563e-06,7.119394107545175e-06
0213-WHEUJ,congruent,40,-2.3646118866085935e-06,-2.876275312255715e-07
0213-WHEUJ,congruent,41,9.73287559288492e-06,2.8555242246789408e-06
0213-WHEUJ,congruent,42,8.15254912220852e-06,1.2866362217334006e-05
0213-WHEUJ,congruent,43,4.053089178294976e-06,-1.1078890355433338e-05
0213-WHEUJ,congruent,44,9.344148294321451e-07,-4.117523531096168e-06
0213-WHEUJ,congruent,45,-1.9602680693699232e-06,4.5536006716615626e-07
0213-WHEUJ,congruent,46,8.961270565057342e-06,-6.799519305520791e-06
0213-WHEUJ,congruent,47,-3.1377135536877873e-06,-9.371070330658664e-06
0213-WHEUJ,congruent,48,1.4281243021723269e-05,1.5990345469989605e-05
0213-WHEUJ,congruent,49,9.725107206424327e-06,1.9585400353265452e-05
0213-WHEUJ,congruent,50,3.829843569500512e-06,3.5828143409982777e-07
0213-WHEUJ,congruent,51,3.7770314891053914e-06,5.864907722042896e-06
0213-WHEUJ,congruent,52,3.4760150016536913e-06,3.4766562991919555e-06
0213-WHEUJ,congruent,53,-3.407740975116869e-06,8.907563219865273e-07
0213-WHEUJ,congruent,54,1.0271699754046769e-05,9.143634796577657e-06
0213-WHEUJ,congruent,55,-7.946266225439001e-08,-1.584089440034075e-06
0213-WHEUJ,congruent,56,-1.0780474328161132e-05,-1.1650876103358518e-06
0213-WHEUJ,congruent,57,7.078260909907247e-06,6.4814355469221185e-06
0213-WHEUJ,congruent,58,4.886500158504562e-07,-3.4257444664641552e-06
0213-WHEUJ,congruent,59,6.0660122949309925e-06,-4.983308120647574e-06
0213-WHEUJ,congruent,60,1.4623706954342565e-06,9.68657334897373e-06
0213-WHEUJ,congruent,61,-3.7342458883411573e-07,-5.727585012869523e-06
0213-WHEUJ,congruent,62,1.0448446292454494e-05,-5.813484966083111e-07
0213-WHEUJ,congruent,63,1.1659863629259923e-05,7.771103563106715e-06
0213-WHEUJ,congruent,64,8.390237893971217e-07,3.139287827941519e-06
0213-WHEUJ,congruent,65,-7.469040722895064e-06,-4.062449900388947e-06
0213-WHEUJ,congruent,66,5.069648179405522e-06,-9.635098726849726e-06
0213-WHEUJ,congruent,67,2.918143271092137e-06,-5.453587684339594e-07
0213-WHEUJ,congruent,68,1.2102740244696733e-06,-3.960071750364593e-06
0213-WHEUJ,congruent,69,7.12797869792531e-06,-4.9716262093131985e-06
0213-WHEUJ,congruent,70,1.6715139174445072e-05,9.019486905698536e-06
0213-WHEUJ,congruent,71,1.4946216552046872e-05,1.6432592671013432e-06
0213-WHEUJ,congruent,72,1.1413680597768316e-05,1.0382360811398362e-05
0213-WHEUJ,congruent,73,1.395492589877355e-05,1.7377200372746464e-05
0213-WHEUJ,congruent,74,-9.788665263663327e-06,-1.7064064305262155e-06
0213-WHEUJ,congruent,75,-6.204241442510044e-06,-1.564029139048289e-05
0213-WHEUJ,congruent,76,3.628768050118254e-06,3.852158233559757e-06
0213-WHEUJ,congruent,77,-3.5604467388258526e-06,5.254569281395979e-06
0213-WHEUJ,congruent,78,-5.477726299281561e-06,-1.0112269361211103e-05
0213-WHEUJ,congruent,79,8.070188232860233e-06,1.866490982913393e-07
0213-WHEUJ,congruent,80,3.1368853507387707e-06,1.5506357251832023e-06
0213-WHEUJ,congruent,81,-1.0097290797706761e-05,-6.783394648939071e-06
0213-WHEUJ,congruent,82,3.7066464079587423e-06,-3.5286287761856366e-07
0213-WHEUJ,congruent,83,6.9738589491040685e-06,8.463418148701903e-06
0213-WHEUJ,congruent,84,1.8429782342953538e-06,-5.9587534091562245e-06
0213-WHEUJ,congruent,85,5.922326731533079e-06,1.3820779045395386e-06
0213-WHEUJ,congruent,86,2.096354884529904e-06,-4.1532480795658975e-06
0213-WHEUJ,congruent,87,-7.0417624427042545e-06,-7.122607986834446e-06
0213-WHEUJ,congruent,88,1.9311400227862504e-06,-2.963376760185432e-06
0213-WHEUJ,congruent,89,3.2524055752046012e-06,-4.424786601405519e-06
0213-WHEUJ,congruent,90,5.7306577231668165e-06,4.175008752792137e-06
0213-WHEUJ,congruent,91,1.8319527524477096e-06,-2.381064010907244e-06
0213-WHEUJ,congruent,92,3.162302270949219e-06,-4.773612319553205e-06
0213-WHEUJ,congruent,93,1.5613650938634654e-05,5.655902711585753e-07
0213-WHEUJ,congruent,94,-1.2819183552773711e-05,-7.581356794822671e-06
0213-WHEUJ,congruent,95,1.2263326630600724e-06,2.4578696262007027e-06
0213-WHEUJ,congruent,96,7.929016658044254e-06,2.1936255683903827e-06
0213-WHEUJ,congruent,97,3.3192098023244302e-06,9.611173949756444e-06
0213-WHEUJ,congruent,98,-5.735573925907533e-07,-1.0678908661300191e-05
0213-WHEUJ,congruent,99,-1.8439580307973768e-06,-4.785385495696524e-06
0213-WHEUJ,congruent,100,2.5022772628517014e-06,3.3768440418170586e-06
0213-WHEUJ,congruent,101,-1.029760701721805e-05,-1.5612421055975116e-05
0213-WHEUJ,congruent,102,-5.2285082343079465e-06,-1.0613642954523438e-05
0213-WHEUJ,congruent,103,-6.4515143024039834e-06,-1.462684533649948e-05
0213-WHEUJ,congruent,104,1.367138140386725e-05,9.097878163433504e-06
0213-WHEUJ,congruent,105,-4.879302525340993e-07,-4.67906989904204e-06
0213-WHEUJ,congruent,106,2.8622816340988417e-06,5.3851403941068635e-06
0213-WHEUJ,congruent,107,4.415073232850351e-06,-2.240774218336919e-06
0213-WHEUJ,congruent,108,-9.353591210990624e-07,6.334887052592919e-06
0213-WHEUJ,congruent,109,-4.0643682506913045e-06,4.9816557377672864e-06
0213-WHEUJ,congruent,110,7.948794443670758e-06,1.9759238266129916e-06
0213-WHEUJ,congruent,111,1.0729637718318767e-05,1.3661111109247962e-05
0213-WHEUJ,congruent,112,9.223833742860227e-07,1.4000554439801528e-07
0213-WHEUJ,congruent,113,5.716861438334882e-06,1.8854035292245336e-06
0213-WHEUJ,congruent,114,8.434238741971214e-06,5.653906741387314e-06
0213-WHEUJ,congruent,115,1.0128869064697132e-06,4.720385021381617e-06
0213-WHEUJ,congruent,116,-2.1854790425287354e-06,-1.8490521907310864e-06
0213-WHEUJ,congruent,117,1.3413557877653523e-06,2.9933758837407387e-06
0213-WHEUJ,congruent,118,-2.030620453498525e-06,-4.2043839954773696e-06
0213-WHEUJ,congruent,119,5.070306956910446e-06,3.427899730147613e-06
0213-WHEUJ,congruent,120,6.583555512956515e-06,1.0921100739970227e-06
0213-WHEUJ,congruent,121,-1.4390695763888757e-06,2.6405654835004207e-06
0213-WHEUJ,congruent,122,-2.1325251694418234e-06,2.513162660241603e-07
0213-WHEUJ,congruent,123,-5.430491495873419e-07,-2.369619104160747e-07
0213-WHEUJ,congruent,124,1.4107209363523384e-06,5.1659257045562245e-06
0213-WHEUJ,congruent,125,-2.0347622039562746e-06,-5.5671108044025256e-06
0213-WHEUJ,congruent,126,1.540469012550523e-05,1.1590533610184379e-05
0213-WHEUJ,congruent,127,1.263144149904523e-05,1.9360461944372583e-05
0213-WHEUJ,congruent,128,-8.611705200868273e-07,-5.849981204742636e-06
0213-WHEUJ,congruent,129,1.5723267749871806e-06,9.212031872599531e-06
0213-WHEUJ,congruent,130,-7.185042323451636e-06,-6.461757781313445e-06
0213-WHEUJ,congruent,131,-3.0810649806485838e-06,-6.826015799079088e-06
0213-WHEUJ,congruent,132,1.7839221379276499e-06,3.3996348141620623e-06
0213-WHEUJ,congruent,133,-4.386920010518508e-06,-2.050197177738565e-06
0213-WHEUJ,congruent,134,8.712177639028081e-06,-8.29600139535187e-06
0213-WHEUJ,congruent,135,9.367939359067004e-06,8.206020716793346e-06
0213-WHEUJ,congruent,136,-2.6258001357948376e-06,6.665013996574369e-07
0213-WHEUJ,congruent,137,1.6579914340336049e-06,3.5501606469230674e-06
0213-WHEUJ,congruent,138,2.589119543968073e-06,-3.7753009442864226e-06
0213-WHEUJ,congruent,139,1.0877612372711233e-06,-2.035538685980696e-06
0213-WHEUJ,congruent,140,1.050546726562628e-05,8.3753194173815e-06
0213-WHEUJ,congruent,141,-3.1382165756347033e-06,-6.89890661249429e-06
0213-WHEUJ,congruent,142,5.410002652142743e-06,-1.2663837094223827e-06
0213-WHEUJ,congruent,143,2.7273600799356045e-07,-7.179416815608121e-07
0213-WHEUJ,congruent,144,6.642557391293205e-06,-4.965518165909626e-06
0213-WHEUJ,congruent,145,-2.040488200691787e-06,-6.971458877803431e-06
0213-WHEUJ,congruent,146,8.665288314054501e-06,1.9874583603501246e-06
0213-WHEUJ,congruent,147,-3.960615225539991e-06,-8.696387544387075e-06
0213-WHEUJ,congruent,148,7.473420410427515e-07,8.26297029166166e-06
0213-WHEUJ,congruent,149,-1.3797163153259295e-06,-5.754257448541718e-06
0213-WHEUJ,incongruent,0,-3.0152047311224355e-06,2.183530156094519e-06
0213-WHEUJ,incongruent,1,3.78842149466007e-06,1.4755068913245322e-06
0213-WHEUJ,incongruent,2,2.11912054230771e-06,5.093857694028483e-06
0213-WHEUJ,incongruent,3,7.322996545478976e-06,8.389907861730554e-06
0213-WHEUJ,incongruent,4,3.99660314840231e-06,-1.6384643398194836e-06
0213-WHEUJ,incongruent,5,9.879157657144607e-06,1.1062715176072913e-05
0213-WHEUJ,incongruent,6,2.6654674376087444e-06,5.2266432414114875e-06
0213-WHEUJ,incongruent,7,8.954191867655035e-06,3.991795187042819e-06
0213-WHEUJ,incongruent,8,6.053816649861617e-06,1.544950391796692e-06
0213-WHEUJ,incongruent,9,1.4639880286489615e-05,8.292001797720016e-06
0213-WHEUJ,incongruent,10,4.024837939551407e-06,1.3845727746179503e-06
0213-WHEUJ,incongruent,11,1.2200731287591642e-06,4.3305722046678246e-06
0213-WHEUJ,incongruent,12,8.133287251482181e-06,6.887382679952197e-06
0213-WHEUJ,incongruent,13,7.438407342707179e-07,-4.570536478507947e-06
0213-WHEUJ,incongruent,14,3.6218238682546253e-06,1.106511176536975e-05
0213-WHEUJ,incongruent,15,5.729272351550587e-06,1.7332516815927283e-05
0213-WHEUJ,incongruent,16,-1.5547516758391598e-06,1.1174901969439464e-05
0213-WHEUJ,incongruent,17,1.1419790032632737e-05,6.177832191518659e-06
0213-WHEUJ,incongruent,18,4.799381070463972e-06,5.896661807764516e-06
0213-WHEUJ,incongruent,19,1.1546273758587005e-05,1.4115445814800322e-05
0213-WHEUJ,incongruent,20,-7.185512584857211e-07,1.787986302741038e-06
0213-WHEUJ,incongruent,21,6.212822960427261e-07,-7.84502177562978e-06
0213-WHEUJ,incongruent,22,1.5255373473655878e-06,1.879814310891272e-06
0213-WHEUJ,incongruent,23,8.760319327683805e-06,3.5623526494965316e-06
0213-WHEUJ,incongruent,24,8.652918391765795e-07,4.069599087680176e-06
0213-WHEUJ,incongruent,25,6.1101019946069546e-06,2.0543884365022416e-06
0213-WHEUJ,incongruent,26,2.9057788766554165e-06,8.211451257512167e-06
0213-WHEUJ,incongruent,27,6.289615221717597e-07,1.0130123840819345e-07
0213-WHEUJ,incongruent,28,6.9150985081993706e-06,4.731786625549521e-06
0213-WHEUJ,incongruent,29,1.0728435688773809e-05,5.037337707179831e-06
0213-WHEUJ,incongruent,30,5.4218063107408e-06,2.3410708854667544e-05
0213-WHEUJ,incongruent,31,6.239524610962102e-06,4.442975484883436e-06
0213-WHEUJ,incongruent,32,1.3538522186833367e-05,9.606138559839005e-06
0213-WHEUJ,incongruent,33,6.53781379094303e-06,1.4313735715758545e-05
0213-WHEUJ,incongruent,34,-1.5929272572769007e-06,7.07990630596248e-06
0213-WHEUJ,incongruent,35,1.0954392329736356e-05,1.6070081149655602e-06
0213-WHEUJ,incongruent,36,1.4435325272035575e-05,1.0524058648698355e-05
0213-WHEUJ,incongruent,37,-6.619121260206698e-06,-4.636133691153425e-06
0213-WHEUJ,incongruent,38,1.977393894563438e-05,7.427909093996707e-06
0213-WHEUJ,incongruent,39,1.5577497948154132e-05,1.558701444505653e-05
0213-WHEUJ,incongruent,40,1.2547123744556595e-06,1.021900286868059e-05
0213-WHEUJ,incongruent,41,-1.4237647719347977e-06,5.2015774605097625e-06
0213-WHEUJ,incongruent,42,9.935107795392052e-06,1.0294614383749044e-05
0213-WHEUJ,incongruent,43,3.28917715610499e-06,1.7400879294667613e-06
0213-WHEUJ,incongruent,44,1.0575693348170972e-05,1.1476658346607346e-05
0213-WHEUJ,incongruent,45,1.626896420650228e-06,-1.1955549232045333e-05
0213-WHEUJ,incongruent,46,1.4354989779934855e-05,1.0709153072940539e-05
0213-WHEUJ,incongruent,47,4.9942008847013405e-06,1.0938240879697058e-05
0213-WHEUJ,incongruent,48,2.1884643579153018e-06,-3.955060155650851e-06
0213-WHEUJ,incongruent,49,3.799499622782603e-06,7.648234147883178e-06
0213-WHEUJ,incongruent,50,9.709271767328683e-06,9.507663546464242e-06
0213-WHEUJ,incongruent,51,5.4058591808426e-06,-7.390408470785774e-06
0213-WHEUJ,incongruent,52,2.2723327685869887e-07,-1.0004430925934563e-05
0213-WHEUJ,incongruent,53,7.933504079221633e-06,1.103190625148062e-05
0213-WHEUJ,incongruent,54,-1.561739439862315e-06,1.111305860502439e-05
0213-WHEUJ,incongruent,55,2.3936409460542583e-06,1.0630365818756375e-05
0213-WHEUJ,incongruent,56,-6.586277653617819e-06,2.822791286524693e-06
0213-WHEUJ,incongruent,57,8.97095063003122e-06,4.405194951826428e-06
0213-WHEUJ,incongruent,58,6.943316268768677e-07,4.815499954534899e-06
0213-WHEUJ,incongruent,59,9.711226857225297e-06,3.3363750382624953e-06
0213-WHEUJ,incongruent,60,-6.05959916258053e-06,4.6513099611372785e-06
0213-WHEUJ,incongruent,61,2.8158945117617788e-06,-1.5421584172984674e-06
0213-WHEUJ,incongruent,62,-3.178216740072489e-06,1.0905858132711389e-07
0213-WHEUJ,incongruent,63,5.71774066164211e-07,6.4529793492979255e-06
0213-WHEUJ,incongruent,64,7.689942156849305e-06,9.076565009548163e-06
0213-WHEUJ,incongruent,65,7.837287795207707e-06,4.717025636001558e-06
0213-WHEUJ,incongruent,66,1.259477055980023e-05,-1.7732460030094566e-06
0210-S6ZC7,congruent,0,-1.5804193203577553e-06,-4.456414700496404e-06
0210-S6ZC7,congruent,1,5.4055730843086975e-06,3.23558643418261e-06
0210-S6ZC7,congruent,2,-1.528499634157456e-06,1.388182005238362e-06
0210-S6ZC7,congruent,3,-3.0076488557173887e-06,-1.0384223945273123e-06
0210-S6ZC7,congruent,4,-2.524883298025772e-06,2.772052641240253e-06
0210-S6ZC7,congruent,5,-1.0119639743666763e-06,-1.0111884733460304e-07
0210-S6ZC7,congruent,6,-4.814451027814114e-06,-6.212175461132922e-06
0210-S6ZC7,congruent,7,2.7842374847047073e-06,-1.0031825078096669e-06
0210-S6ZC7,congruent,8,2.1993859063319234e-06,-3.62995015249296e-06
0210-S6ZC7,congruent,9,2.972956467292786e-06,2.0495583099961007e-06
0210-S6ZC7,congruent,10,3.1105203250632302e-06,3.324039823422413e-06
0210-S6ZC7,congruent,11,4.205009773483571e-06,-3.282720191189656e-06
0210-S6ZC7,congruent,12,7.791774798502551e-07,-3.129368883192889e-06
0210-S6ZC7,congruent,13,3.6238748644784407e-06,-2.8822734536826726e-06
0210-S6ZC7,congruent,14,7.540587761330294e-06,3.814970440033264e-06
0210-S6ZC7,congruent,15,8.773319042196655e-07,4.3432118477530424e-06
0210-S6ZC7,congruent,16,-1.9473809462589527e-06,5.860591864737881e-06
0210-S6ZC7,congruent,17,-1.2040111725051608e-06,-8.38553463616409e-06
0210-S6ZC7,congruent,18,4.658180381019845e-06,1.414689732562998e-06
0210-S6ZC7,congruent,19,3.5170144176321937e-06,-5.369193099557851e-07
0210-S6ZC7,congruent,20,4.924566847541125e-06,5.9134620592336285e-06
0210-S6ZC7,congruent,21,2.427099644087829e-06,2.0776917269543587e-06
0210-S6ZC7,congruent,22,5.424929242116266e-06,-1.4138574362486727e-06
0210-S6ZC7,congruent,23,4.753278143178343e-06,2.3457547571888957e-06
0210-S6ZC7,congruent,24,2.737382960168655e-06,4.123337275393114e-06
0210-S6ZC7,congruent,25,5.204901951997881e-06,3.3646319164619837e-06
0210-S6ZC7,congruent,26,2.8654127494089747e-06,1.7961959713322378e-06
0210-S6ZC7,congruent,27,-3.5641153161352377e-06,-1.1079334614870244e-06
0210-S6ZC7,congruent,28,5.29610796604893e-07,-4.184483777659085e-06
0210-S6ZC7,congruent,29,6.230743686831637e-06,6.138911289904491e-06
0210-S6ZC7,congruent,30,-2.520149402243907e-07,3.148405886594303e-06
0210-S6ZC7,congruent,31,8.674889113998465e-06,5.1731130364237985e-06
0210-S6ZC7,congruent,32,6.529815028725622e-06,4.891754789783615e-06
0210-S6ZC7,congruent,33,-6.731548208431112e-07,8.522576891608371e-07
0210-S6ZC7,congruent,34,6.646420197579132e-06,3.0079795754839476e-06
0210-S6ZC7,congruent,35,4.628512170058711e-06,5.891332753544965e-06
0210-S6ZC7,congruent,36,-5.8246109657833005e-06,-4.7860013301350085e-06
0210-S6ZC7,congruent,37,5.133266659239404e-06,4.535892778766404e-06
0210-S6ZC7,congruent,38,-2.716919976972266e-06,7.287745074798929e-06
0210-S6ZC7,congruent,39,-1.342019340901208e-06,1.2687261713318395e-06
0210-S6ZC7,congruent,40,-8.723514217836327e-06,-2.3045314927637086e-06
0210-S6ZC7,congruent,41,-7.856648978479042e-06,-5.762964493014071e-06
0210-S6ZC7,congruent,42,2.1918197509941274e-07,-4.317016476633212e-06
0210-S6ZC7,congruent,43,7.401237441086741e-06,5.604401453568506e-06
0210-S6ZC7,congruent,44,-3.17148271272067e-06,-1.0601194012500255e-06
0210-S6ZC7,congruent,45,2.891565428283684e-06,-2.5636111881858736e-06
0210-S6ZC7,congruent,46,-1.2701901120481712e-06,-4.829817312085511e-07
0210-S6ZC7,congruent,47,-3.895873057884179e-06,-4.3656092094458155e-06
0210-S6ZC7,congruent,48,1.4031859571712304e-06,4.4804920576879026e-06
0210-S6ZC7,congruent,49,-3.2511654320508993e-06,-2.6165169561552873e-06
0210-S6ZC7,congruent,50,-6.115512609081447e-06,-3.523597995597813e-06
0210-S6ZC7,congruent,51,9.941332564873615e-07,6.229229572855407e-07
0210-S6ZC7,congruent,52,1.8015413629000834e-06,-3.2636694739443285e-06
0210-S6ZC7,congruent,53,6.50703434055077e-07,1.5520898358822968e-06
0210-S6ZC7,congruent,54,3.702014922187054e-07,-1.5460537441350668e-06
0210-S6ZC7,congruent,55,7.2109502222682385e-06,8.640855231281668e-06
0210-S6ZC7,congruent,56,-7.671488804423719e-06,-5.757384346887823e-06
0210-S6ZC7,congruent,57,-2.5790365784373287e-06,2.5153876448628044e-06
0210-S6ZC7,congruent,58,-1.2277535775209947e-06,2.273158190850614e-06
0210-S6ZC7,congruent,59,1.992353194252994e-06,7.462229889808518e-06
0210-S6ZC7,congruent,60,-3.4088314505100115e-06,-8.503722258443782e-06
0210-S6ZC7,congruent,61,3.358494201054123e-06,1.8894452177375705e-06
0210-S6ZC7,congruent,62,1.969970901520524e-06,-1.22424822877256e-06
0210-S6ZC7,congruent,63,-2.0105358643494213e-07,1.3411408096876503e-07
0210-S6ZC7,congruent,64,3.761202872795333e-06,4.405514743301732e-06
0210-S6ZC7,congruent,65,-1.683673865150038e-06,3.902776919440831e-06
0210-S6ZC7,congruent,66,8.25084596145642e-06,1.0887709096419011e-05
0210-S6ZC7,congruent,67,5.1236263813070505e-06,4.9869694574661295e-08
0210-S6ZC7,congruent,68,-1.41672358361388e-06,-1.4210006845894773e-06
0210-S6ZC7,congruent,69,-1.2309083970031278e-07,2.570261952562947e-06
0210-S6ZC7,congruent,70,1.0620601364234993e-06,-1.902246410557005e-07
0210-S6ZC7,congruent,71,-1.5161959239728653e-05,-8.57738191560461e-06
0210-S6ZC7,congruent,72,-4.74291718413936e-06,3.3483876390208312e-06
0210-S6ZC7,congruent,73,-2.1018187993973555e-06,-7.963534731579186e-06
0210-S6ZC7,congruent,74,-5.190907195211758e-06,-3.4667825284531886e-07
0210-S6ZC7,congruent,75,-7.0691216766722766e-06,-5.001809324153916e-06
0210-S6ZC7,congruent,76,5.404731281651117e-06,5.031731759017338e-06
0210-S6ZC7,congruent,77,-1.0093748408456142e-06,-4.2668323892532134e-07
0210-S6ZC7,congruent,78,-2.5936079381407915e-06,-3.965755847029392e-06
0210-S6ZC7,congruent,79,4.3452342976151294e-06,4.361392406019961e-06
0210-S6ZC7,congruent,80,6.47019617503336e-07,4.605164144790865e-06
0210-S6ZC7,congruent,81,-7.1324899069123836e-06,-4.780898836067257e-06
0210-S6ZC7,congruent,82,-3.347229734300815e-06,-3.178035314213202e-06
0210-S6ZC7,congruent,83,6.405112232230095e-06,1.6883655227488433e-06
0210-S6ZC7,congruent,84,7.69897976309174e-06,5.344623046799882e-06
0210-S6ZC7,congruent,85,5.731951348114239e-06,2.895348931077782e-06
0210-S6ZC7,congruent,86,-4.768685752094128e-06,-3.4482416632771034e-06
0210-S6ZC7,congruent,87,1.415800774850648e-06,-8.863717884135828e-07
0210-S6ZC7,congruent,88,6.424689910376641e-06,4.533159037231466e-06
0210-S6ZC7,congruent,89,-2.761730109347296e-06,-1.413079868466093e-06
0210-S6ZC7,congruent,90,5.7632305696557225e-06,1.6524332917227419e-06
0210-S6ZC7,congruent,91,2.7262109362257103e-06,-1.5403550003355992e-06
0210-S6ZC7,congruent,92,7.359990808264665e-06,6.304425189110634e-06
0210-S6ZC7,congruent,93,4.4749482214093825e-06,1.001532702102487e-05
0210-S6ZC7,congruent,94,-2.959778473450274e-06,-2.893614392857038e-06
0210-S6ZC7,congruent,95,3.677681789046795e-06,3.204338132672864e-06
0210-S6ZC7,congruent,96,2.950879832536467e-06,-3.1456512525998865e-06
0210-S6ZC7,congruent,97,-2.105474604378709e-06,2.540957458740265e-06
0210-S6ZC7,congruent,98,1.6996150650809394e-06,-3.881683232056947e-06
0210-S6ZC7,congruent,99,4.19413374128751e-06,5.011902316676884e-06
0210-S6ZC7,congruent,100,3.842718448225396e-06,3.656036522467482e-06
0210-S6ZC7,congruent,101,-2.16271990272983e-06,-4.471340923079621e-08
0210-S6ZC7,congruent,102,-3.2749649834945005e-06,-2.394049717260382e-06
0210-S6ZC7,congruent,103,-2.8134836331802827e-07,2.8447532044135904e-06
0210-S6ZC7,congruent,104,-7.946888353308732e-07,3.9116818479843e-06
0210-S6ZC7,congruent,105,-8.907581819229746e-07,-6.71274020310767e-06
0210-S6ZC7,congruent,106,7.016581913978836e-06,4.511761886307571e-06
0210-S6ZC7,congruent,107,-2.874960565670768e-06,2.812931632517005e-07
0210-S6ZC7,congruent,108,-3.039421864563053e-06,-6.37004816230256e-06
0210-S6ZC7,congruent,109,3.8432576059243e-06,5.511292952728447e-07
0210-S6ZC7,congruent,110,-3.9685392575119065e-07,8.726498368657644e-07
0210-S6ZC7,congruent,111,8.108184576733173e-06,5.072964800613558e-06
0210-S6ZC7,congruent,112,1.1542812010230471e-05,4.390555248060953e-06
0210-S6ZC7,congruent,113,3.3186406862092394e-06,1.1419171285535889e-06
0210-S6ZC7,congruent,114,5.958475944580069e-06,7.3512359153995725e-06
0210-S6ZC7,congruent,115,6.057422692443039e-06,3.976490123336217e-06
0210-S6ZC7,congruent,116,2.1893271258303388e-06,2.0803592872700608e-08
0210-S6ZC7,congruent,117,2.761138793530535e-06,3.27450010896849e-06
0210-S6ZC7,congruent,118,-1.7514822700398698e-06,-1.3453398013215362e-06
0210-S6ZC7,congruent,119,-2.8764139464927674e-06,1.4464239978004645e-06
0210-S6ZC7,congruent,120,4.195610273829589e-06,4.776695007344488e-06
0210-S6ZC7,congruent,121,-1.1193352514122555e-05,-1.3437356290753325e-05
0210-S6ZC7,congruent,122,-6.195150295183035e-07,-3.052097165312682e-06
0210-S6ZC7,congruent,123,8.796457659658624e-06,4.1281004749673135e-06
0210-S6ZC7,congruent,124,-4.795728960708253e-06,5.6294994520935634e-06
0210-S6ZC7,congruent,125,-4.628603891069213e-06,-2.2128900029269467e-06
0210-S6ZC7,congruent,126,-1.0177583709733197e-05,-1.0212156023978176e-05
0210-S6ZC7,congruent,127,9.341917329718537e-07,-6.493459654454897e-08
0210-S6ZC7,congruent,128,3.4443766031486292e-06,3.833004670177134e-06
0210-S6ZC7,congruent,129,4.335714011977581e-06,5.825385891251148e-07
0210-S6ZC7,congruent,130,9.416110250263753e-06,1.0775215088276889e-05
0210-S6ZC7,congruent,131,1.900141540730023e-06,6.805817652084112e-06
0210-S6ZC7,congruent,132,3.0277347965834167e-06,4.50130157294996e-06
0210-S6ZC7,congruent,133,-6.469157702696583e-06,-2.26725840487978e-06
0210-S6ZC7,congruent,134,2.851347734595462e-06,7.527292229083911e-06
0210-S6ZC7,congruent,135,-6.615164173059771e-06,-7.631021582319426e-06
0210-S6ZC7,congruent,136,1.1849996436888758e-06,-4.499366084195328e-06
0210-S6ZC7,congruent,137,-1.78631509574965e-06,-3.0017293080815638e-06
0210-S6ZC7,congruent,138,-7.5778415447230075e-06,-4.65862212184311e-06
0210-S6ZC7,congruent,139,-1.7059766278936463e-06,-6.466400150067135e-06
0210-S6ZC7,congruent,140,-6.6376685312371915e-06,-2.052077317942881e-06
0210-S6ZC7,congruent,141,-3.245520553462836e-06,-1.4345298134139334e-06
0210-S6ZC7,congruent,142,3.924848248243369e-07,3.5278040837542026e-07
0210-S6ZC7,congruent,143,2.868741524984505e-06,2.5759654950719786e-06
0210-S6ZC7,congruent,144,2.329781182672195e-06,5.243052163513833e-06
0210-S6ZC7,congruent,145,1.5758519380766715e-08,-1.96143165436163e-06
0210-S6ZC7,congruent,146,-4.044223212572108e-06,-6.73840726900851e-06
0210-S6ZC7,congruent,147,8.743861447627298e-06,2.370392044363622e-06
0210-S6ZC7,congruent,148,1.9960388419023664e-06,9.279738816845312e-06
0210-S6ZC7,congruent,149,-2.1863675305025083e-06,2.644366329156359e-06
0210-S6ZC7,congruent,150,1.5101407197287687e-06,5.391545026356683e-06
0210-S6ZC7,congruent,151,2.4549225835248435e-06,5.948235618746017e-06
0210-S6ZC7,congruent,152,-3.0809951328261497e-06,2.475332576817899e-06
0210-S6ZC7,congruent,153,-2.912083964503602e-06,-3.6967461507856147e-07
0210-S6ZC7,congruent,154,-5.28743677285482e-06,2.4679338553209618e-06
0210-S6ZC7,congruent,155,1.4511741095090968e-06,2.2714381702950277e-06
0210-S6ZC7,congruent,156,5.474944587831838e-06,3.920032542957579e-06
0210-S6ZC7,congruent,157,7.706399987055357e-06,8.753037121717137e-06
0210-S6ZC7,congruent,158,-2.135783765499828e-06,-6.893755413457805e-06
0210-S6ZC7,congruent,159,5.708054491958422e-06,9.066572661743483e-06
0210-S6ZC7,congruent,160,-4.685411182886385e-06,6.892785698811561e-07
0210-S6ZC7,congruent,161,-4.8103741917480985e-06,-5.201055054346907e-06
0210-S6ZC7,congruent,162,-1.0339643830810253e-06,-4.627330067385697e-06
0210-S6ZC7,congruent,163,3.66034717105757e-07,-1.6395402761531208e-06
0210-S6ZC7,congruent,164,1.1167741801516864e-06,3.5648234098440343e-06
0210-S6ZC7,congruent,165,-6.268324258075304e-06,-5.685565688202904e-06
0210-S6ZC7,congruent,166,-5.571507619691621e-07,5.668143145655095e-07
0210-S6ZC7,congruent,167,-1.3687440690319542e-07,1.1887868894843476e-06
0210-S6ZC7,congruent,168,-4.663875035253892e-06,6.198768619548685e-07
0210-S6ZC7,congruent,169,-3.9587197954871285e-06,5.107611308198527e-06
0210-S6ZC7,congruent,170,-3.6436721562332586e-06,1.155278542248279e-06
0210-S6ZC7,congruent,171,2.567544966441393e-06,2.3029692021988068e-06
0210-S6ZC7,congruent,172,-1.0853086865355467e-06,3.1101705267442865e-06
0210-S6ZC7,congruent,173,-4.560978182933828e-06,-2.0818034661286065e-06
0210-S6ZC7,congruent,174,-9.454760721314183e-06,-8.542365661924018e-06
0210-S6ZC7,congruent,175,3.2117506922008626e-06,1.6124918179761003e-06
0210-S6ZC7,congruent,176,3.980563761104699e-06,2.156098738780617e-06
0210-S6ZC7,congruent,177,7.511308728857811e-06,5.422132089447224e-06
0210-S6ZC7,congruent,178,6.415468255583739e-06,7.272937990969409e-06
0210-S6ZC7,congruent,179,-3.5806989288872846e-06,-6.903805568640419e-06
0210-S6ZC7,congruent,180,6.570019220402132e-07,-1.1085061993894804e-06
0210-S6ZC7,congruent,181,1.3769552229540804e-06,-8.835048967379695e-07
0210-S6ZC7,congruent,182,-2.6085935325526324e-06,2.2728247933999653e-06
0210-S6ZC7,congruent,183,-7.693661347886906e-06,-7.613686042552602e-07
0210-S6ZC7,congruent,184,-7.119753580915232e-07,5.067384244972794e-07
0210-S6ZC7,congruent,185,5.997484901859039e-06,2.4303225526046816e-08
0210-S6ZC7,congruent,186,4.961592493582734e-06,3.3173697478071e-07
0210-S6ZC7,congruent,187,2.720530621487241e-06,3.053908992421558e-06
0210-S6ZC7,congruent,188,2.9900383996497495e-06,3.7269356448351817e-06
0210-S6ZC7,congruent,189,-4.784095429404843e-06,-8.21598865539486e-06
0210-S6ZC7,congruent,190,4.014239722662283e-06,2.7856386068485967e-06
0210-S6ZC7,congruent,191,1.6691991541683775e-07,-3.5548283114945594e-06
0210-S6ZC7,congruent,192,2.3583276359871677e-06,-2.6234385698446233e-06
0210-S6ZC7,congruent,193,-3.545242361791608e-06,1.7268360338001953e-06
0210-S6ZC7,congruent,194,-3.7678294664051834e-06,1.4925221081007961e-06
0210-S6ZC7,congruent,195,5.258703959322958e-06,3.058320575816172e-06
0210-S6ZC7,congruent,196,-8.92971348509478e-07,-4.050468525153358e-07
0210-S6ZC7,congruent,197,-4.157639846749996e-08,5.425507407266736e-07
0210-S6ZC7,congruent,198,7.712811670640984e-06,4.544134654074797e-06
0210-S6ZC7,congruent,199,1.2703505791130803e-06,5.24330732121379e-06
0210-S6ZC7,incongruent,0,6.59410832238471e-06,4.151157304685523e-06
0210-S6ZC7,incongruent,1,1.6985520712193807e-06,-2.9005853766328307e-06
0210-S6ZC7,incongruent,2,4.290665492643441e-06,1.773498821765698e-06
0210-S6ZC7,incongruent,3,1.2081190363265973e-05,4.444412744410248e-06
0210-S6ZC7,incongruent,4,1.1685424314675637e-06,-3.4641773199418907e-07
0210-S6ZC7,incongruent,5,-4.226639062059384e-06,-6.28961024441146e-06
0210-S6ZC7,incongruent,6,-3.976908993041166e-07,3.2829186411799662e-06
0210-S6ZC7,incongruent,7,1.6783349487505635e-07,2.638850686771977e-06
0210-S6ZC7,incongruent,8,-4.37258276487013e-06,4.74398204836337e-06
0210-S6ZC7,incongruent,9,1.0166750310855985e-06,1.2153129382339625e-06
0210-S6ZC7,incongruent,10,-6.697264391035893e-06,-4.416242312753119e-06
0210-S6ZC7,incongruent,11,2.838097295274556e-06,8.117396333615094e-06
0210-S6ZC7,incongruent,12,5.363241307561887e-06,1.6524144262355445e-06
0210-S6ZC7,incongruent,13,4.803356463654963e-06,7.967785874268346e-06
0210-S6ZC7,incongruent,14,6.3399107313308165e-06,8.87907142409657e-07
0210-S6ZC7,incongruent,15,-7.618325329874255e-07,-5.938241139428888e-06
0210-S6ZC7,incongruent,16,-1.1730061044995017e-05,-8.171774087219107e-06
0210-S6ZC7,incongruent,17,5.005305679711908e-06,6.155121782631453e-06
0210-S6ZC7,incongruent,18,-1.421223383597341e-06,6.891940953222889e-07
0210-S6ZC7,incongruent,19,4.96607117563422e-06,3.3110793862001157e-06
0210-S6ZC7,incongruent,20,-9.886638088937053e-07,-4.334686983241355e-06
0210-S6ZC7,incongruent,21,3.2156214092741005e-06,-1.5235611734282548e-06
0210-S6ZC7,incongruent,22,1.3103986813114095e-06,4.603670381171368e-06
0210-S6ZC7,incongruent,23,-8.57014396723697e-06,-6.677710959550741e-06
0210-S6ZC7,incongruent,24,8.78952317077693e-06,6.266980738573098e-06
0210-S6ZC7,incongruent,25,8.440380079769444e-07,2.436011809544902e-07
0210-S6ZC7,incongruent,26,-3.408358791443724e-06,1.6620434236032895e-06
0210-S6ZC7,incongruent,27,1.8279824179466313e-06,2.146251161332223e-06
0210-S6ZC7,incongruent,28,5.163899435287998e-06,1.2752634122844855e-06
0210-S6ZC7,incongruent,29,5.0109597112405895e-08,1.8812412678878684e-06
0210-S6ZC7,incongruent,30,3.5320602196791394e-06,1.161586209878297e-06
0210-S6ZC7,incongruent,31,7.2150962600723884e-06,1.0458869036588348e-05
0210-S6ZC7,incongruent,32,1.6484550525861525e-06,2.531081909287237e-06
0210-S6ZC7,incongruent,33,3.925271079556931e-06,1.3735640570522909e-07
0210-S6ZC7,incongruent,34,-3.286372131591358e-08,8.41372658355455e-06
0210-S6ZC7,incongruent,35,-7.346332461957484e-06,-1.111917487973599e-06
0210-S6ZC7,incongruent,36,8.398502222835427e-06,4.640874357265825e-06
0210-S6ZC7,incongruent,37,1.4850119997016835e-08,-5.947990813653308e-06
0210-S6ZC7,incongruent,38,-2.2181114068883805e-06,1.1603148630014194e-06
0210-S6ZC7,incongruent,39,5.8264753364044925e-06,6.386363495874865e-06
0210-S6ZC7,incongruent,40,4.484737329956853e-06,4.5408180160102185e-06
0210-S6ZC7,incongruent,41,8.580815134139266e-07,4.320535940823919e-06
0210-S6ZC7,incongruent,42,2.8404761009489516e-06,7.481154259010295e-06
0210-S6ZC7,incongruent,43,4.8899312750605565e-06,-1.494690315628148e-07
0210-S6ZC7,incongruent,44,2.481198279533447e-06,1.5571015077707523e-06
0210-S6ZC7,incongruent,45,-7.590511144557737e-06,-8.080637068977742e-07
0210-S6ZC7,incongruent,46,-5.617418597005872e-06,-1.942143492632932e-06
0210-S6ZC7,incongruent,47,-4.11829598946431e-07,-6.29215444591688e-06
0210-S6ZC7,incongruent,48,4.341287469616094e-06,4.65526878102308e-06
0210-S6ZC7,incongruent,49,-1.6993621617124179e-06,-3.940562619950576e-06
0210-S6ZC7,incongruent,50,9.840999217761288e-06,3.189472424847561e-06
0210-S6ZC7,incongruent,51,-1.6833575185128404e-06,7.184915797640575e-07
0210-S6ZC7,incongruent,52,-1.3190486569801527e-06,-4.93541755351493e-06
0210-S6ZC7,incongruent,53,-4.231565013147766e-06,-2.3890101930849684e-06
0210-S6ZC7,incongruent,54,-6.42419015713888e-07,7.909831763803707e-06
0210-S6ZC7,incongruent,55,6.4889036236649886e-06,6.143116395853574e-06
0210-S6ZC7,incongruent,56,4.1905204968751195e-06,1.8213394505472167e-06
0210-S6ZC7,incongruent,57,-5.784760370938259e-06,-5.643364035176495e-06
0210-S6ZC7,incongruent,58,2.61651864710199e-06,-6.082711238148687e-07
0210-S6ZC7,incongruent,59,-3.7204699310493266e-06,-3.509293271788707e-06
0210-S6ZC7,incongruent,60,-1.253672266755012e-06,3.14906462497746e-06
0210-S6ZC7,incongruent,61,-1.1302281891276437e-06,3.7194849301672927e-06
0210-S6ZC7,incongruent,62,-2.691364359769769e-06,2.4150767782845076e-06
0210-S6ZC7,incongruent,63,3.21798290007993e-06,-3.3883000958091225e-07
0210-S6ZC7,incongruent,64,7.7450023751738e-06,-9.779481233954263e-07
0210-S6ZC7,incongruent,65,2.680793922789712e-06,1.134625083338972e-06
0210-S6ZC7,incongruent,66,-6.1824312731174146e-06,-3.63720590853765e-06
0210-S6ZC7,incongruent,67,3.4073376194754647e-06,8.87820971785609e-06
0210-S6ZC7,incongruent,68,-8.992211402073313e-06,-3.885762488664568e-06
0210-S6ZC7,incongruent,69,6.703139570314271e-06,5.77894014743618e-06
0210-S6ZC7,incongruent,70,-2.7036111150679537e-06,-7.960675851913922e-07
0210-S6ZC7,incongruent,71,2.215337748506044e-06,6.57319471394166e-06
0112-ZGZE5,congruent,0,4.614611025654091e-06,5.566957331264802e-07
0112-ZGZE5,congruent,1,1.0687233633823532e-06,-3.2188583557447046e-06
0112-ZGZE5,congruent,2,4.101138374012429e-06,8.56473633552947e-06
0112-ZGZE5,congruent,3,6.768046229349989e-06,-2.3377590814804786e-06
0112-ZGZE5,congruent,4,-4.962723595553427e-06,2.8571719782398303e-06
0112-ZGZE5,congruent,5,-4.47009648966163e-06,-3.8042028020098338e-06
0112-ZGZE5,congruent,6,7.678100146698434e-06,9.652710669238635e-07
0112-ZGZE5,congruent,7,-1.919016677717947e-06,2.5509764283220854e-06
0112-ZGZE5,congruent,8,7.587971057668613e-06,6.644035628585829e-06
0112-ZGZE5,congruent,9,-6.925125120592333e-06,-8.037252502057923e-06
0112-ZGZE5,congruent,10,8.597330976097595e-07,3.7462439682848636e-06
0112-ZGZE5,congruent,11,-2.2263576504856427e-07,-4.7149675457442803e-07
0112-ZGZE5,congruent,12,-8.6222448864881e-08,-4.625370763199476e-06
0112-ZGZE5,congruent,13,3.5674843347336587e-06,2.622306913855957e-06
0112-ZGZE5,congruent,14,6.435669293826871e-06,1.2221168959513411e-06
0112-ZGZE5,congruent,15,8.431626041130958e-06,1.4776317677364416e-06
0112-ZGZE5,congruent,16,9.45484993075473e-06,8.196878470975819e-06
0112-ZGZE5,congruent,17,1.134420269707817e-05,7.472866086688265e-06
0112-ZGZE5,congruent,18,-1.0558861791835923e-07,-6.1792625352392635e-06
0112-ZGZE5,congruent,19,-7.23912887022695e-06,-1.2583751425353443e-05
0112-ZGZE5,congruent,20,6.098784528032252e-06,5.436952747441006e-06
0112-ZGZE5,congruent,21,-3.554178987693895e-06,1.3817816058260826e-06
0112-ZGZE5,congruent,22,1.4841190985061127e-06,-9.318542252779544e-07
0112-ZGZE5,congruent,23,-1.0215777354068641e-06,-1.4079111725956944e-07
0112-ZGZE5,congruent,24,-7.405583274642469e-07,-7.84642283696558e-07
0112-ZGZE5,congruent,25,-7.695356699644463e-06,2.4049554724312983e-06
0112-ZGZE5,congruent,26,2.2515469930751505e-06,5.9583139235679195e-06
0112-ZGZE5,congruent,27,9.33465263112528e-06,-1.0935550834259778e-06
0112-ZGZE5,congruent,28,2.9832682907532514e-06,3.480174992288898e-06
0112-ZGZE5,congruent,29,-4.8277837594329175e-06,-9.107606109634709e-06
0112-ZGZE5,congruent,30,3.5603672735174728e-06,7.576421595736744e-07
0112-ZGZE5,congruent,31,5.486632907864358e-06,-1.0994270521162776e-06
0112-ZGZE5,congruent,32,9.422780207884811e-08,-3.5220218609513916e-06
0112-ZGZE5,congruent,33,8.700263300948776e-06,6.590591333056207e-06
0112-ZGZE5,congruent,34,-3.704144924812785e-06,-3.4826076622710717e-06
0112-ZGZE5,congruent,35,-5.911543559223979e-06,-1.9706586322669224e-06
0112-ZGZE5,congruent,36,8.673609531863719e-07,-4.054950544744118e-06
0112-ZGZE5,congruent,37,6.331909239582933e-07,-5.704416718662469e-08
0112-ZGZE5,congruent,38,-2.131634156221084e-06,-2.932285341457447e-07
0112-ZGZE5,congruent,39,-7.405361644367009e-08,-6.579280432425335e-06
0112-ZGZE5,congruent,40,3.106700134780793e-06,-4.754396074903271e-06
0112-ZGZE5,congruent,41,-1.1782320086971943e-07,-1.3240855901331375e-06
0112-ZGZE5,congruent,42,2.417282048698736e-06,-3.4297100792826958e-06
0112-ZGZE5,congruent,43,9.19345636553174e-06,2.4225433459364425e-06
0112-ZGZE5,congruent,44,1.3893978670425085e-06,-2.7459496191315653e-06
0112-ZGZE5,congruent,45,-3.2333267662699194e-07,-3.65080385073125e-06
0112-ZGZE5,congruent,46,1.4772633660321228e-06,2.608524094614652e-06
0112-ZGZE5,congruent,47,1.4204108157488361e-07,-1.3499928965446204e-06
0112-ZGZE5,congruent,48,3.621736250799796e-06,7.375976149832932e-06
0112-ZGZE5,congruent,49,-4.257587641722993e-06,-7.497050660197631e-06
0112-ZGZE5,congruent,50,7.722346686844506e-07,4.344343578517392e-06
0112-ZGZE5,congruent,51,-2.933781261016358e-06,-1.4662482546273874e-07
0112-ZGZE5,congruent,52,7.1457989859073166e-06,6.363400317928214e-07
0112-ZGZE5,congruent,53,4.213890685459704e-06,2.979899528219429e-06
0112-ZGZE5,congruent,54,6.842224328828548e-06,7.138804988320095e-07
0112-ZGZE5,congruent,55,-2.8604309278571108e-06,3.226814272159655e-07
0112-ZGZE5,congruent,56,-4.059161904827703e-06,-4.426782822394894e-06
0112-ZGZE5,congruent,57,-8.501871398258815e-06,-5.359879127992294e-06
0112-ZGZE5,congruent,58,2.456206741732773e-06,-2.0855909929328542e-06
0112-ZGZE5,congruent,59,5.7587964189925026e-06,-2.57175464762059e-06
0112-ZGZE5,congruent,60,1.050528923086186e-05,2.2681686848762844e-06
0112-ZGZE5,congruent,61,8.100226938774164e-06,3.923651393083348e-06
0112-ZGZE5,congruent,62,-1.2522236109713485e-07,-1.7938986345566722e-06
0112-ZGZE5,congruent,63,4.493608056657975e-06,9.743130280760523e-07
0112-ZGZE5,congruent,64,9.566217364743107e-07,-4.081463912331155e-06
0112-ZGZE5,congruent,65,7.6941002668767e-06,2.142009729517922e-06
0112-ZGZE5,congruent,66,-5.085003392629213e-06,-2.471417744719742e-06
0112-ZGZE5,congruent,67,9.449420489135641e-07,2.059683188037001e-07
0112-ZGZE5,congruent,68,-2.0233326559831936e-06,-3.9222815883016847e-07
0112-ZGZE5,congruent,69,2.920458959159741e-06,3.7400896881583272e-06
0112-ZGZE5,congruent,70,1.3376048560799793e-05,1.585658690850853e-05
0112-ZGZE5,congruent,71,-2.9647688083405956e-07,-4.559148497205813e-06
0112-ZGZE5,congruent,72,-6.846509267104115e-07,1.7508545213527828e-09
0112-ZGZE5,congruent,73,-7.106125668851096e-07,-3.385963514324652e-06
0112-ZGZE5,congruent,74,-1.2747544372249017e-06,-1.4435351518958578e-06
0112-ZGZE5,congruent,75,3.44239516798179e-06,3.708597960028142e-06
0112-ZGZE5,congruent,76,6.915858758761524e-07,-3.101921052593702e-06
0112-ZGZE5,congruent,77,4.055992991002272e-06,2.5385417367624187e-06
0112-ZGZE5,congruent,78,2.4944323567787742e-06,2.0403626066804055e-06
0112-ZGZE5,congruent,79,1.69632470860345e-06,1.4683906360128547e-06
0112-ZGZE5,congruent,80,2.227759891800254e-06,7.2804592465036845e-06
0112-ZGZE5,congruent,81,-1.5395058767340292e-06,-3.453046361771044e-06
0112-ZGZE5,congruent,82,3.3217541323397095e-06,2.7758053905772623e-06
0112-ZGZE5,congruent,83,2.2975158798254604e-06,-2.776108994062224e-06
0112-ZGZE5,congruent,84,-6.326291611389761e-07,-5.247254426322021e-06
0112-ZGZE5,congruent,85,5.719184353142821e-06,1.9705727382185034e-06
0112-ZGZE5,congruent,86,4.951220211194979e-06,-1.4320575555654827e-06
0112-ZGZE5,congruent,87,7.502538303795463e-06,6.8215584328165635e-06
0112-ZGZE5,congruent,88,-9.376633819455098e-07,-3.6304038060258087e-06
0112-ZGZE5,congruent,89,7.057593353266506e-06,2.0838100435848504e-06
0112-ZGZE5,congruent,90,2.1576486196925394e-06,-6.002836139026708e-07
0112-ZGZE5,congruent,91,-2.1624013226872522e-06,-1.0507826956214744e-05
0112-ZGZE5,congruent,92,2.529732888212632e-06,-4.111574848868264e-06
0112-ZGZE5,congruent,93,5.383163639860693e-06,6.999726174985026e-07
0112-ZGZE5,congruent,94,3.891639473295942e-06,-1.2433364842707484e-06
0112-ZGZE5,congruent,95,6.720476600863032e-06,2.5227783261291286e-06
0112-ZGZE5,congruent,96,3.828266879581092e-06,3.35709651120488e-06
0112-ZGZE5,congruent,97,-1.7965050189430758e-06,9.4159191190696e-08
0112-ZGZE5,congruent,98,-1.2232696553486588e-06,-6.926074664827781e-06
0112-ZGZE5,congruent,99,4.192637876790717e-06,3.0196620565246336e-06
0112-ZGZE5,congruent,100,2.3966597767601838e-06,2.977335487044626e-06
0112-ZGZE5,congruent,101,3.4668173136365804e-06,4.094647404071748e-06
0112-ZGZE5,congruent,102,7.469405897343567e-06,4.512086160731417e-07
0112-ZGZE5,congruent,103,-3.9118314566671944e-06,-1.3562906631457135e-06
0112-ZGZE5,congruent,104,-4.959398985730776e-07,-5.917629715539037e-08
0112-ZGZE5,congruent,105,2.593391765454567e-06,6.083178618066181e-07
0112-ZGZE5,congruent,106,6.5891714662355116e-06,-1.23297989614109e-07
0112-ZGZE5,congruent,107,1.2043377185581908e-06,-1.6123313783854007e-06
0112-ZGZE5,congruent,108,1.0125770786732291e-06,2.75390088727763e-06
0112-ZGZE5,congruent,109,1.3096308672344034e-06,2.8462291389693627e-06
0112-ZGZE5,congruent,110,6.4628955685862125e-06,-2.0958094086667036e-06
0112-ZGZE5,congruent,111,9.382649830588595e-06,1.9894916925070705e-06
0112-ZGZE5,congruent,112,1.0901877766218583e-05,7.02851898011217e-06
0112-ZGZE5,congruent,113,-8.47238042340185e-07,-1.3746949588199053e-06
0112-ZGZE5,congruent,114,7.89754036387286e-06,-3.143327538818608e-06
0112-ZGZE5,congruent,115,1.1843974018693202e-05,7.783010622021735e-06
0112-ZGZE5,congruent,116,5.987148456608705e-06,-5.96426781175229e-07
0112-ZGZE5,congruent,117,1.9550354087175894e-06,1.2463033997805574e-06
0112-ZGZE5,congruent,118,4.050154623066598e-06,1.5574683962577727e-06
0112-ZGZE5,congruent,119,-2.2624399739350826e-06,9.000563698286862e-06
0112-ZGZE5,congruent,120,3.5855421819338905e-06,-1.775201957668878e-07
0112-ZGZE5,congruent,121,4.902565836308535e-06,1.085518146808215e-06
0112-ZGZE5,congruent,122,-2.1644575275905666e-06,-2.0052982147956085e-06
0112-ZGZE5,congruent,123,1.3187444848764455e-06,-4.89042218874338e-06
0112-ZGZE5,congruent,124,-2.77318837447519e-06,-5.463768629632757e-07
0112-ZGZE5,congruent,125,2.9393002883591023e-06,4.7329247800815936e-06
0112-ZGZE5,congruent,126,-2.1264194164843777e-06,-2.821182916172516e-06
0112-ZGZE5,congruent,127,4.863651685790235e-06,-2.259132649556586e-06
0112-ZGZE5,congruent,128,5.5907067088964835e-06,4.996810043285025e-06
0112-ZGZE5,congruent,129,3.592689279119665e-07,1.3581534090235332e-07
0112-ZGZE5,congruent,130,7.557070898718381e-06,4.633208633014206e-06
0112-ZGZE5,congruent,131,-5.868144161351573e-06,-5.840776711033666e-06
0112-ZGZE5,congruent,132,7.602617336729333e-06,8.670663837421278e-06
0112-ZGZE5,congruent,133,3.7291322424040367e-06,2.6787467928947164e-06
0112-ZGZE5,congruent,134,4.328321790990937e-07,6.841076682192403e-07
0112-ZGZE5,congruent,135,1.9908693069604224e-06,-2.376919176053017e-06
0112-ZGZE5,congruent,136,6.257294547687652e-06,4.526285602132293e-06
0112-ZGZE5,congruent,137,4.573229589973384e-06,-2.099945508597612e-07
0112-ZGZE5,congruent,138,7.831269717610945e-06,1.2734762717536852e-06
0112-ZGZE5,congruent,139,9.587291096278021e-06,6.080887723897936e-06
0112-ZGZE5,congruent,140,5.126840620011148e-06,2.626734877617434e-06
0112-ZGZE5,congruent,141,6.070114152087959e-06,-1.288448402304496e-06
0112-ZGZE5,congruent,142,-3.852279022255645e-06,-3.830876123823734e-06
0112-ZGZE5,congruent,143,8.205370871724228e-06,9.123747197822041e-07
0112-ZGZE5,congruent,144,9.743097332941652e-07,-2.2181897550281477e-06
0112-ZGZE5,congruent,145,6.815122984430459e-06,1.8479670523829125e-06
0112-ZGZE5,congruent,146,3.0339419619839316e-06,-1.1497973464458857e-06
0112-ZGZE5,congruent,147,-4.190113203364719e-06,-2.4210759757424237e-06
0112-ZGZE5,congruent,148,-3.7665487172336547e-06,-4.5586377719469857e-07
0112-ZGZE5,congruent,149,-4.129542032471478e-06,3.128682893933676e-06
0112-ZGZE5,congruent,150,3.5297051185585246e-06,-2.677409904769673e-07
0112-ZGZE5,congruent,151,1.1096135952977044e-06,2.619352020418416e-06
0112-ZGZE5,congruent,152,-6.98777011335676e-07,-4.147215781293375e-06
0112-ZGZE5,congruent,153,2.6893299620063455e-07,-1.387727491315265e-06
0112-ZGZE5,congruent,154,2.9400087652083364e-06,5.308058776469769e-06
0112-ZGZE5,congruent,155,6.213884708850517e-06,4.555778689450774e-06
0112-ZGZE5,congruent,156,1.799521566999154e-06,-5.0115659514933936e-06
0112-ZGZE5,congruent,157,3.603101846953395e-06,3.628520866385279e-06
0112-ZGZE5,congruent,158,9.934951893215706e-06,3.7717960594950406e-06
0112-ZGZE5,congruent,159,3.4393559413484937e-06,-2.0651191289531173e-06
0112-ZGZE5,congruent,160,-1.5978817251695384e-06,8.052878182961305e-08
0112-ZGZE5,congruent,161,5.728738080386892e-06,2.710055662903761e-06
0112-ZGZE5,congruent,162,4.403183203291611e-06,-1.3719247645696629e-06
0112-ZGZE5,congruent,163,-6.790218920908277e-06,-3.965118721785878e-06
0112-ZGZE5,congruent,164,7.178370446879083e-06,4.450023391170055e-06
0112-ZGZE5,congruent,165,2.732715894685866e-06,-2.4033394868373507e-06
0112-ZGZE5,congruent,166,-4.0779809009734965e-07,-3.517205108983586e-06
0112-ZGZE5,congruent,167,2.07240725436942e-06,-2.890392474608041e-06
0112-ZGZE5,congruent,168,7.771442536013353e-06,3.254476702134012e-06
0112-ZGZE5,congruent,169,1.4761764113104694e-06,4.430702624848244e-06
0112-ZGZE5,congruent,170,-2.0736769234360674e-06,-1.1572998260939994e-06
0112-ZGZE5,congruent,171,1.0113972263971569e-06,-1.0262542738253852e-06
0112-ZGZE5,congruent,172,7.874019771853362e-07,5.702037004753959e-06
0112-ZGZE5,congruent,173,-2.4823276364160412e-06,2.4475177620152243e-06
0112-ZGZE5,congruent,174,-2.1357245704831803e-06,-2.910642689429876e-06
0112-ZGZE5,congruent,175,2.2849663028601316e-06,-2.588850605843777e-06
0112-ZGZE5,congruent,176,-4.2612953691014125e-06,-3.815218513514213e-06
0112-ZGZE5,congruent,177,2.3156880618019296e-06,-2.63017749492513e-06
0112-ZGZE5,congruent,178,1.5071040114228039e-06,-6.536810165142135e-06
0112-ZGZE5,congruent,179,1.641318068191296e-05,1.0002960369592435e-05
0112-ZGZE5,congruent,180,-3.422127931547223e-06,-1.2758009100504267e-06
0112-ZGZE5,congruent,181,-4.028396884348077e-06,-3.315306389730659e-07
0112-ZGZE5,congruent,182,-1.576824037423475e-06,-1.80940066060911e-06
0112-ZGZE5,congruent,183,5.793705632772754e-06,5.333854551183337e-06
0112-ZGZE5,incongruent,0,4.215191081981563e-06,3.7769295915261693e-06
0112-ZGZE5,incongruent,1,3.8841894534905885e-06,3.476839346276763e-06
0112-ZGZE5,incongruent,2,-7.888983821210655e-06,4.0984491112088473e-07
0112-ZGZE5,incongruent,3,7.595782339572331e-06,6.670265814768057e-06
0112-ZGZE5,incongruent,4,-2.1940115859673875e-06,1.203921072776205e-06
0112-ZGZE5,incongruent,5,-2.449379268954747e-06,-3.5996888352026245e-06
0112-ZGZE5,incongruent,6,-8.319272748110929e-06,-1.2534516786259258e-06
0112-ZGZE5,incongruent,7,5.514810629695724e-06,6.191897691608803e-06
0112-ZGZE5,incongruent,8,8.17164124451999e-06,-5.534794113973084e-06
0112-ZGZE5,incongruent,9,9.968102374044065e-06,9.390842723930701e-07
0112-ZGZE5,incongruent,10,7.810027730311733e-06,2.5359536136722216e-06
0112-ZGZE5,incongruent,11,3.747574043764839e-06,8.193062766085033e-06
0112-ZGZE5,incongruent,12,1.4497086458188926e-06,-6.586995973899246e-07
0112-ZGZE5,incongruent,13,-2.8634228067814755e-06,1.978340115252377e-06
0112-ZGZE5,incongruent,14,-3.084505053356828e-06,-3.1862057361263444e-06
0112-ZGZE5,incongruent,15,1.1971104748769157e-06,-1.4346678365059612e-06
0112-ZGZE5,incongruent,16,7.523885090636222e-06,5.130910876515695e-06
0112-ZGZE5,incongruent,17,-4.7805354358400095e-06,-2.8053341962487757e-06
0112-ZGZE5,incongruent,18,-9.97287196221684e-06,-4.227626257960991e-06
0112-ZGZE5,incongruent,19,5.224792760753893e-06,1.8060175066435183e-08
0112-ZGZE5,incongruent,20,4.799267482314263e-06,2.434451507183047e-06
0112-ZGZE5,incongruent,21,8.192690486080641e-06,8.65739442497798e-06
0112-ZGZE5,incongruent,22,2.585458650464249e-06,1.4209544177261209e-06
0112-ZGZE5,incongruent,23,-6.058666291714838e-07,4.856055291264662e-06
0112-ZGZE5,incongruent,24,1.101267452703266e-05,6.251724688550969e-06
0112-ZGZE5,incongruent,25,2.8674634153053944e-06,-6.171810770320682e-07
0112-ZGZE5,incongruent,26,9.162219428088557e-07,-8.800546596310273e-07
0112-ZGZE5,incongruent,27,3.3753516534413264e-06,-3.399878758125834e-06
0112-ZGZE5,incongruent,28,-1.8908658035943113e-06,-3.545479674483472e-07
0112-ZGZE5,incongruent,29,5.573446573488153e-06,5.4078744619579535e-06
0112-ZGZE5,incongruent,30,2.329025880405783e-06,-3.1219730058920737e-06
0112-ZGZE5,incongruent,31,-3.253918946161497e-06,-5.0749665409168605e-06
0112-ZGZE5,incongruent,32,8.797757815255083e-06,9.080775258106941e-07
0112-ZGZE5,incongruent,33,1.0507645205410686e-05,5.68827668467948e-06
0112-ZGZE5,incongruent,34,-3.937158051530977e-06,-1.275966233431056e-06
0112-ZGZE5,incongruent,35,1.1710125330841114e-06,-3.5329671889146815e-06
0112-ZGZE5,incongruent,36,-4.8645972969063404e-08,-1.870111410405311e-06
0112-ZGZE5,incongruent,37,4.2344262412412226e-06,4.573931730501746e-08
0112-ZGZE5,incongruent,38,8.024755858290308e-07,-1.0914056023891962e-06
0112-ZGZE5,incongruent,39,1.9093465216641772e-07,7.3593231414374595e-06
0112-ZGZE5,incongruent,40,2.197495376875584e-06,3.7289452665567396e-06
0112-ZGZE5,incongruent,41,-1.4347223988033336e-06,-1.2036417006479083e-06
0112-ZGZE5,incongruent,42,7.283868749018674e-06,1.1134179878221519e-05
0112-ZGZE5,incongruent,43,6.088537414574758e-06,1.3950401588471763e-06
0112-ZGZE5,incongruent,44,1.6538319090634226e-06,-1.19856479196956e-06
0112-ZGZE5,incongruent,45,2.6963067387928186e-06,5.889018574472723e-06
0112-ZGZE5,incongruent,46,1.7235003184557651e-06,-6.33308858803815e-06
0112-ZGZE5,incongruent,47,1.529974286687825e-06,5.910707346654372e-06
0112-ZGZE5,incongruent,48,4.9254920161762925e-06,6.595377077474568e-06
0112-ZGZE5,incongruent,49,2.1129751415595447e-06,3.2138408201217876e-06
0112-ZGZE5,incongruent,50,-2.001566226958725e-06,-8.864754707978855e-06
0112-ZGZE5,incongruent,51,8.102244034334215e-06,3.1062610639569796e-06
0112-ZGZE5,incongruent,52,7.887807561028017e-06,5.36120789675254e-06
0112-ZGZE5,incongruent,53,1.3825401707623651e-06,-1.5506677793199128e-06
0112-ZGZE5,incongruent,54,5.006575577249683e-06,6.637582355625503e-06
0112-ZGZE5,incongruent,55,5.730004210410229e-06,6.518740569613866e-06
0112-ZGZE5,incongruent,56,3.2219644087644175e-06,-2.8465561432754943e-06
0112-ZGZE5,incongruent,57,-6.795012258769004e-07,-1.0283843846449246e-06
0112-ZGZE5,incongruent,58,2.222831469474474e-06,-1.3024738408334794e-06
0112-ZGZE5,incongruent,59,-8.481554954633462e-08,2.33670570903452e-06
0112-ZGZE5,incongruent,60,5.744340268265803e-07,-2.061953633399949e-06
0112-ZGZE5,incongruent,61,9.777748966851876e-07,9.331492809778218e-07
0112-ZGZE5,incongruent,62,-1.6039427036591982e-07,7.894525793184134e-06
0112-ZGZE5,incongruent,63,-1.2712159436541854e-07,-3.779566980981215e-06
0112-ZGZE5,incongruent,64,-2.021819799362758e-06,-1.8095689970748827e-07
0203-Z174G,congruent,0,-2.8316134864880436e-06,-6.998005613192625e-06
0203-Z174G,congruent,1,1.6790923536714517e-06,-8.425194438939706e-07
0203-Z174G,congruent,2,5.640816703579136e-07,-2.371256013974277e-06
0203-Z174G,congruent,3,-6.262656938496102e-06,-5.724788490507254e-06
0203-Z174G,congruent,4,-3.090832883487252e-07,-2.5641781774614406e-06
0203-Z174G,congruent,5,-8.351032369860173e-06,-4.123406658779802e-06
0203-Z174G,congruent,6,1.0739710537705433e-06,1.633904736925924e-08
0203-Z174G,congruent,7,-9.04826896975119e-07,8.451382556324509e-07
0203-Z174G,congruent,8,-4.4458554931763035e-07,3.026947813739033e-07
0203-Z174G,congruent,9,-1.0485428641119287e-06,-2.445520218429313e-06
0203-Z174G,congruent,10,3.986717918272078e-06,5.132064515469593e-06
0203-Z174G,congruent,11,2.116224634024386e-06,2.0238980435286743e-06
0203-Z174G,congruent,12,-2.326655292344331e-06,-6.754821934051096e-06
0203-Z174G,congruent,13,2.6107464309341553e-06,1.7584788682538765e-06
0203-Z174G,congruent,14,3.004515556078265e-06,4.188652761575365e-06
0203-Z174G,congruent,15,-4.113277960714827e-06,-5.191339847966033e-06
0203-Z174G,congruent,16,1.1087045414850624e-06,1.114660691446263e-06
0203-Z174G,congruent,17,2.6057582647950983e-06,1.187136039342952e-06
0203-Z174G,congruent,18,-5.667715028334074e-06,-1.2999517409349373e-06
0203-Z174G,congruent,19,-1.8244316712584086e-06,-2.195293061963824e-06
0203-Z174G,congruent,20,4.58444624944269e-06,2.1843789511316613e-06
0203-Z174G,congruent,21,-8.233469706288229e-07,-2.0634375736726105e-06
0203-Z174G,congruent,22,-1.04818519158088e-06,3.5088800227190286e-06
0203-Z174G,congruent,23,1.0103130278208463e-06,3.678613524121788e-07
0203-Z174G,congruent,24,-3.4259877298261965e-06,4.700049335598201e-06
0203-Z174G,congruent,25,9.50818516671855e-07,-5.199475702744615e-07
0203-Z174G,congruent,26,9.448248871418347e-07,-1.4232692126916e-06
0203-Z174G,congruent,27,5.248243853365948e-06,4.350318252985322e-06
0203-Z174G,congruent,28,-2.559435590762902e-06,2.4674898558995234e-06
0203-Z174G,congruent,29,9.482995197712787e-07,-4.874001610606001e-06
0203-Z174G,congruent,30,5.71800647914988e-06,5.929206576511682e-06
0203-Z174G,congruent,31,-3.6353916851341085e-07,1.1754590243994351e-06
0203-Z174G,congruent,32,3.623691292182754e-06,4.6227628218486615e-06
0203-Z174G,congruent,33,9.728090208130621e-08,1.6535324833085662e-06
0203-Z174G,congruent,34,1.8621865932309417e-06,-3.2553429384741426e-07
0203-Z174G,congruent,35,4.260704663898252e-06,1.099221925867164e-06
0203-Z174G,congruent,36,4.649803684315598e-06,6.379878202652196e-06
0203-Z174G,congruent,37,6.192827739957177e-07,1.7109052806259263e-06
0203-Z174G,congruent,38,-2.5359121318871973e-06,-8.964529480897478e-07
0203-Z174G,congruent,39,2.5951391816642357e-06,4.869698457793567e-06
0203-Z174G,congruent,40,-1.4941503896507925e-06,-8.107307011826427e-07
0203-Z174G,congruent,41,3.349180924431329e-06,-3.5327810218160407e-07
0203-Z174G,congruent,42,1.6907897605405937e-06,-3.7707722242677636e-06
0203-Z174G,congruent,43,1.9776342848488212e-06,2.1576966355843586e-06
0203-Z174G,congruent,44,-2.1335489543626088e-06,-4.896250095680465e-06
0203-Z174G,congruent,45,-2.9746470641165233e-06,-3.2899190493745457e-06
0203-Z174G,congruent,46,-4.31986156826468e-06,-3.8948341386470005e-06
0203-Z174G,congruent,47,4.219157798546347e-07,2.3706910173143267e-06
0203-Z174G,congruent,48,-8.315734686871357e-07,4.739467203486934e-07
0203-Z174G,congruent,49,6.257734750381985e-06,2.243802629373395e-06
0203-Z174G,congruent,50,4.05866910253481e-06,7.332869631812623e-06
0203-Z174G,congruent,51,-2.5671769897125275e-06,1.337357439365611e-06
0203-Z174G,congruent,52,-7.883998284145221e-07,-9.620089948659138e-07
0203-Z174G,congruent,53,-4.441931252994682e-06,-3.2627619743351644e-06
0203-Z174G,congruent,54,-7.043749032618059e-07,3.076052497029112e-06
0203-Z174G,congruent,55,-7.349058576158901e-06,-9.069722417050191e-06
0203-Z174G,congruent,56,-4.999057483423779e-06,-4.512771252333913e-06
0203-Z174G,congruent,57,8.17755434689951e-06,9.30636164032107e-06
0203-Z174G,congruent,58,-1.5869871593939403e-06,-2.593765112706671e-06
0203-Z174G,congruent,59,7.657002508110313e-07,1.761478204912527e-06
0203-Z174G,congruent,60,1.1885367722356457e-06,1.6008506944840104e-06
0203-Z174G,congruent,61,9.745408730891624e-07,8.789234780278889e-07
0203-Z174G,congruent,62,-4.930525726606014e-07,2.1641255951597364e-06
0203-Z174G,congruent,63,9.30901526513714e-07,3.19509207334179e-06
0203-Z174G,congruent,64,-1.075097566698835e-06,-8.431012411124945e-07
0203-Z174G,congruent,65,-1.4575468712889336e-06,2.206357400089795e-06
0203-Z174G,congruent,66,1.69016846503905e-06,-3.3962556752719004e-06
0203-Z174G,congruent,67,-2.7010609208451834e-06,-4.710748141536681e-07
0203-Z174G,congruent,68,6.422504316729122e-07,-1.091762787834301e-06
0203-Z174G,congruent,69,4.515410507867267e-06,2.4829808556267776e-06
0203-Z174G,congruent,70,-3.462818911885061e-06,-9.237070452241251e-06
0203-Z174G,congruent,71,1.3040705235090622e-06,5.498721483460265e-06
0203-Z174G,congruent,72,-2.388746254888376e-06,-7.202954110974632e-06
0203-Z174G,congruent,73,-8.131807913937531e-07,-1.4367042509921866e-06
0203-Z174G,congruent,74,1.5109152621663769e-06,-4.1871936384870864e-07
0203-Z174G,congruent,75,-1.138598289264855e-06,7.457687597362406e-07
0203-Z174G,congruent,76,1.3116067121542594e-06,-5.825524966413584e-07
0203-Z174G,congruent,77,1.0381146952154722e-07,-3.6603989752091383e-06
0203-Z174G,congruent,78,5.79287052413333e-06,3.404536907885382e-06
0203-Z174G,congruent,79,4.433773488683572e-06,3.819607722749406e-06
0203-Z174G,congruent,80,1.7856343122091012e-06,1.983116098612769e-06
0203-Z174G,congruent,81,8.711587704414449e-07,3.2222903350509954e-06
0203-Z174G,congruent,82,-3.5491915762189485e-06,-1.642998221985084e-06
0203-Z174G,congruent,83,4.737359433237522e-06,1.9802309712518787e-06
0203-Z174G,congruent,84,1.1017272963250327e-05,9.259259672238021e-06
0203-Z174G,congruent,85,-1.6652935503696476e-06,-1.359543277365986e-06
0203-Z174G,congruent,86,7.67661329953274e-06,4.141573210409536e-06
0203-Z174G,congruent,87,-1.913195519939505e-06,8.293902621563014e-07
0203-Z174G,congruent,88,1.4730603039700537e-06,2.791640362158196e-07
0203-Z174G,congruent,89,2.127020363456834e-06,-2.2359675322813476e-07
0203-Z174G,congruent,90,6.715695563506869e-06,-1.7564488283963675e-06
0203-Z174G,congruent,91,2.867941042069755e-06,3.023128708524109e-06
0203-Z174G,congruent,92,3.727235492745855e-06,2.0368081846555037e-06
0203-Z174G,congruent,93,5.67901131637675e-06,3.632928182277854e-06
0203-Z174G,congruent,94,2.634547234721275e-06,4.356661888807564e-06
0203-Z174G,congruent,95,1.5853901630298885e-06,-7.745011230217893e-07
0203-Z174G,congruent,96,4.102637150766546e-06,6.20907231694563e-07
0203-Z174G,congruent,97,4.6911985671222155e-06,-3.830359988831228e-07
0203-Z174G,congruent,98,-7.816995609771709e-07,1.3382798575115993e-07
0203-Z174G,congruent,99,1.4237017662047066e-06,-1.2870911032665422e-06
0203-Z174G,congruent,100,7.661195160101308e-06,1.912226303553527e-06
0203-Z174G,congruent,101,3.147957217179345e-06,4.506416075531046e-06
0203-Z174G,congruent,102,-6.720588279764985e-06,-1.6073323095423307e-07
0203-Z174G,congruent,103,4.9205929030907665e-06,5.322396180319367e-06
0203-Z174G,congruent,104,1.7182092322982222e-06,3.796559509567665e-06
0203-Z174G,congruent,105,3.677828123490842e-06,-4.0643947801819267e-07
0203-Z174G,congruent,106,2.4890558613872274e-06,5.943170626020639e-06
0203-Z174G,congruent,107,-2.5718966627920125e-06,-5.716054508209606e-06
0203-Z174G,congruent,108,1.3128297159645226e-06,-1.2381606347431738e-06
0203-Z174G,congruent,109,5.72693645535097e-06,2.9405363808589493e-06
0203-Z174G,congruent,110,-2.8933956583513703e-06,-9.57323772813906e-07
0203-Z174G,congruent,111,-1.6290800517424996e-07,1.9531655461391683e-06
0203-Z174G,congruent,112,3.1454650475612793e-07,5.083425962062917e-06
0203-Z174G,congruent,113,-9.682305623052565e-07,-2.2478970934141445e-06
0203-Z174G,congruent,114,1.9625016308260994e-06,2.7768870513823013e-06
0203-Z174G,congruent,115,-2.5132888893953047e-06,2.445412820504499e-06
0203-Z174G,congruent,116,4.726105467514479e-06,1.0562085784024374e-06
0203-Z174G,congruent,117,-1.6341931384907673e-06,-2.4316184919741036e-06
0203-Z174G,congruent,118,6.96521745610938e-08,3.186962450980387e-07
0203-Z174G,congruent,119,-1.3055960781065728e-06,2.6287191382343097e-06
0203-Z174G,congruent,120,-3.408977772590417e-06,-1.7685859301145823e-06
0203-Z174G,congruent,121,9.320442383337491e-07,2.038186445457631e-06
0203-Z174G,congruent,122,1.9829613460682443e-06,4.533424468966808e-06
0203-Z174G,congruent,123,5.441655484240035e-06,1.5346234554184035e-06
0203-Z174G,congruent,124,4.327813413667191e-06,-2.142419610974259e-06
0203-Z174G,congruent,125,6.23766974383517e-06,5.116392445908712e-06
0203-Z174G,congruent,126,-5.700743568134966e-06,-2.6767945465631057e-07
0203-Z174G,congruent,127,-9.012009477372872e-07,1.9701902158524226e-06
0203-Z174G,congruent,128,6.407830075513032e-06,7.31662631110723e-06
0203-Z174G,congruent,129,-4.077321448712403e-06,7.570153439163697e-07
0203-Z174G,congruent,130,-6.4140407592403855e-06,-5.065755260530096e-06
0203-Z174G,congruent,131,-3.360277661605494e-06,-3.6130194502625938e-06
0203-Z174G,congruent,132,2.1632980813586954e-06,-5.886236547828212e-07
0203-Z174G,congruent,133,-4.983799357179958e-07,-9.011766152293141e-07
0203-Z174G,congruent,134,-1.917572335185338e-06,1.6927956543169674e-06
0203-Z174G,congruent,135,-8.144099681771983e-07,-3.1725982484117015e-06
0203-Z174G,congruent,136,6.406098629244051e-06,4.866407304687184e-06
0203-Z174G,congruent,137,2.288375613340731e-06,-1.3556135838965734e-06
0203-Z174G,congruent,138,8.484636464630129e-07,3.462212126972496e-06
0203-Z174G,congruent,139,7.452188052402798e-06,5.559539262499901e-06
0203-Z174G,congruent,140,2.722555556864729e-07,-3.946477977246921e-07
0203-Z174G,congruent,141,-6.167463746829153e-07,-2.9862551143679097e-06
0203-Z174G,congruent,142,-1.6705158449305703e-06,-3.9766392394595e-06
0203-Z174G,congruent,143,4.012600587346245e-06,2.108917735854787e-06
0203-Z174G,congruent,144,7.075385273011048e-08,-1.2508910216370659e-06
0203-Z174G,congruent,145,-3.3036476763362447e-06,-2.697938461224285e-06
0203-Z174G,congruent,146,2.2198824685225664e-06,4.186200169305501e-06
0203-Z174G,congruent,147,-1.4688301325868063e-06,1.014486739280262e-06
0203-Z174G,congruent,148,3.2691038388908283e-06,3.740643347078728e-06
0203-Z174G,congruent,149,-3.6364246695218905e-06,-1.6545748213933037e-06
0203-Z174G,congruent,150,9.697597812113683e-07,-3.2492426200963023e-06
0203-Z174G,congruent,151,-5.511400672082395e-07,3.224616388844605e-06
0203-Z174G,congruent,152,-5.463972510142016e-06,-2.718298309351234e-06
0203-Z174G,congruent,153,-3.598865000209409e-06,-1.4238701009295507e-06
0203-Z174G,congruent,154,-1.745227127753234e-07,1.0200178734449417e-06
0203-Z174G,congruent,155,-3.434335516907861e-06,-4.976371014659905e-06
0203-Z174G,congruent,156,5.79888884511652e-06,5.273631274467796e-06
0203-Z174G,congruent,157,-5.1225138396572324e-08,2.328541365796356e-06
0203-Z174G,congruent,158,-2.0762823402493045e-06,5.961986848768347e-07
0203-Z174G,congruent,159,-1.296577753957685e-06,-4.873483084893014e-07
0203-Z174G,congruent,160,-3.804178897862568e-06,-1.1631146234760017e-06
0203-Z174G,congruent,161,1.7860141512171112e-06,-1.3110185196928145e-06
0203-Z174G,congruent,162,-2.728185888400299e-06,-9.347681127090305e-07
0203-Z174G,congruent,163,-2.6794059048631837e-06,-1.6413293678141702e-06
0203-Z174G,congruent,164,4.2533578213642013e-07,-1.6504754106166866e-06
0203-Z174G,congruent,165,2.919385934359002e-06,1.8555513214143086e-06
0203-Z174G,congruent,166,4.403145340446614e-06,5.097071766196656e-06
0203-Z174G,congruent,167,7.767043267080703e-07,1.3529472163962498e-06
0203-Z174G,congruent,168,1.4111206213638738e-06,-3.767077822057926e-07
0203-Z174G,congruent,169,9.30298762154571e-06,5.78536755634514e-06
0203-Z174G,congruent,170,-2.0680889034687847e-06,-3.7982122245755985e-06
0203-Z174G,congruent,171,3.1314779445249813e-06,5.060100453367888e-06
0203-Z174G,congruent,172,-2.8132020352400994e-06,-4.784537610530613e-07
0203-Z174G,congruent,173,1.314612719584606e-06,2.4137362766939285e-06
0203-Z174G,congruent,174,1.573185438043114e-06,-1.0333404791185184e-06
0203-Z174G,congruent,175,1.5773074293729076e-06,3.908250002464106e-06
0203-Z174G,congruent,176,1.590052091734847e-06,5.062776051076234e-06
0203-Z174G,congruent,177,-5.717723335986873e-06,-4.1442507241823855e-06
0203-Z174G,congruent,178,4.264735556422573e-06,-3.229890366260184e-06
0203-Z174G,congruent,179,8.337110725067524e-06,1.2238388143586655e-05
0203-Z174G,congruent,180,-3.188672318837152e-06,-5.791005066467439e-07
0203-Z174G,congruent,181,3.653355347886015e-06,2.94135362899613e-06
0203-Z174G,congruent,182,-8.280307369961133e-06,-9.04406848602617e-07
0203-Z174G,congruent,183,-7.947184283478402e-06,-6.973636595584427e-06
0203-Z174G,congruent,184,1.42311836515141e-06,2.1758017285532153e-06
0203-Z174G,congruent,185,2.6817598747685988e-06,1.8481343700833204e-06
0203-Z174G,congruent,186,-1.171017675054655e-06,-1.920497979822013e-06
0203-Z174G,congruent,187,3.425378007996379e-06,1.48625291166691e-06
0203-Z174G,congruent,188,7.105598391149076e-06,8.734462575854487e-06
0203-Z174G,congruent,189,-3.6721825297139965e-06,-2.2357876142112128e-06
0203-Z174G,congruent,190,-8.075546823869207e-07,-1.641861989128776e-06
0203-Z174G,congruent,191,-1.2938355386518977e-06,-2.421823580318072e-06
0203-Z174G,congruent,192,-6.043977903225413e-06,-1.0661848912510311e-06
0203-Z174G,congruent,193,2.837610342122667e-09,1.3402760913556673e-06
0203-Z174G,congruent,194,-1.1874751478310984e-06,1.0995950300492221e-06
0203-Z174G,congruent,195,-2.2322225057001891e-07,-1.169541683816127e-06
0203-Z174G,congruent,196,-2.0118408463107096e-06,-1.4867636113382892e-08
0203-Z174G,congruent,197,-6.71275103482909e-06,-1.8124596374550037e-06
0203-Z174G,congruent,198,-4.832410669813623e-07,5.330892037281445e-07
0203-Z174G,congruent,199,5.989803341756957e-07,-1.2909568399944851e-06
0203-Z174G,congruent,200,2.817382629091821e-06,1.7134847752294124e-06
0203-Z174G,congruent,201,-4.859640682073893e-06,1.29077981506349e-07
0203-Z174G,congruent,202,5.552464045351402e-06,9.508466608309672e-06
0203-Z174G,congruent,203,-3.939750865547238e-06,-4.589871963152382e-07
0203-Z174G,congruent,204,-4.46729793749117e-06,-4.797235518248693e-08
0203-Z174G,congruent,205,2.139863800392328e-06,4.416308862035798e-06
0203-Z174G,incongruent,0,-2.0543008017172224e-06,3.5181381688038815e-06
0203-Z174G,incongruent,1,-3.9588536243876766e-07,1.4179696709832233e-06
0203-Z174G,incongruent,2,-1.4227220993890916e-07,3.328249781203687e-06
0203-Z174G,incongruent,3,-1.0621206801403131e-06,-1.3809545158171503e-06
0203-Z174G,incongruent,4,2.5515345559581333e-06,-1.3057207024380418e-06
0203-Z174G,incongruent,5,-1.2036219186894212e-06,2.3157102835711906e-06
0203-Z174G,incongruent,6,1.9443883442251164e-06,-1.6930628334928854e-06
0203-Z174G,incongruent,7,-4.4058005159197834e-06,7.1205298312919275e-06
0203-Z174G,incongruent,8,1.6924680872805981e-06,-6.129097731014424e-07
0203-Z174G,incongruent,9,3.552153017211196e-06,1.6505078880239684e-06
0203-Z174G,incongruent,10,-1.7610621938889176e-06,-2.252678998159749e-07
0203-Z174G,incongruent,11,-1.7179476407582035e-06,1.2232206672899452e-06
0203-Z174G,incongruent,12,4.251525875777425e-06,-1.5142777431637868e-06
0203-Z174G,incongruent,13,-8.360329954346035e-07,-2.039303520674951e-06
0203-Z174G,incongruent,14,2.8213808981002143e-06,8.386140483164775e-06
0203-Z174G,incongruent,15,3.9680528517119154e-06,8.515925842084829e-07
0203-Z174G,incongruent,16,4.914327532700465e-07,1.2991046786836335e-06
0203-Z174G,incongruent,17,8.651424144318931e-07,3.040197301184996e-06
0203-Z174G,incongruent,18,5.529725873758436e-06,5.414194784808896e-06
0203-Z174G,incongruent,19,7.876532564098821e-07,7.95129413118278e-07
0203-Z174G,incongruent,20,-1.1286317514418244e-06,2.0258700953080223e-06
0203-Z174G,incongruent,21,-5.776915262923797e-06,-8.61191431942377e-06
0203-Z174G,incongruent,22,-2.7314951977240894e-06,-5.241960220252399e-06
0203-Z174G,incongruent,23,-1.4534592998433164e-06,-1.8645996466227593e-06
0203-Z174G,incongruent,24,1.3138889317204443e-07,4.639536036413622e-06
0203-Z174G,incongruent,25,9.704942662473425e-07,6.711339842056886e-06
0203-Z174G,incongruent,26,1.7422030051764707e-07,2.7121866029812156e-06
0203-Z174G,incongruent,27,4.3298123710947285e-06,2.2558423855349273e-07
0203-Z174G,incongruent,28,5.758888662048821e-06,3.5992225481301786e-06
0203-Z174G,incongruent,29,8.17909174674369e-06,2.555743590373715e-09
0203-Z174G,incongruent,30,4.209834117907005e-06,1.9817887962072866e-06
0203-Z174G,incongruent,31,8.48434516782939e-06,5.816735138327418e-06
0203-Z174G,incongruent,32,5.6207572011316625e-06,-2.1255382981487966e-07
0203-Z174G,incongruent,33,2.7642350206135434e-06,4.1532746923426085e-06
0203-Z174G,incongruent,34,-5.3040047877324015e-06,-3.1033378564644833e-06
0203-Z174G,incongruent,35,-1.7968039928688817e-06,-1.086381161233341e-07
0203-Z174G,incongruent,36,1.7110181207700812e-06,1.1493394224759226e-06
0203-Z174G,incongruent,37,-2.6775722532125464e-06,1.2893659232950345e-06
0203-Z174G,incongruent,38,1.2083825495943692e-06,-1.6853123906747403e-06
0203-Z174G,incongruent,39,1.791888828159916e-06,-7.362721089746497e-07
0203-Z174G,incongruent,40,-3.9246538297113846e-07,1.718286944960337e-06
0203-Z174G,incongruent,41,7.476201963559228e-06,5.149134067366469e-06
0203-Z174G,incongruent,42,1.5559088824559204e-06,6.070482793101777e-06
0203-Z174G,incongruent,43,-6.13518965399832e-07,-4.2213197577632336e-06
0203-Z174G,incongruent,44,-6.717730752424695e-07,1.8555156034097907e-06
0203-Z174G,incongruent,45,9.028809193909755e-06,7.593032592177388e-06
0203-Z174G,incongruent,46,-8.534068702788617e-07,7.236677966992413e-07
0203-Z174G,incongruent,47,-1.3800444134662164e-06,-1.0274542147957197e-06
0203-Z174G,incongruent,48,-1.9919492695423698e-07,2.0329776874876452e-06
0203-Z174G,incongruent,49,6.159067046812767e-07,-2.8593789426140177e-06
0203-Z174G,incongruent,50,1.4318323465373916e-06,1.5422310067933853e-06
0203-Z174G,incongruent,51,-1.293698810605573e-06,-3.5880830861745606e-06
0203-Z174G,incongruent,52,-6.042265480171099e-06,-2.0719393844789914e-06
0203-Z174G,incongruent,53,-1.0230637836454095e-06,-2.6974168515898056e-06
0203-Z174G,incongruent,54,6.185457631680054e-06,3.985833680800544e-06
0203-Z174G,incongruent,55,3.7680649509951643e-06,2.6756893291955733e-06
0203-Z174G,incongruent,56,2.958952397338255e-06,-1.2830857785032817e-06
0203-Z174G,incongruent,57,2.7215638539635245e-06,4.339557043246284e-06
0203-Z174G,incongruent,58,1.4128745292036988e-06,-2.517636204323056e-06
0203-Z174G,incongruent,59,-7.325480554720523e-07,1.013700933108017e-06
0203-Z174G,incongruent,60,-1.6238358350726334e-07,1.0063749515315368e-06
0203-Z174G,incongruent,61,1.1279200468294501e-06,1.1599905883124796e-06
0203-Z174G,incongruent,62,-2.357584443616608e-06,-1.4256513872432195e-06
0203-Z174G,incongruent,63,-2.8814586374624047e-06,5.448018336408913e-07
0203-Z174G,incongruent,64,-4.420102911464169e-07,5.250402459994145e-07
0203-Z174G,incongruent,65,7.831554819868147e-06,7.778512199014729e-06
0203-Z174G,incongruent,66,-2.3143112087741326e-06,-2.123835844456861e-06
0203-Z174G,incongruent,67,6.4081254065239675e-06,5.452367544787223e-06
0203-Z174G,incongruent,68,-8.40425986083651e-07,-6.553064385953742e-07
0203-Z174G,incongruent,69,-3.683679025040119e-06,-4.9918911385935035e-06
0203-Z174G,incongruent,70,3.6890105204262945e-06,-1.5972753129576067e-06
0203-Z174G,incongruent,71,-3.345696232277449e-06,1.0827326894419076e-06
0203-Z174G,incongruent,72,-3.6613138988001605e-06,-9.722274781639404e-07
0108-U5RMG,congruent,0,-1.7511463583522061e-06,1.8216816842991707e-06
0108-U5RMG,congruent,1,-1.5041223712997943e-06,-9.564195250265596e-07
0108-U5RMG,congruent,2,-1.7246479890805544e-06,-5.894861207361455e-07
0108-U5RMG,congruent,3,4.354332255436586e-06,-2.5804034671380917e-06
0108-U5RMG,congruent,4,8.880679409509912e-06,3.851883853379256e-06
0108-U5RMG,congruent,5,5.6222670853007055e-06,1.0276669293252805e-06
0108-U5RMG,congruent,6,3.9525125616247825e-06,5.460795253618584e-06
0108-U5RMG,congruent,7,-5.360314517973165e-06,-1.0715652879608486e-05
0108-U5RMG,congruent,8,1.0268516010462602e-05,5.859391824486007e-06
0108-U5RMG,congruent,9,-1.952044237239695e-07,7.464295753594473e-07
0108-U5RMG,congruent,10,3.5379671524735106e-06,1.9303994065467123e-06
0108-U5RMG,congruent,11,6.294077565420968e-06,1.7060015711067773e-06
0108-U5RMG,congruent,12,7.586654886482144e-07,-1.1852856906680113e-06
0108-U5RMG,congruent,13,1.9027552429115287e-06,2.1697502844422016e-06
0108-U5RMG,congruent,14,7.113163467152353e-07,-4.906253359566625e-07
0108-U5RMG,congruent,15,4.998810986256018e-06,5.7440885286694115e-06
0108-U5RMG,congruent,16,-2.0062739151950773e-06,-2.3295930430310376e-07
0108-U5RMG,congruent,17,5.253936488521395e-06,3.7158844245755176e-07
0108-U5RMG,congruent,18,4.141983953903175e-06,-1.4022325138181017e-06
0108-U5RMG,congruent,19,6.510115566788437e-06,3.7436284381036396e-06
0108-U5RMG,congruent,20,1.962381354222745e-06,-3.667261984895562e-07
0108-U5RMG,congruent,21,-7.5207432202253e-07,-1.8671560597670115e-06
0108-U5RMG,congruent,22,9.750060875091899e-06,1.5700123771412683e-06
0108-U5RMG,congruent,23,3.850978075091178e-06,1.1897842448209878e-06
0108-U5RMG,congruent,24,-7.283078792882713e-07,1.5439977132290358e-06
0108-U5RMG,congruent,25,7.172700256356243e-06,5.931136501432854e-07
0108-U5RMG,congruent,26,9.508220064278552e-06,3.5223092790390724e-06
0108-U5RMG,congruent,27,4.620932741871593e-08,1.6366717703145711e-06
0108-U5RMG,congruent,28,-3.114895504876396e-06,3.5461792813799025e-06
0108-U5RMG,congruent,29,-2.419207800326369e-06,-3.0534244896484677e-06
0108-U5RMG,congruent,30,-1.6498221490588722e-06,-2.939064490919396e-07
0108-U5RMG,congruent,31,6.900587525268341e-06,3.267803762181585e-06
0108-U5RMG,congruent,32,-9.701023233180864e-07,9.338025536559926e-07
0108-U5RMG,congruent,33,3.094603030641935e-06,-7.065257868657861e-07
0108-U5RMG,congruent,34,1.0559341093258223e-06,6.080268908698895e-06
0108-U5RMG,congruent,35,9.618045618775447e-07,2.0981805328447614e-06
0108-U5RMG,congruent,36,1.528904103079221e-06,2.9586448822536875e-06
0108-U5RMG,congruent,37,2.992855098128413e-06,-3.744479182254915e-06
0108-U5RMG,congruent,38,6.021270709530904e-06,6.499760295591737e-06
0108-U5RMG,congruent,39,-1.119982842146622e-06,4.3327802485891005e-07
0108-U5RMG,congruent,40,1.0926923007429148e-06,-1.5842746747517653e-06
0108-U5RMG,congruent,41,9.717243503503586e-07,-3.20646595203822e-06
0108-U5RMG,congruent,42,2.1610228171351205e-07,-1.6727827482042002e-06
0108-U5RMG,congruent,43,-6.173591449935986e-07,-5.354921197236389e-06
0108-U5RMG,congruent,44,5.166276454606544e-06,-1.89741163047711e-06
0108-U5RMG,congruent,45,5.118170338962269e-06,1.5687437182993017e-06
0108-U5RMG,congruent,46,1.9166955355753033e-06,5.345529602398972e-06
0108-U5RMG,congruent,47,4.894439315354533e-07,-3.1095569256854345e-06
0108-U5RMG,congruent,48,-3.0021584623669564e-06,-1.5044155818572567e-06
0108-U5RMG,congruent,49,2.3624099221349207e-06,1.7658769872494624e-06
0108-U5RMG,congruent,50,4.964333144934443e-08,2.7595639643185385e-06
0108-U5RMG,congruent,51,9.584878384198009e-06,8.286822805586497e-06
0108-U5RMG,congruent,52,6.813477528410824e-06,1.9037857102708783e-06
0108-U5RMG,congruent,53,2.1112749193610984e-06,-1.6702422002804438e-06
0108-U5RMG,congruent,54,6.714715512489822e-06,2.608638823845097e-06
0108-U5RMG,congruent,55,2.445349884302382e-06,9.940536332529486e-07
0108-U5RMG,congruent,56,-1.3311183011873414e-07,-2.0004366696468878e-07
0108-U5RMG,congruent,57,5.677704736269398e-07,3.5859285045276777e-06
0108-U5RMG,congruent,58,-4.685621121473205e-06,-3.1567813432449333e-06
0108-U5RMG,congruent,59,-5.056200699141479e-06,-4.3097639803904025e-07
0108-U5RMG,congruent,60,-4.318419395641964e-06,-3.4782078261458695e-06
0108-U5RMG,congruent,61,9.014313109174781e-07,-6.262956469463849e-07
0108-U5RMG,congruent,62,2.8873497333537648e-06,2.9597165710033867e-06
0108-U5RMG,congruent,63,6.031563200682991e-06,1.002842688322337e-06
0108-U5RMG,congruent,64,-5.175796333689071e-06,-3.103182684458029e-06
0108-U5RMG,congruent,65,1.3796602435606816e-06,4.2207550295559316e-07
0108-U5RMG,congruent,66,1.6738897905943435e-06,2.5188605410070397e-06
0108-U5RMG,congruent,67,8.803016309871946e-07,-5.159521191248162e-06
0108-U5RMG,congruent,68,3.4489569811566567e-06,2.6428383640442653e-06
0108-U5RMG,congruent,69,4.357239357761275e-06,4.481224407889823e-06
0108-U5RMG,congruent,70,2.1230632958022516e-06,3.4605022489403004e-06
0108-U5RMG,congruent,71,-1.0348635001285891e-06,-3.2956444180929392e-06
0108-U5RMG,congruent,72,-7.975259420733602e-07,1.6528513148132198e-08
0108-U5RMG,congruent,73,2.2887565907540252e-06,-2.8336387012330725e-06
0108-U5RMG,congruent,74,3.2548258626800867e-06,5.829622929772463e-06
0108-U5RMG,congruent,75,2.0058706324084028e-06,-2.16216917817873e-07
0108-U5RMG,congruent,76,3.3338025681091916e-06,-1.366405407819216e-06
0108-U5RMG,congruent,77,4.7669232433042125e-06,-1.0571419386527912e-06
0108-U5RMG,congruent,78,5.126675572382729e-06,4.0607198198533e-06
0108-U5RMG,congruent,79,-2.120331376400771e-08,-5.715531455169435e-07
0108-U5RMG,congruent,80,7.28763860378634e-06,-3.174108848147703e-07
0108-U5RMG,congruent,81,1.4310178325984119e-06,8.691016634070706e-06
0108-U5RMG,congruent,82,5.044114218620047e-06,1.8728247914633898e-06
0108-U5RMG,congruent,83,1.22814511265349e-06,-4.9712086916333174e-06
0108-U5RMG,congruent,84,-2.130688312541474e-06,2.573664704053543e-06
0108-U5RMG,congruent,85,6.9590015067231645e-06,9.656464713508472e-07
0108-U5RMG,congruent,86,4.578521863750709e-06,-9.970209099827787e-07
0108-U5RMG,congruent,87,-3.833733794076712e-06,-3.28665080371034e-06
0108-U5RMG,congruent,88,-5.322355838331114e-07,-2.555466179797654e-06
0108-U5RMG,congruent,89,2.8117511017484196e-06,3.1230978870903635e-06
0108-U5RMG,congruent,90,7.483134083957446e-06,3.0206982961390546e-07
0108-U5RMG,congruent,91,2.6012798410556403e-06,1.8673079522000892e-06
0108-U5RMG,congruent,92,3.827002532379018e-06,4.738755294895075e-06
0108-U5RMG,congruent,93,-5.161476030081949e-06,-4.85291163943313e-06
0108-U5RMG,congruent,94,5.9024739891022574e-06,2.122375678035156e-06
0108-U5RMG,congruent,95,7.149427785655742e-07,-4.214249599464796e-06
0108-U5RMG,congruent,96,4.521088248741506e-06,5.431464173650125e-06
0108-U5RMG,congruent,97,1.6656456168655797e-06,1.7362454457424432e-06
0108-U5RMG,congruent,98,2.556424178212944e-06,-4.3672259299266615e-06
0108-U5RMG,congruent,99,4.3064347531992155e-06,-3.173661535163277e-07
0108-U5RMG,congruent,100,4.0171457869453336e-06,-2.07160433104934e-06
0108-U5RMG,congruent,101,6.863944587181113e-06,2.975848605671705e-08
0108-U5RMG,congruent,102,-1.5250926259968073e-06,-2.291154351638941e-06
0108-U5RMG,congruent,103,1.13633823855956e-06,-2.5701850210249152e-06
0108-U5RMG,congruent,104,2.619021623338488e-06,2.5236513301783076e-06
0108-U5RMG,congruent,105,9.131689903082806e-07,-7.367116105501663e-07
0108-U5RMG,congruent,106,2.1738979415904663e-06,-2.7464044359284465e-06
0108-U5RMG,congruent,107,5.408362519624797e-06,1.7517779445412955e-06
0108-U5RMG,congruent,108,5.079999224381428e-06,-5.06972126073202e-07
0108-U5RMG,congruent,109,6.418252448422912e-06,4.919389849125928e-06
0108-U5RMG,congruent,110,3.2987848190617853e-06,3.654860308662917e-06
0108-U5RMG,congruent,111,4.5489214639538034e-07,1.3907502243962123e-06
0108-U5RMG,congruent,112,8.04580228315294e-07,2.1946898057235628e-06
0108-U5RMG,congruent,113,-1.3723813557519656e-07,2.432238138525036e-06
0108-U5RMG,congruent,114,-5.522191930610059e-06,-5.448553227572021e-06
0108-U5RMG,congruent,115,4.5455511295752855e-06,-6.0294049881536655e-06
0108-U5RMG,congruent,116,1.0826615736233345e-05,3.445035622007697e-06
0108-U5RMG,congruent,117,-5.261257152817968e-07,-4.213160131820269e-06
0108-U5RMG,congruent,118,-8.898233501290577e-07,1.1781152895231859e-06
0108-U5RMG,congruent,119,1.1979104834207626e-06,-1.6710169791535368e-06
0108-U5RMG,congruent,120,5.4006400527436175e-06,7.289383507991799e-07
0108-U5RMG,congruent,121,7.3978304687098785e-06,1.1958566051898013e-06
0108-U5RMG,congruent,122,1.1914682619559214e-05,5.918428035969207e-06
0108-U5RMG,congruent,123,-3.9722923543598453e-07,-7.403773724136742e-07
0108-U5RMG,congruent,124,2.150471762317399e-06,1.820474658133491e-06
0108-U5RMG,congruent,125,6.028931140326476e-06,3.0199365060225994e-06
0108-U5RMG,congruent,126,1.7001996211715467e-06,-2.0361227966798985e-06
0108-U5RMG,congruent,127,-2.295609561811276e-07,-9.096249259325637e-08
0108-U5RMG,congruent,128,-2.9751650849239726e-07,-2.736655609931308e-06
0108-U5RMG,congruent,129,3.495143592354384e-06,8.967838374464785e-07
0108-U5RMG,congruent,130,6.884274812777289e-07,3.6071370620097406e-06
0108-U5RMG,congruent,131,-5.980456135260204e-07,-2.680670155758045e-06
0108-U5RMG,congruent,132,-4.709373072334497e-06,-2.2832642231757616e-06
0108-U5RMG,congruent,133,3.709541366196417e-07,-2.6884311260198252e-06
0108-U5RMG,congruent,134,1.6039717589475735e-06,1.9890403857913035e-06
0108-U5RMG,congruent,135,1.2349203457297738e-05,4.3883342359149554e-06
0108-U5RMG,congruent,136,1.7864257429672802e-06,5.415817668675355e-06
0108-U5RMG,congruent,137,1.9012293448756912e-07,3.2517352644729224e-06
0108-U5RMG,congruent,138,-2.6383469818582878e-06,-6.033520836143448e-07
0108-U5RMG,congruent,139,-2.443308293617376e-08,4.858520816272482e-07
0108-U5RMG,congruent,140,1.8946855913160589e-06,9.488490918243681e-07
0108-U5RMG,congruent,141,-6.989123199087341e-07,-2.483881530412407e-06
0108-U5RMG,congruent,142,4.588292711157899e-06,-1.0228687773312313e-06
0108-U5RMG,congruent,143,2.0386466486232495e-06,1.783911576505783e-06
0108-U5RMG,congruent,144,4.808297930737937e-06,-2.745214758305489e-06
0108-U5RMG,congruent,145,4.204322295339483e-06,6.069401311629683e-06
0108-U5RMG,congruent,146,-5.151755234339901e-06,-1.3424391834531916e-06
0108-U5RMG,congruent,147,-4.643181600621997e-06,-2.377507805021301e-06
0108-U5RMG,congruent,148,1.521451931852175e-06,-1.0008059707291597e-06
0108-U5RMG,congruent,149,3.287181197513841e-06,2.925616607182695e-06
0108-U5RMG,congruent,150,-3.6971105671169867e-06,-3.364571095504973e-06
0108-U5RMG,congruent,151,3.5218554400491832e-06,2.4432167544218573e-06
0108-U5RMG,congruent,152,2.5085389446024217e-06,4.859824703553044e-07
0108-U5RMG,congruent,153,5.3805275163519725e-06,-2.1147838718712256e-07
0108-U5RMG,congruent,154,4.517053451155382e-06,5.240926594647584e-06
0108-U5RMG,congruent,155,7.297030523755351e-06,5.377185152823375e-06
0108-U5RMG,congruent,156,-4.753861722364143e-07,-2.175428808089792e-06
0108-U5RMG,congruent,157,-2.8072008407780958e-08,5.80964663747207e-06
0108-U5RMG,congruent,158,5.068605107511461e-06,2.349522640123846e-06
0108-U5RMG,congruent,159,1.8292283953581679e-06,-4.6615958029984766e-08
0108-U5RMG,congruent,160,2.4126646046313548e-06,-1.4560396776215976e-06
0108-U5RMG,congruent,161,5.454982624101727e-06,1.480222797469613e-07
0108-U5RMG,congruent,162,-3.5879248806393083e-06,-6.848333680997213e-06
0108-U5RMG,congruent,163,3.2811889458912972e-06,-9.257920779034746e-08
0108-U5RMG,congruent,164,1.1646508872254862e-06,6.627163846431815e-07
0108-U5RMG,congruent,165,1.0174032835905283e-05,3.053740646393449e-06
0108-U5RMG,congruent,166,6.640049473931482e-06,1.8914038746769505e-06
0108-U5RMG,congruent,167,-3.9328964033026864e-07,-1.5643436237487839e-06
0108-U5RMG,congruent,168,5.731073234568643e-06,4.674057760595026e-06
0108-U5RMG,congruent,169,2.1037087564119925e-06,4.832647189146293e-06
0108-U5RMG,congruent,170,1.8667207956586026e-06,5.485505750760774e-07
0108-U5RMG,congruent,171,7.660752825176075e-07,-3.013452020348557e-06
0108-U5RMG,congruent,172,1.3201719842064843e-06,3.518539760574645e-06
0108-U5RMG,congruent,173,2.448256877538905e-07,-2.2871728411036357e-06
0108-U5RMG,congruent,174,2.123948227367919e-06,8.227315242618964e-07
0108-U5RMG,congruent,175,9.837590732663741e-06,3.268283551226195e-06
0108-U5RMG,congruent,176,8.51886950485621e-06,5.190868497463804e-06
0108-U5RMG,congruent,177,7.627095396099339e-06,3.2768457823690077e-06
0108-U5RMG,congruent,178,1.7437688321975964e-06,-3.1979970335611856e-07
0108-U5RMG,congruent,179,2.667778845809844e-06,-2.6589354444657062e-06
0108-U5RMG,congruent,180,5.841452798412697e-06,2.2628176999150346e-06
0108-U5RMG,congruent,181,-4.682801343644119e-06,-1.7120282797881513e-06
0108-U5RMG,congruent,182,2.367128157090615e-06,7.3345930163925855e-06
0108-U5RMG,congruent,183,-5.52384894737278e-06,-4.526530990436486e-06
0108-U5RMG,congruent,184,2.228893574410524e-06,4.268773428707716e-07
0108-U5RMG,congruent,185,-1.4665021836033577e-06,-3.0136694650963967e-06
0108-U5RMG,congruent,186,-7.540151701845751e-07,3.6979337412164755e-06
0108-U5RMG,congruent,187,7.934878998874305e-07,-4.042564484115109e-06
0108-U5RMG,congruent,188,1.8097469336189635e-06,-2.608719981916084e-06
0108-U5RMG,congruent,189,6.515522564326248e-06,2.932116461428129e-06
0108-U5RMG,congruent,190,1.0935977346700893e-06,2.498717409028519e-06
0108-U5RMG,congruent,191,1.4329132359454668e-06,2.147269711637546e-06
0108-U5RMG,congruent,192,1.395555221062277e-06,-5.080640247461025e-07
0108-U5RMG,congruent,193,6.452853423359933e-06,3.7447716575429766e-06
0108-U5RMG,congruent,194,2.4454505610247523e-06,-5.695261996676833e-07
0108-U5RMG,congruent,195,-1.7240452675360604e-06,1.0098276994900347e-06
0108-U5RMG,congruent,196,-4.523376109793629e-07,-2.268100251770473e-06
0108-U5RMG,congruent,197,4.319792971311682e-06,6.568472076801514e-07
0108-U5RMG,congruent,198,-2.3120177237070469e-07,4.485075759523228e-06
0108-U5RMG,congruent,199,8.919994491279305e-06,4.208437254977412e-06
0108-U5RMG,congruent,200,3.4131020061476407e-06,3.758561284294723e-06
0108-U5RMG,congruent,201,4.1594690641657535e-06,-7.445885979324606e-07
0108-U5RMG,incongruent,0,-3.7406408618137967e-07,2.2413558536597964e-06
0108-U5RMG,incongruent,1,2.12371592201012e-06,4.428295116959877e-07
0108-U5RMG,incongruent,2,5.576914021834743e-07,4.1292823010423704e-08
0108-U5RMG,incongruent,3,-7.081726461891982e-07,-2.602724779018365e-07
0108-U5RMG,incongruent,4,2.264497220709583e-06,3.5356358543002434e-06
0108-U5RMG,incongruent,5,3.191221917491492e-06,-1.6209348966646727e-06
0108-U5RMG,incongruent,6,4.607119784065381e-06,2.2639968629514705e-06
0108-U5RMG,incongruent,7,-9.761474423580413e-08,-3.583100361786861e-06
0108-U5RMG,incongruent,8,4.510443940040917e-07,3.7217128360424358e-06
0108-U5RMG,incongruent,9,-5.812416734239169e-07,8.24853241971687e-06
0108-U5RMG,incongruent,10,3.205260330118874e-07,7.302013554501575e-06
0108-U5RMG,incongruent,11,3.2005020709831674e-06,1.8401544817652635e-06
0108-U5RMG,incongruent,12,8.425343574955551e-06,5.159124481996854e-06
0108-U5RMG,incongruent,13,3.7527608423637887e-06,3.4862298642650977e-06
0108-U5RMG,incongruent,14,6.582023407212654e-06,6.708001879239582e-06
0108-U5RMG,incongruent,15,2.3266217078498383e-06,2.18376607440641e-06
0108-U5RMG,incongruent,16,9.489207141834527e-06,1.957089428892727e-06
0108-U5RMG,incongruent,17,5.728229931778152e-06,3.054967158574898e-06
0108-U5RMG,incongruent,18,-4.1992759975706333e-07,-2.4245700093627825e-06
0108-U5RMG,incongruent,19,3.3991770069557764e-07,4.888702972261309e-07
0108-U5RMG,incongruent,20,3.0044534771870718e-06,3.286846352598492e-06
0108-U5RMG,incongruent,21,-9.145364911658335e-07,-3.037523592893587e-06
0108-U5RMG,incongruent,22,7.056105785224558e-06,5.893043152509871e-06
0108-U5RMG,incongruent,23,9.074604607846956e-06,1.580531655736108e-05
0108-U5RMG,incongruent,24,5.092458977483711e-07,3.532498869886515e-06
0108-U5RMG,incongruent,25,1.0420306069735993e-05,1.0068814306911178e-05
0108-U5RMG,incongruent,26,2.287766697851478e-06,5.312678506435353e-06
0108-U5RMG,incongruent,27,3.943382245430902e-06,6.727341702491413e-06
0108-U5RMG,incongruent,28,9.934715446047944e-07,3.973031211353573e-06
0108-U5RMG,incongruent,29,1.2216897168926925e-05,2.231249084471182e-06
0108-U5RMG,incongruent,30,5.3375505996677165e-06,-1.4643183534027825e-06
0108-U5RMG,incongruent,31,1.0427469574773139e-05,8.952779667189212e-06
0108-U5RMG,incongruent,32,6.384067901085776e-06,1.1941625273083213e-06
0108-U5RMG,incongruent,33,-4.4000436886495365e-06,1.367518005788444e-06
0108-U5RMG,incongruent,34,1.0209417848537924e-05,3.7720318922114136e-06
0108-U5RMG,incongruent,35,-1.6351338453509395e-08,3.4574051163556857e-06
0108-U5RMG,incongruent,36,6.080791677184992e-06,4.3614248326873085e-06
0108-U5RMG,incongruent,37,9.683019222641384e-06,4.248030160937175e-06
0108-U5RMG,incongruent,38,1.3095745209021445e-06,-6.149462233677458e-07
0108-U5RMG,incongruent,39,6.308350702477895e-06,1.1207648427643354e-05
0108-U5RMG,incongruent,40,8.28299571122296e-06,3.4238320016011195e-06
0108-U5RMG,incongruent,41,-5.349854264793401e-06,1.7401247482444315e-06
0108-U5RMG,incongruent,42,7.203574719459457e-06,1.750637446459678e-06
0108-U5RMG,incongruent,43,3.0870348490239443e-06,6.45130545264687e-06
0108-U5RMG,incongruent,44,1.138617870774635e-06,3.8361639225462244e-06
0108-U5RMG,incongruent,45,1.3173213120307434e-06,6.089925507790474e-06
0108-U5RMG,incongruent,46,3.0475851015164973e-06,9.198051667557262e-06
0108-U5RMG,incongruent,47,3.841158252591608e-06,7.361901897195967e-06
0108-U5RMG,incongruent,48,2.1304959864589765e-06,2.4614584224787907e-06
0108-U5RMG,incongruent,49,3.448423772255176e-06,2.9049810464527194e-06
0108-U5RMG,incongruent,50,3.2362944528348713e-06,3.2950782187740106e-06
0108-U5RMG,incongruent,51,1.3220819244582846e-05,5.9154956334167225e-06
0108-U5RMG,incongruent,52,7.85536634965503e-06,4.540054350207597e-06
0108-U5RMG,incongruent,53,6.537055873796135e-06,1.9050854970656677e-06
0108-U5RMG,incongruent,54,3.2590931543217575e-06,2.401609427163186e-06
0108-U5RMG,incongruent,55,-1.6126133173564365e-07,4.626979685197786e-06
0108-U5RMG,incongruent,56,3.5915408305022807e-06,4.089218236590465e-06
0108-U5RMG,incongruent,57,3.512837080302302e-06,7.400121413877113e-06
0108-U5RMG,incongruent,58,4.6611431048251564e-06,2.0904311673083556e-06
0108-U5RMG,incongruent,59,-2.3638687678200734e-06,1.9146443840974057e-07
0108-U5RMG,incongruent,60,4.290166298602153e-06,1.097650495020245e-06
0108-U5RMG,incongruent,61,-9.856435318341265e-07,-1.7637961166789893e-06
0108-U5RMG,incongruent,62,8.767862791255181e-06,7.635776505616828e-07
0108-U5RMG,incongruent,63,9.266815074847899e-06,3.0596420660502543e-06
0108-U5RMG,incongruent,64,6.13369890316437e-06,1.278132618141104e-06
0108-U5RMG,incongruent,65,3.5287259637266857e-06,1.4472617202641156e-06
0108-U5RMG,incongruent,66,7.104824900556536e-06,5.096026700122984e-06
0108-U5RMG,incongruent,67,9.904012185191502e-06,-3.4125583069488057e-07
0108-U5RMG,incongruent,68,9.995624421711941e-06,4.870835204267884e-06
0108-U5RMG,incongruent,69,3.912572796226714e-06,3.8466661415376125e-06
0108-U5RMG,incongruent,70,5.411915438263126e-07,5.255654571173836e-06
0114-9GG89,congruent,0,-7.195738574801747e-07,-2.7764146675631653e-07
0114-9GG89,congruent,1,5.594483970943227e-06,4.486915639693936e-08
0114-9GG89,congruent,2,2.3035513451782685e-06,1.549589007114149e-06
0114-9GG89,congruent,3,7.163785614687396e-06,3.4938797169826775e-06
0114-9GG89,congruent,4,2.933432696996822e-06,8.023992044946256e-06
0114-9GG89,congruent,5,-4.139058599004431e-06,-6.7304411401437285e-06
0114-9GG89,congruent,6,6.032116238941346e-06,4.889537847205018e-06
0114-9GG89,congruent,7,-1.7820313476517033e-06,-4.612812539611253e-06
0114-9GG89,congruent,8,6.8625679157619094e-06,8.283413945555717e-06
0114-9GG89,congruent,9,-2.8883207639138884e-06,-5.309823137990805e-07
0114-9GG89,congruent,10,-9.327296864084662e-07,-4.260316969747299e-06
0114-9GG89,congruent,11,3.0790448430930997e-06,3.949689472041611e-06
0114-9GG89,congruent,12,2.4886163010584613e-06,2.132673350789453e-06
0114-9GG89,congruent,13,2.4959975166213633e-06,5.135081312054965e-07
0114-9GG89,congruent,14,4.6217872997588375e-06,3.6445626710425444e-06
0114-9GG89,congruent,15,4.984664588250421e-06,-2.1292687137356197e-06
0114-9GG89,congruent,16,4.083755464671046e-06,-3.806410256978187e-06
0114-9GG89,congruent,17,6.98790421207034e-06,1.7196387027326376e-06
0114-9GG89,congruent,18,-2.61638599178545e-06,-6.078602356875533e-06
0114-9GG89,congruent,19,5.2098393717152374e-06,1.9061713392696982e-06
0114-9GG89,congruent,20,5.435119186460367e-07,3.6835361921999438e-06
0114-9GG89,congruent,21,-2.6553692858188232e-06,3.052394747343437e-06
0114-9GG89,congruent,22,3.612229802471201e-06,-4.5122814879935115e-06
0114-9GG89,congruent,23,7.087648523333091e-06,3.537374365100004e-06
0114-9GG89,congruent,24,-3.927887095009842e-07,-4.0650829597056006e-07
0114-9GG89,congruent,25,1.193952046984984e-05,8.955681482834541e-06
0114-9GG89,congruent,26,2.8787382734512525e-06,3.6698051456597924e-06
0114-9GG89,congruent,27,-2.3252399405308448e-07,-3.633232895260797e-06
0114-9GG89,congruent,28,4.605135771398176e-06,2.3560327268454535e-06
0114-9GG89,congruent,29,1.0954435389590121e-05,4.448803264631393e-06
0114-9GG89,congruent,30,3.04495310171925e-06,1.877261066629204e-07
0114-9GG89,congruent,31,5.337041127334914e-06,-3.339347936926083e-06
0114-9GG89,congruent,32,8.08433438736735e-06,6.401219608369248e-07
0114-9GG89,congruent,33,1.1067111751370514e-05,1.1037770383194747e-05
0114-9GG89,congruent,34,4.678110888388425e-06,3.4058924848261232e-06
0114-9GG89,congruent,35,8.650720938747648e-06,-1.2062303739643276e-07
0114-9GG89,congruent,36,-8.014192055518585e-06,-3.79275858212516e-06
0114-9GG89,congruent,37,-6.086029202427194e-06,-5.16486256025924e-06
0114-9GG89,congruent,38,6.065162738653265e-06,3.4176597999818047e-06
0114-9GG89,congruent,39,-2.0464100065385458e-07,-1.7277744490150356e-06
0114-9GG89,congruent,40,1.8977394988943332e-06,4.122162176011058e-06
0114-9GG89,congruent,41,8.331803384066705e-07,-2.2681543024581256e-06
0114-9GG89,congruent,42,8.046039770132106e-06,3.831055836170574e-06
0114-9GG89,congruent,43,1.2924678384613188e-06,4.956655803363472e-06
0114-9GG89,congruent,44,-3.5348508778535875e-06,-2.348717069072216e-06
0114-9GG89,congruent,45,-1.4991345066754768e-06,-2.7780644669268728e-06
0114-9GG89,congruent,46,2.0641911912462333e-06,1.2314374685466608e-06
0114-9GG89,congruent,47,-4.4528098463117147e-07,7.619259899138121e-07
0114-9GG89,congruent,48,7.358782406715979e-07,-8.520891564051619e-07
0114-9GG89,congruent,49,1.1807394644622115e-05,1.7933353824887211e-06
0114-9GG89,congruent,50,7.295531338814247e-06,2.7209186510602576e-06
0114-9GG89,congruent,51,3.6334181535424042e-06,-1.436160389905738e-06
0114-9GG89,congruent,52,1.5596096769335292e-06,-1.884191181243715e-06
0114-9GG89,congruent,53,1.9354455128921028e-06,2.7371080588708873e-06
0114-9GG89,congruent,54,4.927786682197702e-06,-3.1173484500275074e-07
0114-9GG89,congruent,55,7.81968219594066e-06,6.093788385890323e-07
0114-9GG89,congruent,56,4.134562022878941e-06,7.833142354015988e-06
0114-9GG89,congruent,57,-1.8747873839963235e-06,-3.066484732764268e-07
0114-9GG89,congruent,58,1.388971700745534e-05,7.114775198121407e-06
0114-9GG89,congruent,59,7.215780557224829e-06,-2.438335826615217e-07
0114-9GG89,congruent,60,4.357479961541423e-06,2.7978615062713536e-06
0114-9GG89,congruent,61,2.3491016830315324e-06,6.427953279758003e-07
0114-9GG89,congruent,62,2.290565183246451e-06,2.9890297169687693e-06
0114-9GG89,congruent,63,-6.280664420487732e-07,-6.658149708701977e-06
0114-9GG89,congruent,64,1.1333738547740581e-05,6.0916196426117705e-06
0114-9GG89,congruent,65,5.407566035916907e-07,4.138803530385556e-06
0114-9GG89,congruent,66,4.333186658862089e-06,8.534499711816301e-07
0114-9GG89,congruent,67,-7.019723519928145e-07,-3.7223840980543976e-06
0114-9GG89,congruent,68,1.8438033658889967e-06,1.855583424839154e-06
0114-9GG89,congruent,69,5.857263324650748e-06,3.095142642742146e-06
0114-9GG89,congruent,70,4.6560913623335065e-06,-4.837827980375832e-07
0114-9GG89,congruent,71,-8.418819104921014e-07,2.185723685731154e-06
0114-9GG89,congruent,72,5.408154229261897e-06,1.5240857879651832e-06
0114-9GG89,congruent,73,-1.758023180452222e-06,-3.294500663620648e-06
0114-9GG89,congruent,74,5.814706597502511e-06,5.724435370670595e-06
0114-9GG89,congruent,75,1.2590350471471898e-05,1.3008356158721444e-05
0114-9GG89,congruent,76,6.951676561527726e-07,-6.317644889193545e-06
0114-9GG89,congruent,77,7.074375784930206e-06,5.083346937615655e-06
0114-9GG89,congruent,78,-5.964649122913044e-06,-1.0109099185575598e-05
0114-9GG89,congruent,79,5.495623549627486e-06,6.2059163020841004e-06
0114-9GG89,congruent,80,-1.4813713479199899e-06,1.0121252401709324e-06
0114-9GG89,congruent,81,3.1750744395821776e-06,4.3517719157123906e-06
0114-9GG89,congruent,82,5.169344751896257e-06,2.660571576727744e-06
0114-9GG89,congruent,83,2.1307742515516597e-06,4.664436839716253e-06
0114-9GG89,congruent,84,3.713401664137545e-06,-1.6338203605363132e-06
0114-9GG89,congruent,85,2.920254790102899e-06,2.6844848993382294e-06
0114-9GG89,congruent,86,-5.866247710391584e-06,-2.0745159110340774e-06
0114-9GG89,congruent,87,5.482085630993911e-06,2.8893812804188465e-06
0114-9GG89,congruent,88,4.135101749221951e-06,4.8880713460499155e-06
0114-9GG89,congruent,89,7.611116418245409e-07,3.925127499955621e-06
0114-9GG89,congruent,90,3.940228243613402e-06,3.443222182581244e-06
0114-9GG89,congruent,91,-1.0412128566059927e-06,2.9784786603285523e-06
0114-9GG89,congruent,92,4.839526832209726e-06,3.832343955625006e-06
0114-9GG89,congruent,93,-5.0653931504190795e-06,-6.379026021029464e-06
0114-9GG89,congruent,94,3.6200971482755035e-06,-4.868821034852008e-07
0114-9GG89,congruent,95,1.9173222732863006e-06,3.489562461389869e-06
0114-9GG89,congruent,96,8.562342507620536e-06,1.1674339430274615e-05
0114-9GG89,congruent,97,-1.5835327007593148e-06,-7.487112545562955e-07
0114-9GG89,congruent,98,4.066516412442032e-06,5.324811507971124e-07
0114-9GG89,congruent,99,2.4009572899197836e-08,-6.410239223188037e-06
0114-9GG89,congruent,100,5.821243237018302e-06,6.39207724288657e-06
0114-9GG89,congruent,101,4.195394541408175e-07,6.266779976956738e-07
0114-9GG89,congruent,102,3.100378370043867e-06,-1.0711114906772185e-06
0114-9GG89,congruent,103,3.604118533318258e-06,4.5127615935040025e-06
0114-9GG89,congruent,104,-4.024144145320519e-06,-3.139544778759182e-06
0114-9GG89,congruent,105,-9.293251661694569e-07,-3.5673719507152613e-06
0114-9GG89,congruent,106,-2.2846494101546928e-07,9.639410827128718e-07
0114-9GG89,congruent,107,2.7919101402562226e-06,3.4357026762459813e-06
0114-9GG89,congruent,108,-9.704241202704986e-07,-3.276919713453927e-06
0114-9GG89,congruent,109,3.037113939896585e-06,-5.663319442562806e-06
0114-9GG89,congruent,110,9.464063618464803e-06,8.670488080524713e-06
0114-9GG89,congruent,111,3.1914117376925873e-06,-3.3547861685682387e-06
0114-9GG89,congruent,112,4.562391560568918e-06,7.3112903902798e-06
0114-9GG89,congruent,113,7.976604492962833e-07,-3.6212807502736096e-06
0114-9GG89,congruent,114,1.3841330454767865e-06,-3.3421210973006826e-06
0114-9GG89,congruent,115,5.675416033060998e-06,2.5489205166989108e-06
0114-9GG89,congruent,116,3.7911917811941513e-06,2.54292617797902e-06
0114-9GG89,congruent,117,1.9307002735490197e-06,-3.709297030360994e-06
0114-9GG89,congruent,118,1.0056965117124324e-05,3.5361913449633997e-06
0114-9GG89,congruent,119,6.267187246117208e-06,5.782438896312039e-06
0114-9GG89,congruent,120,7.94820443708419e-06,-2.2840662901748497e-08
0114-9GG89,congruent,121,4.532207157385649e-06,5.149205260169513e-06
0114-9GG89,congruent,122,1.3378506547916462e-06,4.785883661904871e-06
0114-9GG89,congruent,123,2.1528539915173273e-06,-2.927060111096395e-06
0114-9GG89,congruent,124,-5.7094828978335535e-06,-2.72848036893055e-06
0114-9GG89,congruent,125,-1.3024140963347065e-06,-1.8982398616651334e-06
0114-9GG89,congruent,126,3.9609452338294965e-06,4.244114752215132e-06
0114-9GG89,congruent,127,2.009254211570875e-06,-3.8483679133190314e-07
0114-9GG89,congruent,128,2.247484448613935e-06,-6.405213286155166e-07
0114-9GG89,congruent,129,3.993358710114551e-06,1.087136921058296e-06
0114-9GG89,congruent,130,-3.2796095615697645e-06,-3.915623022351577e-06
0114-9GG89,congruent,131,9.320921424081895e-07,5.415025730079021e-07
0114-9GG89,congruent,132,1.0501816842997911e-05,3.524672303981974e-06
0114-9GG89,congruent,133,7.992730513875588e-06,4.9855741570467074e-06
0114-9GG89,congruent,134,1.620274516312642e-06,2.861212976939376e-07
0114-9GG89,congruent,135,-2.570414910649465e-06,-6.721866486587581e-06
0114-9GG89,congruent,136,2.072848464576112e-06,-5.361338250379423e-06
0114-9GG89,congruent,137,-4.046415352720343e-06,-1.044799560285053e-06
0114-9GG89,congruent,138,5.983144753356863e-06,-3.0760855519152956e-06
0114-9GG89,congruent,139,1.1589507190261503e-06,1.8875158961346596e-06
0114-9GG89,congruent,140,3.5775169410176365e-06,2.5036162192828977e-06
0114-9GG89,congruent,141,1.2977574429803022e-06,-3.2345307928379146e-06
0114-9GG89,congruent,142,9.12714211954035e-06,6.429627924517293e-06
0114-9GG89,congruent,143,6.518674558733637e-06,1.7316460171485287e-06
0114-9GG89,congruent,144,7.915503121275996e-06,-4.589597019023075e-06
0114-9GG89,congruent,145,7.1440671321485845e-06,9.942845564651438e-06
0114-9GG89,congruent,146,4.607801711857702e-06,6.311749768402106e-06
0114-9GG89,congruent,147,-4.894761674268781e-06,-7.727741931259001e-06
0114-9GG89,congruent,148,4.541555508823687e-06,1.611708721265144e-06
0114-9GG89,congruent,149,-2.314327200087127e-06,-3.6774103370933213e-06
0114-9GG89,congruent,150,-8.42875915093674e-07,-3.0013760670384687e-06
0114-9GG89,congruent,151,1.647288785656492e-06,-7.035410600702387e-07
0114-9GG89,congruent,152,-4.676455061198778e-06,-2.0869216020037296e-06
0114-9GG89,congruent,153,-9.928076320632774e-07,5.522459064276514e-07
0114-9GG89,congruent,154,-2.378762274702187e-07,-1.058288704079586e-06
0114-9GG89,congruent,155,-1.2560745158592477e-06,2.5799996073007445e-07
0114-9GG89,congruent,156,7.082884593819179e-06,3.899324012227019e-06
0114-9GG89,congruent,157,9.119097089260792e-06,4.510655731936008e-06
0114-9GG89,congruent,158,1.0603437071868678e-06,5.939933820080478e-07
0114-9GG89,congruent,159,7.826803614306202e-06,4.867732481057389e-06
0114-9GG89,congruent,160,4.598719936409353e-06,-4.051558841117032e-07
0114-9GG89,congruent,161,3.643691066702821e-06,6.716473313293108e-06
0114-9GG89,congruent,162,3.165339377852439e-06,9.290320848205329e-07
0114-9GG89,congruent,163,6.191174494718263e-06,-3.40561648819921e-06
0114-9GG89,congruent,164,8.626615103743586e-06,4.643507043028477e-06
0114-9GG89,congruent,165,7.77538080368781e-06,4.819065313541074e-06
0114-9GG89,congruent,166,1.9680619315357567e-06,7.062711372442565e-07
0114-9GG89,congruent,167,3.2197864729998844e-06,-6.789805840300832e-06
0114-9GG89,congruent,168,5.880923360939199e-07,-4.037158161874675e-06
0114-9GG89,congruent,169,-3.518423558176704e-06,-4.651506582766584e-06
0114-9GG89,congruent,170,1.2853168432462528e-06,-5.608096240353832e-06
0114-9GG89,congruent,171,1.1345430694947301e-05,6.6209329919781066e-06
0114-9GG89,congruent,172,1.6104891694084046e-06,1.1380136598364984e-06
0114-9GG89,congruent,173,8.25322089379585e-06,2.142973878728608e-06
0114-9GG89,congruent,174,2.599774503585627e-06,4.285094948365267e-06
0114-9GG89,congruent,175,-7.980422255016554e-07,-8.392624786116293e-06
0114-9GG89,congruent,176,-1.5947925220614177e-06,-3.2105536488504683e-06
0114-9GG89,congruent,177,3.3811858764915763e-06,-1.1489421645144963e-06
0114-9GG89,congruent,178,-3.3630188047481023e-06,-1.017298267649172e-07
0114-9GG89,congruent,179,1.9883720653646804e-06,3.061441664008847e-06
0114-9GG89,congruent,180,-9.680064735601702e-08,-1.7732686059654509e-06
0114-9GG89,congruent,181,2.336564121251587e-06,1.8835081576336676e-06
0114-9GG89,congruent,182,6.631330379130166e-06,3.7988006847768007e-06
0114-9GG89,congruent,183,4.018237206847222e-06,3.2897796182420636e-06
0114-9GG89,congruent,184,2.175643001480913e-07,-2.2221258760556955e-06
0114-9GG89,congruent,185,9.108876707948553e-06,3.5138737328224664e-06
0114-9GG89,congruent,186,6.581899357186579e-06,-6.197934021547277e-08
0114-9GG89,congruent,187,6.286969885511069e-06,2.4102991045474583e-06
0114-9GG89,congruent,188,-4.7578306465351126e-07,-1.224916584120126e-06
0114-9GG89,congruent,189,6.070385437350611e-06,5.033550682128829e-06
0114-9GG89,congruent,190,-2.6099492240638584e-07,-4.889558308838642e-06
0114-9GG89,congruent,191,4.708093224059312e-06,4.1396071264385834e-06
0114-9GG89,congruent,192,1.1959848929029688e-06,-2.1189470636662396e-06
0114-9GG89,congruent,193,3.974414545961433e-06,1.5223427478762958e-06
0114-9GG89,congruent,194,5.13284241677697e-06,2.792436560184691e-06
0114-9GG89,congruent,195,1.5190986119844009e-06,-1.1856702016406507e-07
0114-9GG89,congruent,196,3.215979289765782e-06,1.4714018921655506e-06
0114-9GG89,congruent,197,6.773192111286178e-06,4.2460063433231654e-06
0114-9GG89,congruent,198,5.644493826803476e-06,2.17566568186003e-06
0114-9GG89,congruent,199,5.4300528527239925e-06,4.448790116621759e-06
0114-9GG89,congruent,200,-3.269110785125284e-06,7.573129523197619e-07
0114-9GG89,congruent,201,9.077661938863222e-06,4.036234123413179e-06
0114-9GG89,congruent,202,4.706067028213285e-06,2.1175810803585324e-07
0114-9GG89,congruent,203,-1.256869065054187e-06,-5.147290122443104e-07
0114-9GG89,congruent,204,-3.1085902887667085e-06,-5.8826270951598994e-06
0114-9GG89,congruent,205,9.546378939345519e-06,4.9378737802553795e-06
0114-9GG89,congruent,206,1.2468413749662923e-07,1.1880601823462619e-06
0114-9GG89,incongruent,0,-2.1977671198393163e-06,1.5851194926272853e-06
0114-9GG89,incongruent,1,7.006823270475994e-06,2.156641617352851e-06
0114-9GG89,incongruent,2,6.100388769246252e-06,1.7313373064098414e-06
0114-9GG89,incongruent,3,8.56776192711338e-07,-1.5209777535597905e-06
0114-9GG89,incongruent,4,7.471092743006512e-06,6.451167222803713e-06
0114-9GG89,incongruent,5,-2.367853843800679e-07,7.571919648703069e-06
0114-9GG89,incongruent,6,-5.211974104619392e-06,-3.851447249557102e-06
0114-9GG89,incongruent,7,2.958044536902025e-06,3.3405277149922944e-06
0114-9GG89,incongruent,8,9.540139099910015e-07,-1.213190183062775e-06
0114-9GG89,incongruent,9,-2.8491876429434284e-07,-1.7181204109851061e-06
0114-9GG89,incongruent,10,1.5489175951870624e-06,4.787577773630233e-06
0114-9GG89,incongruent,11,2.691243965006552e-06,7.319835668262442e-06
0114-9GG89,incongruent,12,7.205711269648339e-06,4.222074903074183e-06
0114-9GG89,incongruent,13,2.107482424683284e-06,4.674997574966888e-06
0114-9GG89,incongruent,14,-3.637585586727177e-07,4.672976543672394e-06
0114-9GG89,incongruent,15,9.910977951426196e-06,6.667381871733561e-06
0114-9GG89,incongruent,16,-4.014444104037434e-06,-1.1613605401476105e-06
0114-9GG89,incongruent,17,5.4603554671365635e-06,5.380776494914745e-06
0114-9GG89,incongruent,18,1.144309176284374e-06,5.095630233809896e-06
0114-9GG89,incongruent,19,-2.284093162031064e-06,1.9112337708254948e-07
0114-9GG89,incongruent,20,8.513454907824907e-06,3.851971111902894e-06
0114-9GG89,incongruent,21,1.3238814202251938e-06,1.4673125307108525e-06
0114-9GG89,incongruent,22,2.397474908832517e-06,3.020497120163568e-06
0114-9GG89,incongruent,23,4.41293728451852e-06,1.6507624082746489e-06
0114-9GG89,incongruent,24,2.3073185970451496e-07,-3.927272357523612e-06
0114-9GG89,incongruent,25,-2.7829969974237586e-06,-2.687700154400913e-06
0114-9GG89,incongruent,26,-6.34245522398038e-06,-1.8005156147844885e-06
0114-9GG89,incongruent,27,2.5028401045499135e-06,1.9139904074307284e-06
0114-9GG89,incongruent,28,2.1009942867635537e-06,3.6459379623099314e-06
0114-9GG89,incongruent,29,2.0312135576468796e-06,6.727325610372639e-06
0114-9GG89,incongruent,30,1.0832164351623625e-06,2.5904327670913912e-06
0114-9GG89,incongruent,31,-1.8972953259287637e-06,3.8573821272583236e-07
0114-9GG89,incongruent,32,-6.115978567815218e-06,-3.727116113992837e-06
0114-9GG89,incongruent,33,4.213965841426909e-06,4.009390386464378e-06
0114-9GG89,incongruent,34,6.15211060572789e-06,2.9011196827992413e-06
0114-9GG89,incongruent,35,6.938256371559968e-06,5.875401736865956e-07
0114-9GG89,incongruent,36,-2.182220670681404e-06,-2.7955806928602003e-06
0114-9GG89,incongruent,37,7.150453731539338e-07,-7.689929385244386e-07
0114-9GG89,incongruent,38,-9.314714038884411e-07,-4.527180352158579e-06
0114-9GG89,incongruent,39,2.455296844826241e-06,-6.566390580338795e-06
0114-9GG89,incongruent,40,1.0794553238741887e-05,1.227447274593549e-05
0114-9GG89,incongruent,41,5.759563371851588e-06,1.6861194892844954e-06
0114-9GG89,incongruent,42,1.9736941686276415e-06,7.143474081078778e-06
0114-9GG89,incongruent,43,2.8677070309021684e-06,2.8001979629902378e-06
0114-9GG89,incongruent,44,3.522362559829283e-06,4.929939646078676e-06
0114-9GG89,incongruent,45,4.026030750781529e-06,4.321022401516302e-06
0114-9GG89,incongruent,46,5.0639546599527775e-06,4.255928577185984e-06
0114-9GG89,incongruent,47,-4.457394771083037e-07,-3.7727888259231657e-06
0114-9GG89,incongruent,48,3.801087913183885e-06,3.156138121173986e-06
0114-9GG89,incongruent,49,1.3977862159711898e-06,5.036340960507824e-06
0114-9GG89,incongruent,50,4.627507908767804e-06,3.1711705546414453e-06
0114-9GG89,incongruent,51,5.6471257757174925e-06,3.5045777151986847e-06
0114-9GG89,incongruent,52,1.5043161025621191e-06,2.400500120237751e-06
0114-9GG89,incongruent,53,2.473312731224293e-08,2.5760561822872915e-07
0114-9GG89,incongruent,54,8.620153163481381e-06,3.052048755409921e-06
0114-9GG89,incongruent,55,1.4427970027119455e-06,6.591212608212038e-06
0114-9GG89,incongruent,56,1.456673181326668e-06,-4.411212646316738e-07
0114-9GG89,incongruent,57,4.734465575892467e-06,8.317328686463746e-06
0114-9GG89,incongruent,58,1.2590423950541767e-06,-6.322457553696703e-06
0114-9GG89,incongruent,59,2.59600279607613e-06,-1.6093524039700787e-06
0114-9GG89,incongruent,60,3.752359268101181e-06,2.8798086384727703e-06
0114-9GG89,incongruent,61,-9.365494336811019e-06,-8.259786608635113e-06
0114-9GG89,incongruent,62,-9.205679984355535e-07,2.9531990396905567e-06
0114-9GG89,incongruent,63,9.30810321806353e-07,2.429450254375156e-06
0114-9GG89,incongruent,64,2.246420987837063e-06,2.4758566976396782e-06
0114-9GG89,incongruent,65,7.067319445920092e-06,1.0148701617860255e-06
0114-9GG89,incongruent,66,-2.2782946248193488e-06,-1.1346203517958412e-06
0114-9GG89,incongruent,67,5.688853998085794e-06,3.727857935478956e-06
0114-9GG89,incongruent,68,4.919391446582376e-06,5.079407311553873e-06
0203-2VZRC,congruent,0,-3.487348071343154e-06,3.5275219091777744e-07
0203-2VZRC,congruent,1,2.585684361018186e-06,3.040434634210214e-06
0203-2VZRC,congruent,2,-1.9838195858422776e-07,-1.945664606314737e-06
0203-2VZRC,congruent,3,5.794986349738341e-06,5.109969767544301e-06
0203-2VZRC,congruent,4,-7.443866800823027e-06,-7.558897834324682e-06
0203-2VZRC,congruent,5,6.086680184721032e-06,5.933108196183427e-06
0203-2VZRC,congruent,6,2.8222554755776494e-06,-1.904187198197683e-06
0203-2VZRC,congruent,7,2.8429078211726096e-07,6.812169589854148e-07
0203-2VZRC,congruent,8,1.2323199894523243e-06,2.0383024158729263e-06
0203-2VZRC,congruent,9,3.4157148927689937e-06,2.791297476912953e-06
0203-2VZRC,congruent,10,-2.4770554937743946e-07,2.1018297612393853e-06
0203-2VZRC,congruent,11,-1.0147690286565315e-06,-3.1354296135133043e-06
0203-2VZRC,congruent,12,2.511867341210841e-06,1.5657761824454774e-06
0203-2VZRC,congruent,13,-7.3426709789800235e-06,-3.272988867540882e-06
0203-2VZRC,congruent,14,-1.5097890164755648e-06,-5.982923185070984e-06
0203-2VZRC,congruent,15,6.521331359949275e-06,2.7569220306856362e-06
0203-2VZRC,congruent,16,2.896572239173708e-07,-3.996961517553609e-06
0203-2VZRC,congruent,17,-5.82300334235457e-06,-1.2011455772642037e-05
0203-2VZRC,congruent,18,7.349367192582185e-06,7.128020406039288e-06
0203-2VZRC,congruent,19,-1.0583767326193105e-06,-4.4078991056071433e-07
0203-2VZRC,congruent,20,4.1405463786866084e-07,5.876015852633059e-07
0203-2VZRC,congruent,21,-3.1100712080014046e-06,-3.208434339639969e-06
0203-2VZRC,congruent,22,1.0984730379808075e-06,3.2002447272742604e-06
0203-2VZRC,congruent,23,-1.1928429543369591e-05,-1.0148387393010445e-05
0203-2VZRC,congruent,24,3.144528482944448e-07,1.076374252650957e-06
0203-2VZRC,congruent,25,1.5930675186601137e-06,-2.1871264143724972e-06
0203-2VZRC,congruent,26,2.655292744902155e-06,1.3516246110224406e-06
0203-2VZRC,congruent,27,2.096652607816456e-06,1.8894167045123945e-06
0203-2VZRC,congruent,28,8.6841073886599e-06,-7.267800630474038e-07
0203-2VZRC,congruent,29,-1.8598098465024273e-07,-1.2416965047658405e-06
0203-2VZRC,congruent,30,3.5940054893896916e-06,5.505900842499504e-06
0203-2VZRC,congruent,31,-4.2835086871303474e-07,2.6211506482103692e-06
0203-2VZRC,congruent,32,6.930056918078499e-07,2.5928027521818616e-06
0203-2VZRC,congruent,33,1.2942414667074452e-06,4.9231078232433335e-06
0203-2VZRC,congruent,34,-1.7907635619140355e-06,-3.4260663554401528e-06
0203-2VZRC,congruent,35,4.632175192124137e-06,7.721379459457887e-07
0203-2VZRC,congruent,36,4.246895798360102e-06,4.74808316649904e-07
0203-2VZRC,congruent,37,5.972035975904138e-06,5.724987109403065e-06
0203-2VZRC,congruent,38,3.155019188058786e-06,3.1585550818628828e-06
0203-2VZRC,congruent,39,-2.624284899512896e-06,-4.436043453990204e-06
0203-2VZRC,congruent,40,1.5214645482764687e-06,1.9139436261431647e-06
0203-2VZRC,congruent,41,-2.5576297724850592e-06,-1.4376973729940556e-06
0203-2VZRC,congruent,42,-7.972675765506095e-07,-1.950074888292739e-06
0203-2VZRC,congruent,43,-4.042518737989606e-06,-1.3477362222764295e-06
0203-2VZRC,congruent,44,2.0365231221043266e-06,2.5346277399754675e-06
0203-2VZRC,congruent,45,-2.311289630315244e-06,1.3806276616139954e-06
0203-2VZRC,congruent,46,-6.643212394587026e-07,5.320576876857415e-06
0203-2VZRC,congruent,47,-7.375261782867845e-06,-2.3282334788031929e-07
0203-2VZRC,congruent,48,4.15511288308591e-07,2.76407828356802e-06
0203-2VZRC,congruent,49,5.6245447822899785e-06,1.7794411350391764e-07
0203-2VZRC,congruent,50,4.688377493559048e-06,2.1788778409545037e-06
0203-2VZRC,congruent,51,2.002337905861733e-06,2.6797300796034202e-06
0203-2VZRC,congruent,52,-2.1074566017764943e-06,3.535006414338537e-06
0203-2VZRC,congruent,53,7.023948157638409e-06,2.4495534834017796e-06
0203-2VZRC,congruent,54,2.2117591094446033e-06,7.476241118639561e-06
0203-2VZRC,congruent,55,8.384441373232659e-06,8.48754856127023e-06
0203-2VZRC,congruent,56,1.6050505890851456e-06,-2.1902802617876355e-06
0203-2VZRC,congruent,57,4.388272927430383e-06,3.38462986105108e-06
0203-2VZRC,congruent,58,3.7251950680969885e-06,6.603125518075726e-06
0203-2VZRC,congruent,59,-5.065501956223685e-06,-4.290425207757245e-06
0203-2VZRC,congruent,60,3.989827109207712e-06,-4.216146234198623e-07
0203-2VZRC,congruent,61,5.8392891549425795e-06,4.498474201626293e-06
0203-2VZRC,congruent,62,-3.7330007702348265e-06,-5.1442622738664155e-06
0203-2VZRC,congruent,63,1.0442531323477292e-06,2.473694852081616e-06
0203-2VZRC,congruent,64,1.598212681059731e-08,2.5332332820624335e-06
0203-2VZRC,congruent,65,5.373000318203743e-06,-5.465886808984733e-06
0203-2VZRC,congruent,66,1.7582047666054684e-07,-4.617031446729779e-06
0203-2VZRC,congruent,67,1.0193220436427123e-05,5.289217694366917e-06
0203-2VZRC,congruent,68,-6.938375961112824e-07,4.251118764763797e-06
0203-2VZRC,congruent,69,8.286105727162646e-06,3.6156923564830084e-06
0203-2VZRC,congruent,70,3.2929459481432838e-06,7.743328516777032e-07
0203-2VZRC,congruent,71,2.4011320431599038e-06,5.540826639905179e-06
0203-2VZRC,congruent,72,6.736615574699617e-06,5.089405850439598e-06
0203-2VZRC,congruent,73,2.3078562666843255e-06,3.845254166563647e-06
0203-2VZRC,congruent,74,-2.9105425539488514e-06,-1.4646527512031005e-06
0203-2VZRC,congruent,75,1.2752877289222427e-06,6.131334605849856e-06
0203-2VZRC,congruent,76,-3.703092846326612e-06,-5.134152223955993e-07
0203-2VZRC,congruent,77,-1.313531743403178e-06,1.187513974119809e-06
0203-2VZRC,congruent,78,-2.403368231369152e-06,-8.815101116824653e-06
0203-2VZRC,congruent,79,-4.145780811174146e-06,2.117364385196409e-07
0203-2VZRC,congruent,80,-2.656427144009067e-06,-2.6447893000572935e-06
0203-2VZRC,congruent,81,-1.1429039638745315e-07,6.301006508856061e-07
0203-2VZRC,congruent,82,-1.8695442702456973e-07,-2.9136790793877304e-06
0203-2VZRC,congruent,83,4.043575529171895e-06,9.960895658348202e-07
0203-2VZRC,congruent,84,-4.488449446757566e-06,1.87744151228144e-06
0203-2VZRC,congruent,85,3.4626524904967443e-06,3.413699541607837e-06
0203-2VZRC,congruent,86,2.0117048645418837e-07,1.3595719653081336e-06
0203-2VZRC,congruent,87,2.3747018167879445e-06,2.286353860934343e-06
0203-2VZRC,congruent,88,1.90367955066452e-06,4.313410594066442e-06
0203-2VZRC,congruent,89,1.0227549943553638e-05,4.1919240543976445e-06
0203-2VZRC,congruent,90,8.583047928790352e-08,-2.6069873957599066e-06
0203-2VZRC,congruent,91,6.961443055179052e-06,7.210018535619154e-06
0203-2VZRC,congruent,92,4.180325683354013e-06,9.715645361864153e-06
0203-2VZRC,congruent,93,-1.4291520588292655e-06,-3.1233849056477077e-06
0203-2VZRC,congruent,94,4.741394491518018e-06,1.9394438826345943e-06
0203-2VZRC,congruent,95,5.776314107772989e-06,-1.8691958094612484e-06
0203-2VZRC,congruent,96,6.522260599440649e-06,5.726545726127514e-06
0203-2VZRC,congruent,97,8.783522394767254e-06,4.046214764560778e-06
0203-2VZRC,congruent,98,7.108239231410451e-06,6.90116612832826e-07
0203-2VZRC,congruent,99,5.1261714494435e-06,5.22047509043614e-06
0203-2VZRC,congruent,100,6.382013129898523e-06,4.756524901753796e-06
0203-2VZRC,congruent,101,-6.524387150516882e-08,2.694524278948284e-06
0203-2VZRC,congruent,102,5.0159841657537255e-06,-6.409139929193922e-07
0203-2VZRC,congruent,103,1.7391171475060677e-06,3.448153317464887e-06
0203-2VZRC,congruent,104,-3.3190709691242887e-06,-6.934072696841412e-06
0203-2VZRC,congruent,105,-2.2627896520771214e-06,-1.7986504367670936e-06
0203-2VZRC,congruent,106,-6.972434600171721e-07,-3.352369370786342e-07
0203-2VZRC,congruent,107,-1.7246931025321806e-06,5.006290397116207e-06
0203-2VZRC,congruent,108,-1.5149227191317e-06,-3.595184523696283e-06
0203-2VZRC,congruent,109,1.1809963730474025e-05,7.348563028560892e-06
0203-2VZRC,congruent,110,4.86535011007992e-07,4.583150804573194e-07
0203-2VZRC,congruent,111,-1.0806708753178165e-06,-2.2827843485092688e-06
0203-2VZRC,congruent,112,2.1875313175671646e-06,-2.530784727483849e-06
0203-2VZRC,congruent,113,-4.224775345325361e-06,-6.837038085275608e-06
0203-2VZRC,congruent,114,1.249854245414163e-08,-3.1868894363495588e-06
0203-2VZRC,congruent,115,-3.20769275285541e-06,2.674678418278754e-06
0203-2VZRC,congruent,116,2.805417495228528e-06,-4.263197047489046e-06
0203-2VZRC,congruent,117,6.489386982805374e-07,-4.75809759684772e-07
0203-2VZRC,congruent,118,1.8459269942510052e-06,6.4931578586585446e-06
0203-2VZRC,congruent,119,9.00626349338329e-08,2.7219786440557174e-06
0203-2VZRC,congruent,120,-9.523847210748829e-07,4.7284932348432167e-07
0203-2VZRC,congruent,121,-3.336041774833686e-06,-9.694188794800347e-06
0203-2VZRC,congruent,122,-1.3060714622204238e-07,-6.478649552400663e-07
0203-2VZRC,congruent,123,-4.671263187084886e-06,-4.3203730968469025e-06
0203-2VZRC,congruent,124,-5.893644452492054e-07,-1.7575016016293155e-06
0203-2VZRC,congruent,125,6.125082148251602e-06,-1.8358501095283504e-06
0203-2VZRC,congruent,126,8.359282173980986e-06,6.3522179010029786e-06
0203-2VZRC,congruent,127,2.18772054498136e-07,5.729954508314975e-06
0203-2VZRC,congruent,128,-9.999222787721966e-07,3.777357015444224e-06
0203-2VZRC,congruent,129,2.2538954941776657e-06,1.7090649854278986e-06
0203-2VZRC,congruent,130,-4.551085753698957e-06,1.1087821512676086e-07
0203-2VZRC,congruent,131,-3.820596936561075e-06,-8.642584332915445e-07
0203-2VZRC,congruent,132,5.0987043970121885e-06,2.42740935520873e-06
0203-2VZRC,congruent,133,-4.040034868032231e-06,-5.312077417025942e-06
0203-2VZRC,congruent,134,1.6556711237635657e-06,-2.8378879669227484e-08
0203-2VZRC,congruent,135,-3.860970552762293e-06,1.5500535113645084e-06
0203-2VZRC,congruent,136,-5.257039529095837e-06,-8.69494075619216e-06
0203-2VZRC,congruent,137,8.447018045912389e-06,7.772077052576331e-06
0203-2VZRC,congruent,138,6.928733477344049e-06,7.2576491966168415e-06
0203-2VZRC,congruent,139,3.948620356875394e-06,2.254012713645358e-06
0203-2VZRC,congruent,140,-4.463661151109746e-07,-4.155091029307589e-07
0203-2VZRC,congruent,141,4.791943986929205e-06,7.722651057560728e-06
0203-2VZRC,congruent,142,1.9219644559880346e-06,-5.555557910290535e-07
0203-2VZRC,congruent,143,3.853216404837013e-06,-2.0703487994209754e-06
0203-2VZRC,congruent,144,8.959971761723238e-06,7.772073481072489e-06
0203-2VZRC,congruent,145,5.413550604651318e-06,8.262121682154114e-06
0203-2VZRC,congruent,146,-1.8970913536790363e-06,-1.939061661490558e-06
0203-2VZRC,congruent,147,-4.015487160968304e-06,-3.988875312990114e-07
0203-2VZRC,congruent,148,-8.43318443891366e-06,-6.8967451458650275e-06
0203-2VZRC,congruent,149,8.205091431110104e-07,2.8764970300801907e-06
0203-2VZRC,congruent,150,-2.5881446706736346e-06,-6.8855511750667e-07
0203-2VZRC,congruent,151,-8.551867517018965e-07,-2.9494055539028476e-06
0203-2VZRC,congruent,152,3.3254290880284692e-06,2.8313395998710913e-06
0203-2VZRC,incongruent,0,4.626929140868808e-06,1.328823383050967e-06
0203-2VZRC,incongruent,1,-2.4277210220746176e-06,2.4238829100357497e-06
0203-2VZRC,incongruent,2,2.960471024927582e-06,7.985345775460917e-06
0203-2VZRC,incongruent,3,-2.771806441391454e-06,1.8652282438539219e-06
0203-2VZRC,incongruent,4,-9.771837808848887e-07,-2.8420213111771206e-08
0203-2VZRC,incongruent,5,5.561348189998726e-06,1.5499361687860592e-06
0203-2VZRC,incongruent,6,1.3806205143536814e-06,-2.0668282093627801e-07
0203-2VZRC,incongruent,7,4.051888034635488e-06,4.383701879342001e-06
0203-2VZRC,incongruent,8,1.8539981752353354e-06,4.459586290916093e-07
0203-2VZRC,incongruent,9,5.778902959933052e-06,7.372134313709738e-06
0203-2VZRC,incongruent,10,-2.034587886994667e-07,-1.1263805435134449e-06
0203-2VZRC,incongruent,11,7.354189777899874e-06,1.1417251202329048e-05
0203-2VZRC,incongruent,12,7.458726192053587e-06,2.8170383087002035e-06
0203-2VZRC,incongruent,13,4.296267558010385e-06,4.449345942524122e-06
0203-2VZRC,incongruent,14,7.022880589585072e-06,3.669739890690358e-06
0203-2VZRC,incongruent,15,1.6301582122868516e-06,1.947212298563062e-06
0203-2VZRC,incongruent,16,5.655291251971416e-06,9.426813414534111e-06
0203-2VZRC,incongruent,17,8.558492594673036e-07,-7.004546879768643e-07
0203-2VZRC,incongruent,18,8.586671404359007e-06,1.0464974182895628e-05
0203-2VZRC,incongruent,19,-3.883900782488005e-06,6.213903859104359e-06
0203-2VZRC,incongruent,20,2.6575940468077385e-07,-2.583851387293209e-06
0203-2VZRC,incongruent,21,-2.412971381120127e-06,-2.3719941007691136e-06
0203-2VZRC,incongruent,22,2.4180635264954544e-07,2.6883318197753465e-06
0203-2VZRC,incongruent,23,4.231216250617058e-06,1.1378790883681205e-07
0203-2VZRC,incongruent,24,-6.495989000340387e-07,5.548871845178132e-06
0203-2VZRC,incongruent,25,3.7718547466174046e-06,6.095871019190111e-06
0203-2VZRC,incongruent,26,-6.427774189145533e-06,-4.2609249223846145e-06
0203-2VZRC,incongruent,27,-1.6568126704714793e-06,-1.6428746756974744e-06
0203-2VZRC,incongruent,28,2.332361060850939e-06,8.066665261423498e-06
0203-2VZRC,incongruent,29,-3.2995355981711537e-06,3.862891195965626e-07
0203-2VZRC,incongruent,30,-8.332948423883121e-06,-3.5861263104131397e-06
0203-2VZRC,incongruent,31,8.679043167890923e-06,3.3081941394317526e-06
0203-2VZRC,incongruent,32,-2.4727632849283698e-06,-4.515569540617336e-06
0203-2VZRC,incongruent,33,1.646721029368827e-06,5.728496697786323e-07
0203-2VZRC,incongruent,34,-3.982821828696194e-06,-2.765681520847916e-06
0203-2VZRC,incongruent,35,2.53582570932648e-06,3.138011509547731e-06
0203-2VZRC,incongruent,36,-5.752538268413014e-06,1.3391357703076076e-06
0203-2VZRC,incongruent,37,-7.423215552502471e-07,-1.8760169111158965e-06
0203-2VZRC,incongruent,38,3.284230223737226e-06,-2.256673222925156e-07
0203-2VZRC,incongruent,39,2.5939965491153605e-06,2.6613971526347007e-06
0203-2VZRC,incongruent,40,8.521774513608418e-06,9.056840076771772e-06
0203-2VZRC,incongruent,41,7.961485417922052e-06,1.7345376211256115e-06
0203-2VZRC,incongruent,42,-3.2874376720973206e-06,3.040037925643578e-06
0203-2VZRC,incongruent,43,3.0927369317594246e-06,3.227371054400227e-06
0203-2VZRC,incongruent,44,9.716290214174025e-07,5.190601809593502e-06
0203-2VZRC,incongruent,45,2.9073121391611927e-06,1.1044426331622082e-06
0203-2VZRC,incongruent,46,4.298981133575417e-06,3.285546058943842e-06
0203-2VZRC,incongruent,47,1.1196823611446781e-05,3.8930403952487e-06
0203-2VZRC,incongruent,48,-3.876837892507859e-06,-7.182361787977571e-07
0203-2VZRC,incongruent,49,7.636322013409137e-06,1.2169413964939354e-05
0203-2VZRC,incongruent,50,6.524684225496526e-06,9.68253883985115e-06
0203-2VZRC,incongruent,51,1.9738773569196354e-06,5.100753565756175e-06
0203-2VZRC,incongruent,52,-5.879206710246237e-07,-1.1291097486606253e-06
0203-2VZRC,incongruent,53,6.272291197937041e-06,3.5434280954778437e-06
0203-2VZRC,incongruent,54,2.5429069892418407e-06,4.4347162274316986e-06
0203-2VZRC,incongruent,55,-3.659161280415648e-06,3.490316618385637e-07
0203-2VZRC,incongruent,56,4.381077447204398e-06,5.512295953611785e-06
0203-2VZRC,incongruent,57,-3.0159244341028054e-06,-2.1172492893105877e-06
0203-2VZRC,incongruent,58,-6.527975968038748e-07,2.006620545340814e-06
0131-Y15CB,congruent,0,9.374199553300132e-07,-1.0709168681557597e-05
0131-Y15CB,congruent,1,1.2377038492610898e-05,3.9754806205781854e-06
0131-Y15CB,congruent,2,6.927410372232285e-06,-8.268593781196341e-07
0131-Y15CB,congruent,3,9.406068022451712e-06,2.107604134436671e-06
0131-Y15CB,congruent,4,2.2799087930321716e-06,-4.866624931349701e-06
0131-Y15CB,congruent,5,9.012950665526878e-06,-7.175910867085488e-07
0131-Y15CB,congruent,6,8.074741633716764e-06,4.934320468914069e-06
0131-Y15CB,congruent,7,7.737608006892238e-06,3.2057697135617417e-06
0131-Y15CB,congruent,8,9.498201227126358e-06,6.448281248083329e-06
0131-Y15CB,congruent,9,5.012431803282753e-06,1.300853682447138e-06
0131-Y15CB,congruent,10,2.6786311696929182e-06,2.111735670251436e-06
0131-Y15CB,congruent,11,8.710556928018444e-07,-4.424832630510853e-06
0131-Y15CB,congruent,12,5.0652762200064994e-06,2.7825537574757414e-08
0131-Y15CB,congruent,13,3.609582340393559e-06,-1.9249751536746556e-06
0131-Y15CB,congruent,14,7.110297061754425e-06,3.871035582920617e-06
0131-Y15CB,congruent,15,9.251235051164843e-06,1.5619665141202896e-06
0131-Y15CB,congruent,16,-2.436727056452573e-06,1.5703405596935214e-07
0131-Y15CB,congruent,17,8.633240001724849e-07,-6.973245222645835e-08
0131-Y15CB,congruent,18,1.5403927056722463e-05,8.811214295124454e-06
0131-Y15CB,congruent,19,1.9462699713851157e-06,-9.852367542940064e-07
0131-Y15CB,congruent,20,7.737457279062927e-06,1.7266434463370054e-06
0131-Y15CB,congruent,21,4.353997048071937e-06,-6.509526843528644e-07
0131-Y15CB,congruent,22,5.542142442465883e-06,4.040235331445571e-06
0131-Y15CB,congruent,23,1.5021031197789078e-06,5.606379061750028e-06
0131-Y15CB,congruent,24,2.064052969631498e-06,-2.2952157489295688e-07
0131-Y15CB,congruent,25,3.114913323017092e-06,4.820668434289675e-07
0131-Y15CB,congruent,26,3.25493524415634e-06,-2.746034843555249e-06
0131-Y15CB,congruent,27,4.353577886890395e-07,3.198576909795826e-06
0131-Y15CB,congruent,28,1.0025354550849701e-05,5.570053992566952e-06
0131-Y15CB,congruent,29,8.822685868143522e-06,5.396522542535337e-06
0131-Y15CB,congruent,30,4.7633465423156445e-06,5.771922121837879e-06
0131-Y15CB,congruent,31,1.0061565828614518e-07,-2.634737787524661e-06
0131-Y15CB,congruent,32,5.658153490839514e-06,3.5460990285868296e-06
0131-Y15CB,congruent,33,-3.861703171643953e-06,-2.0832571304174248e-06
0131-Y15CB,congruent,34,6.494456669629501e-06,-2.0408193412382276e-07
0131-Y15CB,congruent,35,1.0305299420396724e-05,5.441338413654623e-06
0131-Y15CB,congruent,36,-5.62156968407272e-07,3.1598308393332752e-06
0131-Y15CB,congruent,37,1.6467855093193752e-06,-1.3534531114073518e-06
0131-Y15CB,congruent,38,2.2240300901684112e-06,1.5951421120815122e-06
0131-Y15CB,congruent,39,-2.332067700126235e-06,-2.18321780489787e-07
0131-Y15CB,congruent,40,4.066751744809108e-06,6.568882397039413e-07
0131-Y15CB,congruent,41,6.9773610154729815e-06,2.5141867403919062e-06
0131-Y15CB,congruent,42,-4.4382241947342387e-07,6.838281013475057e-06
0131-Y15CB,congruent,43,1.9583819176346104e-07,-1.254698157027765e-06
0131-Y15CB,congruent,44,6.7217877689688865e-06,-9.204606941558885e-07
0131-Y15CB,congruent,45,8.441214686265912e-06,3.5282790167788767e-06
0131-Y15CB,congruent,46,4.556292863336679e-06,1.514242388792532e-06
0131-Y15CB,congruent,47,9.364652246236465e-06,3.7719497316110952e-06
0131-Y15CB,congruent,48,4.330810973600094e-06,3.1531079083536793e-06
0131-Y15CB,congruent,49,4.676552236754671e-06,-1.6879715071334086e-06
0131-Y15CB,congruent,50,7.643357046348758e-06,2.7084840388582615e-06
0131-Y15CB,congruent,51,-6.873465425399112e-07,3.1528016618417116e-06
0131-Y15CB,congruent,52,7.2010180387477486e-06,3.461665722255518e-06
0131-Y15CB,congruent,53,8.325814955895715e-06,2.2872032494551063e-06
0131-Y15CB,congruent,54,-2.1893559911609963e-07,2.731788452821475e-07
0131-Y15CB,congruent,55,4.778639255532208e-06,-6.56116523521333e-07
0131-Y15CB,congruent,56,1.6255515280900983e-06,1.0508131951124304e-06
0131-Y15CB,congruent,57,7.330618957258454e-07,1.2262081804869877e-06
0131-Y15CB,congruent,58,6.413924845582822e-06,4.790054069505245e-06
0131-Y15CB,congruent,59,-2.2811087985824696e-07,5.791406851945137e-07
0131-Y15CB,congruent,60,-4.819406150808368e-06,-5.115830220795823e-07
0131-Y15CB,congruent,61,3.0270902747387397e-06,2.712112125877284e-06
0131-Y15CB,congruent,62,3.5480513422552172e-06,2.1631319167610505e-06
0131-Y15CB,congruent,63,-5.905155127306309e-06,-3.166180529345672e-06
0131-Y15CB,congruent,64,-6.767310594598359e-07,-3.295198186100745e-06
0131-Y15CB,congruent,65,6.792040749709474e-06,-1.7520543848143078e-08
0131-Y15CB,congruent,66,3.1403032227402707e-06,7.70953775249018e-07
0131-Y15CB,congruent,67,4.837479232598524e-06,-2.3944279218300845e-06
0131-Y15CB,congruent,68,5.637161733744206e-06,2.6734924889994232e-06
0131-Y15CB,congruent,69,1.507030366803232e-06,9.401139376815795e-07
0131-Y15CB,congruent,70,4.724224669501167e-06,-2.1347837700952667e-06
0131-Y15CB,congruent,71,1.0655447467654358e-05,7.635430871274819e-06
0131-Y15CB,congruent,72,7.325422217108726e-06,4.643184926131726e-06
0131-Y15CB,congruent,73,7.2561885902442364e-06,1.9725639280334726e-06
0131-Y15CB,congruent,74,1.2410375163125067e-05,9.99347224010029e-06
0131-Y15CB,congruent,75,-4.791039074176764e-06,-4.730170466775612e-06
0131-Y15CB,congruent,76,6.549442298461816e-06,-3.226419726682352e-06
0131-Y15CB,congruent,77,7.973940414474615e-06,1.2943960362107973e-06
0131-Y15CB,congruent,78,7.285083009344852e-06,3.9309432187588795e-06
0131-Y15CB,congruent,79,7.966849141194223e-06,4.0693188160532e-06
0131-Y15CB,congruent,80,2.110122891973163e-06,3.4690515362394248e-06
0131-Y15CB,congruent,81,2.6319062589035235e-06,-1.624955410797279e-06
0131-Y15CB,congruent,82,-1.0527335616846025e-05,-5.055650362799325e-06
0131-Y15CB,congruent,83,7.374799460050422e-06,4.777950345655629e-07
0131-Y15CB,congruent,84,-1.3545558941990492e-06,-2.553820974437129e-06
0131-Y15CB,congruent,85,-1.1885613016951236e-06,2.516998223801624e-06
0131-Y15CB,congruent,86,1.6909352320673991e-06,-1.5776807753965569e-06
0131-Y15CB,congruent,87,-1.1860095362377656e-06,6.2942918703666395e-06
0131-Y15CB,congruent,88,3.957127404854251e-06,-1.0251087416606916e-06
0131-Y15CB,congruent,89,5.655424147010442e-06,1.6994084199499182e-07
0131-Y15CB,congruent,90,4.415085294861373e-06,2.4990584807524648e-06
0131-Y15CB,congruent,91,-5.316071005874551e-07,-2.5177894124243842e-06
0131-Y15CB,congruent,92,1.3375409650681825e-06,-4.72074214746048e-06
0131-Y15CB,congruent,93,5.864363271588272e-06,4.6417466863657295e-06
0131-Y15CB,congruent,94,1.4241166095109812e-06,-1.3140183461777436e-06
0131-Y15CB,congruent,95,5.34459795867659e-06,-5.862342294597897e-07
0131-Y15CB,congruent,96,5.250266514726321e-06,4.225632513718933e-06
0131-Y15CB,congruent,97,-5.768461950484973e-06,-1.0003357823786503e-05
0131-Y15CB,congruent,98,6.011103430916743e-06,6.675553077804435e-06
0131-Y15CB,congruent,99,4.0966131784548477e-07,2.246687475657536e-06
0131-Y15CB,congruent,100,1.3507915388772623e-06,2.0207494022848375e-06
0131-Y15CB,congruent,101,5.717475452765605e-06,-3.0175249618209987e-06
0131-Y15CB,congruent,102,-2.1631967651606338e-06,9.305430920969553e-09
0131-Y15CB,congruent,103,3.3346072699193257e-06,-1.2858053088934864e-06
0131-Y15CB,congruent,104,-2.166162479403363e-08,-3.682146285589195e-07
0131-Y15CB,congruent,105,2.574469101377391e-06,-2.789227268677234e-07
0131-Y15CB,congruent,106,3.4956568822236446e-06,-1.856623437680204e-06
0131-Y15CB,congruent,107,5.078454315784581e-06,-2.3199723339498616e-06
0131-Y15CB,congruent,108,7.84037646608356e-06,2.1681311877149697e-06
0131-Y15CB,congruent,109,8.65160807910264e-06,2.8285952289447445e-06
0131-Y15CB,congruent,110,7.4885699023131795e-06,4.1932218775963785e-06
0131-Y15CB,congruent,111,3.0606407089683563e-06,1.6282762668145823e-06
0131-Y15CB,congruent,112,6.017280983954397e-06,1.4077921931690947e-06
0131-Y15CB,congruent,113,-8.389456424742578e-07,1.0989623431749848e-06
0131-Y15CB,congruent,114,7.089804323441298e-06,9.642860574266843e-07
0131-Y15CB,congruent,115,3.994524782918472e-06,1.2507133589227997e-06
0131-Y15CB,congruent,116,-2.736464038685119e-07,7.4667150403682725e-06
0131-Y15CB,congruent,117,4.543655233714038e-06,6.656018898172512e-06
0131-Y15CB,congruent,118,-3.692960495313975e-06,2.034909716139736e-06
0131-Y15CB,congruent,119,7.456012938729242e-06,9.641100320275214e-07
0131-Y15CB,congruent,120,2.709658327960417e-06,4.956591204098759e-06
0131-Y15CB,congruent,121,-1.578088477292713e-06,-3.836895277414872e-06
0131-Y15CB,congruent,122,7.281565546961647e-06,-1.467994702715987e-06
0131-Y15CB,congruent,123,9.625670536663212e-06,8.17870685904017e-06
0131-Y15CB,congruent,124,-5.934676575459395e-06,-1.1743908024193817e-06
0131-Y15CB,congruent,125,4.879498947867145e-06,-1.2386558141195472e-06
0131-Y15CB,congruent,126,2.5076435710991906e-06,8.201353087103455e-07
0131-Y15CB,congruent,127,1.4100182750927139e-06,5.997676452913483e-07
0131-Y15CB,congruent,128,7.421921802372975e-06,2.958837472123528e-06
0131-Y15CB,congruent,129,8.213045359231891e-06,2.1674221212701606e-06
0131-Y15CB,congruent,130,2.6603611920302427e-06,-1.0564980065697082e-06
0131-Y15CB,congruent,131,2.3517269230163988e-06,-1.1680929278421476e-07
0131-Y15CB,congruent,132,4.527815261793238e-06,4.507619272444e-06
0131-Y15CB,congruent,133,5.838334753910245e-06,-6.418366921470733e-06
0131-Y15CB,congruent,134,9.0218673663929e-06,-2.333211244172745e-06
0131-Y15CB,congruent,135,8.69218191952037e-06,3.0038820581986725e-06
0131-Y15CB,congruent,136,4.0403031668929285e-06,3.959320733728783e-06
0131-Y15CB,congruent,137,4.925270562697773e-06,3.1633551947571436e-06
0131-Y15CB,congruent,138,1.4505960256491978e-06,-4.722309167022174e-07
0131-Y15CB,congruent,139,2.338867130947336e-06,5.6835468905490175e-06
0131-Y15CB,congruent,140,2.098478987507106e-06,-5.306918901045046e-07
0131-Y15CB,congruent,141,2.8311987664589564e-06,2.4862612304874144e-07
0131-Y15CB,congruent,142,3.1070668190765836e-07,2.7297445731939845e-07
0131-Y15CB,congruent,143,4.824280128803842e-06,-1.8632811955519081e-06
0131-Y15CB,congruent,144,6.7275009491513855e-06,1.4342446216113746e-06
0131-Y15CB,congruent,145,5.938020879947238e-06,1.2721005257504817e-07
0131-Y15CB,congruent,146,5.3919423890864985e-06,3.2198123689902455e-06
0131-Y15CB,congruent,147,8.257362252453576e-07,-4.001682446138379e-07
0131-Y15CB,congruent,148,-2.9597450154956648e-06,-7.752896337932053e-07
0131-Y15CB,congruent,149,7.027964331849993e-06,-3.13246977840037e-07
0131-Y15CB,congruent,150,4.1499667438169135e-06,1.3360975990115346e-06
0131-Y15CB,congruent,151,1.2492409841488517e-06,7.674624660991744e-07
0131-Y15CB,congruent,152,2.943342560607632e-06,-1.3647119353713941e-06
0131-Y15CB,congruent,153,1.782744890104718e-06,1.5943622748306662e-06
0131-Y15CB,congruent,154,1.659012585624019e-06,1.7565619489503139e-06
0131-Y15CB,congruent,155,-7.60084669593041e-07,-8.952999866907494e-07
0131-Y15CB,congruent,156,2.5921409721386043e-06,-2.89824736539491e-06
0131-Y15CB,congruent,157,3.0125689273628895e-06,1.0690798988641756e-06
0131-Y15CB,congruent,158,2.1706842832046805e-06,6.595406053433697e-07
0131-Y15CB,congruent,159,7.2165479190542365e-06,3.348072559756088e-06
0131-Y15CB,congruent,160,2.1861106165502234e-06,4.9068210022119445e-06
0131-Y15CB,congruent,161,9.068460597867552e-06,4.546042123017438e-06
0131-Y15CB,congruent,162,9.291008849818339e-07,2.7309938843865147e-06
0131-Y15CB,congruent,163,-5.125695795358014e-06,-8.783681501663743e-07
0131-Y15CB,congruent,164,5.326541356888295e-06,-1.245303412178454e-06
0131-Y15CB,congruent,165,4.277713138940052e-06,2.742653845400953e-06
0131-Y15CB,congruent,166,1.7202196078294932e-06,-2.0094319047252316e-07
0131-Y15CB,congruent,167,5.977468337523093e-06,4.392988601316807e-06
0131-Y15CB,congruent,168,1.0676142780714402e-07,2.9007424306484694e-06
0131-Y15CB,congruent,169,-4.527726894162977e-06,-4.148706993867536e-06
0131-Y15CB,congruent,170,5.321203147117273e-06,-6.608308135952942e-07
0131-Y15CB,congruent,171,1.0717258942740077e-05,5.732840994203462e-06
0131-Y15CB,congruent,172,-2.788875391620779e-06,-1.9048099840659106e-06
0131-Y15CB,congruent,173,4.3768746158577e-06,1.865261824756977e-07
0131-Y15CB,congruent,174,8.107455459632525e-06,6.916246269037298e-06
0131-Y15CB,congruent,175,-2.7552858008854597e-06,1.5223860605397907e-06
0131-Y15CB,congruent,176,1.2131935093941108e-05,9.936227962645998e-06
0131-Y15CB,congruent,177,-7.241877804524726e-06,-4.633406643890094e-06
0131-Y15CB,congruent,178,3.207474404896855e-08,-1.6693002562346964e-06
0131-Y15CB,congruent,179,8.58331622492767e-06,5.462378140826821e-06
0131-Y15CB,congruent,180,-1.4893361653703843e-06,-2.17898204684023e-06
0131-Y15CB,congruent,181,5.247069189541356e-06,3.3936166293626598e-06
0131-Y15CB,congruent,182,-4.5541003394516996e-07,-2.528643798740141e-07
0131-Y15CB,congruent,183,-1.287828884967457e-06,-5.087274899604308e-07
0131-Y15CB,congruent,184,7.4306876542062874e-06,-2.7991421637343405e-06
0131-Y15CB,congruent,185,7.777111563470674e-06,3.0162925651753285e-06
0131-Y15CB,congruent,186,2.2227545594521116e-06,3.929762052701318e-06
0131-Y15CB,congruent,187,7.346187037628751e-06,4.0124937580055715e-06
0131-Y15CB,congruent,188,2.94779155710846e-06,9.838454112449876e-07
0131-Y15CB,congruent,189,3.6935578423229794e-06,1.1129834726147049e-07
0131-Y15CB,congruent,190,2.3779301648604265e-06,-5.268256137428198e-06
0131-Y15CB,congruent,191,6.759671419682136e-07,4.168442361251137e-06
0131-Y15CB,congruent,192,1.6185509449548551e-06,-2.232460369248054e-06
0131-Y15CB,congruent,193,2.3796059848976903e-06,-1.060511216272423e-06
0131-Y15CB,congruent,194,2.474986626358525e-06,-1.0325167694301405e-06
0131-Y15CB,congruent,195,2.300661082091479e-06,-4.347138861881476e-07
0131-Y15CB,congruent,196,6.0949257499518406e-06,5.31845282427404e-06
0131-Y15CB,congruent,197,-2.1542591441986126e-06,-2.1064786924882123e-06
0131-Y15CB,congruent,198,3.2906773551085623e-06,2.0513087405412004e-06
0131-Y15CB,congruent,199,1.3440545313745818e-06,1.243437510106971e-06
0131-Y15CB,congruent,200,2.256042090755336e-06,-3.635645344248848e-06
0131-Y15CB,congruent,201,3.347860599276205e-07,-3.6880901585616523e-06
0131-Y15CB,congruent,202,5.746640977731663e-06,1.802506867882994e-06
0131-Y15CB,congruent,203,4.491822329908655e-06,4.60164528913997e-06
0131-Y15CB,congruent,204,8.093163090661248e-06,3.726084246921972e-06
0131-Y15CB,congruent,205,5.1376076771016265e-06,1.62200902055191e-06
0131-Y15CB,congruent,206,5.062069539163562e-06,-1.613764927869015e-06
0131-Y15CB,congruent,207,8.545397114478263e-06,1.5218100565597594e-06
0131-Y15CB,congruent,208,-3.244713927975344e-06,-1.0711777735944276e-06
0131-Y15CB,congruent,209,2.8680091781647483e-06,-7.959478884500673e-06
0131-Y15CB,congruent,210,5.161892736019485e-06,7.781099730266042e-06
0131-Y15CB,congruent,211,1.3893818249870076e-05,7.689741917433656e-06
0131-Y15CB,congruent,212,4.092110937140803e-06,1.4522346210458581e-06
0131-Y15CB,congruent,213,3.4347551709485066e-06,6.961077519396004e-09
0131-Y15CB,congruent,214,1.148183093748245e-06,-2.0594618505341502e-06
0131-Y15CB,congruent,215,-2.2923988946802297e-07,-1.5538336963936608e-06
0131-Y15CB,congruent,216,1.6063069590035742e-06,-4.801497740967345e-07
0131-Y15CB,incongruent,0,6.1936920245581875e-06,4.4116525604058155e-06
0131-Y15CB,incongruent,1,6.9750703552054526e-06,6.216760269839085e-06
0131-Y15CB,incongruent,2,8.90125085210917e-06,3.448643681650755e-06
0131-Y15CB,incongruent,3,7.4420476628654605e-06,4.954000660912486e-06
0131-Y15CB,incongruent,4,5.643025200764719e-06,7.497571581599709e-08
0131-Y15CB,incongruent,5,1.1657509004478644e-05,3.825101109946609e-06
0131-Y15CB,incongruent,6,6.457594766265936e-06,3.790015542296486e-06
0131-Y15CB,incongruent,7,2.632129226120672e-07,5.43166426384562e-07
0131-Y15CB,incongruent,8,6.143458558564437e-06,1.996197948708019e-06
0131-Y15CB,incongruent,9,8.738413882533577e-06,7.402992951076848e-06
0131-Y15CB,incongruent,10,1.8708559355724525e-06,5.819662039366001e-07
0131-Y15CB,incongruent,11,-3.258695745409136e-06,-4.593017334784056e-06
0131-Y15CB,incongruent,12,4.521803894901031e-06,3.893030238000744e-06
0131-Y15CB,incongruent,13,9.303979918592139e-06,5.222660567269659e-06
0131-Y15CB,incongruent,14,1.073520667836018e-05,3.383900335727812e-06
0131-Y15CB,incongruent,15,4.754113697026264e-06,-6.19818316244896e-07
0131-Y15CB,incongruent,16,7.957823606021967e-06,6.692773709835902e-06
0131-Y15CB,incongruent,17,2.7182723583168803e-06,8.941220798076887e-06
0131-Y15CB,incongruent,18,4.87431281265014e-06,9.77733372091488e-07
0131-Y15CB,incongruent,19,2.031273655875479e-06,2.472015917448572e-07
0131-Y15CB,incongruent,20,2.7176246347268003e-06,4.7052029321335e-06
0131-Y15CB,incongruent,21,6.1957322263253534e-06,2.682540183095313e-06
0131-Y15CB,incongruent,22,3.8040305662966136e-06,4.82512178334541e-07
0131-Y15CB,incongruent,23,1.127368350950117e-05,7.171246460121331e-06
0131-Y15CB,incongruent,24,7.120517353955922e-06,5.549482619107194e-06
0131-Y15CB,incongruent,25,7.951967217597254e-06,1.953337193833474e-06
0131-Y15CB,incongruent,26,4.303400999079723e-06,-6.792485882311454e-07
0131-Y15CB,incongruent,27,2.492669266091929e-06,5.272410308862532e-07
0131-Y15CB,incongruent,28,4.358405895509553e-06,3.884399527964175e-06
0131-Y15CB,incongruent,29,3.8133731683339024e-06,1.7305530061281436e-06
0131-Y15CB,incongruent,30,5.20264500308276e-06,9.760643767240165e-06
0131-Y15CB,incongruent,31,3.924449766326354e-06,-2.6499267864350643e-06
0131-Y15CB,incongruent,32,2.4835307834781272e-06,5.0238739501210955e-09
0131-Y15CB,incongruent,33,3.7241482962881974e-06,2.980052685500144e-06
0131-Y15CB,incongruent,34,5.468937525820758e-06,-2.5405555247180217e-07
0131-Y15CB,incongruent,35,1.0182388982838615e-05,3.005308114022502e-06
0131-Y15CB,incongruent,36,1.540330007315989e-07,3.2159580711915746e-06
0131-Y15CB,incongruent,37,4.180131903414072e-06,7.02664663592277e-06
0131-Y15CB,incongruent,38,7.314998821000006e-07,-2.4850802958151616e-06
0131-Y15CB,incongruent,39,6.00435595319197e-07,2.3442797319920856e-06
0131-Y15CB,incongruent,40,2.6314065769651496e-06,-4.86690991434176e-06
0131-Y15CB,incongruent,41,3.0551584304439893e-07,-4.714317856778698e-06
0131-Y15CB,incongruent,42,1.5494921424968115e-06,1.999955189885447e-06
0131-Y15CB,incongruent,43,4.605799576840866e-06,3.938855571821461e-06
0131-Y15CB,incongruent,44,6.756379241869562e-07,3.7125252752861357e-07
0131-Y15CB,incongruent,45,7.544579762095289e-06,3.6820196470758724e-06
0131-Y15CB,incongruent,46,8.89568713861513e-06,4.360930616239703e-06
0131-Y15CB,incongruent,47,1.0190581485435771e-05,5.870871079626351e-06
0131-Y15CB,incongruent,48,5.872692026865151e-06,7.821069882488892e-06
0131-Y15CB,incongruent,49,8.750318457966614e-06,4.155801612495427e-06
0131-Y15CB,incongruent,50,5.015381196329181e-06,2.1499750018944562e-06
0131-Y15CB,incongruent,51,6.232488492357012e-06,-3.634863135338959e-07
0131-Y15CB,incongruent,52,1.5974901371833414e-05,4.973554084777086e-06
0131-Y15CB,incongruent,53,9.84793473482897e-06,8.719254021685826e-06
0131-Y15CB,incongruent,54,7.187813453771695e-06,2.750515700583075e-06
0131-Y15CB,incongruent,55,7.703842488362633e-06,1.2793610698072011e-06
0131-Y15CB,incongruent,56,7.276617963395967e-06,2.6737521272694905e-06
0131-Y15CB,incongruent,57,1.1068301285649879e-05,5.227116736864187e-06
0131-Y15CB,incongruent,58,5.721810076182352e-06,3.59754018219551e-06
0131-Y15CB,incongruent,59,8.642024990977908e-06,2.4572599935298274e-06
0131-Y15CB,incongruent,60,9.307600799498318e-06,3.0728824819608993e-06
0131-Y15CB,incongruent,61,7.777870263507298e-06,4.5330029289952545e-06
0131-Y15CB,incongruent,62,3.17400636374867e-06,5.446727884384145e-07
0131-Y15CB,incongruent,63,8.497160209244153e-06,3.046157312384057e-06
0131-Y15CB,incongruent,64,2.5002080007468086e-06,1.7369012032014963e-06
0131-Y15CB,incongruent,65,6.2840434592771785e-06,1.8116575481179814e-06
0131-Y15CB,incongruent,66,9.836134856567911e-06,4.488513043048858e-06
0131-Y15CB,incongruent,67,-1.265630178652546e-06,6.321386093118227e-07
0131-Y15CB,incongruent,68,1.0507484281256865e-05,2.5180116038193313e-06
0131-Y15CB,incongruent,69,6.774280845527674e-06,2.9646892797251974e-06
0131-Y15CB,incongruent,70,1.4744353920630024e-05,8.255319212534569e-06
0131-Y15CB,incongruent,71,2.9185852027810717e-06,-6.630667292190425e-07
0131-Y15CB,incongruent,72,2.4969338991682097e-06,3.7478526287430544e-06
0131-Y15CB,incongruent,73,1.0510179701890928e-06,-1.980912679024774e-06
0131-8LNQQ,congruent,0,7.419687705413596e-06,9.7653569861347e-07
0131-8LNQQ,congruent,1,-5.1900332696136153e-08,-3.734663540997793e-06
0131-8LNQQ,congruent,2,-8.889965079186087e-07,-1.321112801707487e-06
0131-8LNQQ,congruent,3,2.8038098308043493e-06,2.0072496841696648e-06
0131-8LNQQ,congruent,4,5.371302100587738e-07,-4.2359394989014035e-06
0131-8LNQQ,congruent,5,3.6436082347516694e-07,2.4767613621240047e-06
0131-8LNQQ,congruent,6,-1.7090232179561252e-06,-2.9984619096266942e-06
0131-8LNQQ,congruent,7,-2.7937614049594965e-06,6.869110402256858e-07
0131-8LNQQ,congruent,8,1.1520049453603416e-05,7.837900087870785e-06
0131-8LNQQ,congruent,9,5.737990854107885e-06,3.68570260239857e-06
0131-8LNQQ,congruent,10,-2.7710275190679873e-06,3.4318938682863754e-06
0131-8LNQQ,congruent,11,-5.075998480163552e-06,1.0110905162354564e-06
0131-8LNQQ,congruent,12,2.3507913003137344e-06,5.160661336167887e-06
0131-8LNQQ,congruent,13,4.343889701686818e-06,-3.0052353347877916e-06
0131-8LNQQ,congruent,14,3.3806687757211588e-06,1.0557133893973202e-05
0131-8LNQQ,congruent,15,3.1966225468394675e-06,4.322221198183267e-06
0131-8LNQQ,congruent,16,7.953172856635869e-06,6.383507137098893e-06
0131-8LNQQ,congruent,17,-3.5015399119306274e-06,-1.4382330222868596e-06
0131-8LNQQ,congruent,18,5.3370376943976155e-06,4.863952748595512e-06
0131-8LNQQ,congruent,19,-2.0351512377731857e-06,1.1996780214122227e-06
0131-8LNQQ,congruent,20,3.1412422461379616e-06,4.129745018306586e-06
0131-8LNQQ,congruent,21,1.9489948355858113e-06,-1.395628623247864e-06
0131-8LNQQ,congruent,22,4.035192834161282e-06,3.908592752286034e-06
0131-8LNQQ,congruent,23,-5.418922311391015e-06,-6.669658851784369e-06
0131-8LNQQ,congruent,24,2.2673939442616008e-06,-1.328369346453738e-06
0131-8LNQQ,congruent,25,5.959685459575753e-06,-1.818781144336762e-06
0131-8LNQQ,congruent,26,7.636999269714286e-06,7.734657369847297e-07
0131-8LNQQ,congruent,27,9.653866825863618e-06,6.551892783204067e-06
0131-8LNQQ,congruent,28,-3.6164479480994943e-06,-5.273851833082664e-06
0131-8LNQQ,congruent,29,1.3849284350079782e-06,-5.615114403034811e-06
0131-8LNQQ,congruent,30,1.6338175799611204e-07,9.202097399127262e-07
0131-8LNQQ,congruent,31,1.8715511529560112e-06,-7.112604016335615e-06
0131-8LNQQ,congruent,32,4.885436857142534e-06,4.786753998985363e-06
0131-8LNQQ,congruent,33,5.3067434660167605e-06,9.092597402887281e-07
0131-8LNQQ,congruent,34,8.326540971447659e-06,6.069064727673347e-06
0131-8LNQQ,congruent,35,2.879924713066945e-06,3.772517701925042e-06
0131-8LNQQ,congruent,36,5.775361713059493e-06,3.2525340104291265e-06
0131-8LNQQ,congruent,37,8.097596817338328e-06,1.3848786279362973e-07
0131-8LNQQ,congruent,38,4.424643608785713e-06,3.369544843549606e-06
0131-8LNQQ,congruent,39,-4.977127913673479e-06,-4.511375524521058e-06
0131-8LNQQ,congruent,40,-4.7108759910095985e-06,-1.1111344321995934e-06
0131-8LNQQ,congruent,41,-1.7343641267824153e-06,5.170670967303386e-06
0131-8LNQQ,congruent,42,2.4208298860022073e-06,6.627198486593096e-07
0131-8LNQQ,congruent,43,7.78792529964311e-06,7.124964934011146e-06
0131-8LNQQ,congruent,44,7.963348997494302e-06,-2.3810386772046785e-06
0131-8LNQQ,congruent,45,6.018193399418544e-06,5.578640657735996e-06
0131-8LNQQ,congruent,46,-1.053194641772998e-06,7.27097997284144e-06
0131-8LNQQ,congruent,47,6.146322778981248e-06,2.9307841233523535e-06
0131-8LNQQ,congruent,48,8.255018653194629e-07,8.321451678706972e-07
0131-8LNQQ,congruent,49,-1.2102705443213247e-06,-4.1623114018193884e-06
0131-8LNQQ,congruent,50,2.2849852244253324e-06,3.7506399135591175e-06
0131-8LNQQ,congruent,51,-7.547592363423451e-06,-3.24673552260318e-06
0131-8LNQQ,congruent,52,2.7521980280214297e-06,4.314652846017717e-06
0131-8LNQQ,congruent,53,6.992429336263239e-06,1.1214222779066541e-06
0131-8LNQQ,congruent,54,2.6808438756907323e-06,4.408285838225449e-06
0131-8LNQQ,congruent,55,-1.2241229905759172e-06,-4.2054182626077715e-06
0131-8LNQQ,congruent,56,2.3100196822270992e-06,-1.0966170880519184e-06
0131-8LNQQ,congruent,57,6.191276814941882e-06,-4.833800088905049e-06
0131-8LNQQ,congruent,58,5.858851212533771e-06,4.8708833964087406e-06
0131-8LNQQ,congruent,59,-1.6156618088820292e-06,3.169714208914274e-06
0131-8LNQQ,congruent,60,-1.087221668071084e-05,-4.197151754802552e-06
0131-8LNQQ,congruent,61,-8.062686141376226e-06,-4.252948953494111e-06
0131-8LNQQ,congruent,62,-4.239521856345692e-07,-1.9316441123273344e-06
0131-8LNQQ,congruent,63,9.95549128553911e-06,4.265829583357171e-06
0131-8LNQQ,congruent,64,-5.220357519177289e-07,-2.9643963415484925e-06
0131-8LNQQ,congruent,65,4.2441441557679053e-07,-1.1127103694495965e-05
0131-8LNQQ,congruent,66,4.526698896232947e-06,1.2564169279229064e-06
0131-8LNQQ,congruent,67,2.724429258677687e-06,-8.244701736613639e-07
0131-8LNQQ,congruent,68,4.553238754339642e-06,3.092671554713656e-06
0131-8LNQQ,congruent,69,3.3751315339408804e-06,3.765957942714678e-06
0131-8LNQQ,congruent,70,-1.7183401065401958e-06,-4.075653662412904e-06
0131-8LNQQ,congruent,71,4.1235685909353855e-08,-3.5338172037664257e-07
0131-8LNQQ,congruent,72,1.4889585791244615e-07,2.5965531572757453e-06
0131-8LNQQ,congruent,73,7.234651564429863e-06,6.534992554847331e-08
0131-8LNQQ,congruent,74,3.9276928701798484e-07,-3.5359552943302267e-06
0131-8LNQQ,congruent,75,3.5111261155776304e-06,7.069715366726722e-07
0131-8LNQQ,congruent,76,4.347174281241356e-06,-3.226169849133067e-06
0131-8LNQQ,congruent,77,3.961992856501679e-06,-2.8112808273134828e-06
0131-8LNQQ,congruent,78,4.541527337958747e-06,3.068463374041477e-06
0131-8LNQQ,congruent,79,-7.615702574274252e-06,-3.2956872715465634e-06
0131-8LNQQ,congruent,80,-2.5124538855955374e-06,-1.2474513437228932e-06
0131-8LNQQ,congruent,81,9.59310883227536e-06,9.325577350070904e-06
0131-8LNQQ,congruent,82,-8.252690691351543e-07,3.5901493681063463e-06
0131-8LNQQ,congruent,83,5.820354305143171e-06,-1.0740330898755122e-06
0131-8LNQQ,congruent,84,6.596984100759987e-06,9.377088681105814e-06
0131-8LNQQ,congruent,85,9.976476615366712e-06,-4.1477630874179356e-07
0131-8LNQQ,congruent,86,2.849591284368804e-06,2.3191818634679647e-06
0131-8LNQQ,congruent,87,-4.087817247660156e-07,-2.131657905501507e-06
0131-8LNQQ,congruent,88,1.1103453832955384e-05,4.331127302684439e-06
0131-8LNQQ,congruent,89,9.321852075750592e-06,-2.0645359744727335e-06
0131-8LNQQ,congruent,90,7.791712036283298e-06,4.84075424253812e-06
0131-8LNQQ,congruent,91,6.531837810940489e-07,-4.339101400276939e-06
0131-8LNQQ,congruent,92,4.466747352323112e-06,2.1176092650036265e-06
0131-8LNQQ,congruent,93,-7.2989429052359e-06,-2.3147849334526647e-06
0131-8LNQQ,congruent,94,1.0150346640246963e-06,3.3579884635861403e-07
0131-8LNQQ,congruent,95,-1.991256784082754e-06,-5.438842518433965e-07
0131-8LNQQ,congruent,96,1.2114850315301257e-06,-5.8990526895773925e-06
0131-8LNQQ,congruent,97,1.384409221871259e-05,7.723807998517286e-06
0131-8LNQQ,congruent,98,4.6699314497720045e-06,1.3238378639826808e-06
0131-8LNQQ,congruent,99,4.324875158452298e-06,-1.6534341106128832e-06
0131-8LNQQ,congruent,100,-2.647676597427769e-06,8.462262614321908e-06
0131-8LNQQ,congruent,101,-3.4023474382284753e-07,6.186931166410692e-06
0131-8LNQQ,congruent,102,2.6637778067962397e-06,-4.642340263817608e-06
0131-8LNQQ,congruent,103,1.1128109863757253e-05,8.597676908852722e-06
0131-8LNQQ,congruent,104,6.927808075284388e-07,1.160469409208626e-06
0131-8LNQQ,congruent,105,-3.069736184704981e-06,-1.6247210755497214e-08
0131-8LNQQ,congruent,106,4.4991783622814545e-07,-8.617443104236958e-06
0131-8LNQQ,congruent,107,3.102293247784984e-06,-5.6852689124161095e-06
0131-8LNQQ,congruent,108,1.292010102391286e-05,6.126140863597256e-06
0131-8LNQQ,congruent,109,-2.380386589286487e-06,4.597486992979462e-07
0131-8LNQQ,congruent,110,7.085668240430271e-06,8.346532954317903e-06
0131-8LNQQ,congruent,111,-5.052241864611444e-07,-2.8986451199481784e-06
0131-8LNQQ,congruent,112,-3.381631026989363e-06,2.251738729323344e-06
0131-8LNQQ,congruent,113,9.62003226667791e-07,-6.336857114308824e-06
0131-8LNQQ,congruent,114,-1.2572117089455957e-06,-6.366244858274217e-06
0131-8LNQQ,congruent,115,7.098235924772258e-06,1.4056225573592246e-05
0131-8LNQQ,congruent,116,-6.501416248380771e-06,-4.161546700933597e-06
0131-8LNQQ,congruent,117,-1.9644746122374113e-06,1.7060566853962238e-06
0131-8LNQQ,congruent,118,-2.5257405193495874e-06,3.985698498523298e-06
0131-8LNQQ,congruent,119,-3.650525223535929e-06,4.112396165699342e-07
0131-8LNQQ,congruent,120,-6.875615540077868e-06,-8.914096461205898e-06
0131-8LNQQ,congruent,121,-5.634514293919223e-07,-6.417853552718565e-06
0131-8LNQQ,congruent,122,6.69456827555889e-06,-3.3183303308438373e-06
0131-8LNQQ,congruent,123,-1.0486595188167898e-08,-5.213640829832814e-06
0131-8LNQQ,congruent,124,4.832094450245261e-06,-1.7460487416824652e-06
0131-8LNQQ,congruent,125,1.1935294202424763e-05,4.821868599255126e-06
0131-8LNQQ,congruent,126,-1.515643350919297e-07,-5.090288205823161e-06
0131-8LNQQ,congruent,127,1.2008080342529747e-05,8.786850350998192e-06
0131-8LNQQ,congruent,128,1.0045250885188178e-05,1.7574787987251412e-06
0131-8LNQQ,congruent,129,3.4882706454031786e-06,4.060891638993539e-06
0131-8LNQQ,congruent,130,1.466757806063683e-07,-5.700553617094293e-07
0131-8LNQQ,congruent,131,-3.749453824578221e-06,-2.607142483503832e-06
0131-8LNQQ,congruent,132,2.4058174990891455e-06,2.845041565175781e-06
0131-8LNQQ,congruent,133,5.697639380099507e-06,2.0344374160474827e-06
0131-8LNQQ,congruent,134,5.281388381139496e-06,5.192587901047241e-06
0131-8LNQQ,congruent,135,8.036199341832228e-06,-1.5141655466490818e-06
0131-8LNQQ,congruent,136,-1.9113003767068904e-06,-1.1484860860642892e-07
0131-8LNQQ,congruent,137,-5.92132786457815e-06,-4.79053735215353e-07
0131-8LNQQ,congruent,138,-1.0691288590398543e-05,-6.191903142679443e-06
0131-8LNQQ,congruent,139,-1.3779700160521184e-06,1.536391112918781e-07
0131-8LNQQ,congruent,140,3.401444877052812e-07,9.850418694452817e-07
0131-8LNQQ,congruent,141,-9.374027674890875e-08,-1.3185980196608454e-06
0131-8LNQQ,congruent,142,4.9738312992453285e-06,5.783344125689787e-06
0131-8LNQQ,congruent,143,6.078858886281373e-06,-6.804583374752359e-07
0131-8LNQQ,congruent,144,3.905323206478574e-06,-9.502964197681116e-07
0131-8LNQQ,congruent,145,7.307819488068103e-06,2.584839071709425e-06
0131-8LNQQ,congruent,146,7.799724351950143e-06,5.511465008976072e-06
0131-8LNQQ,congruent,147,3.377103253217702e-06,3.7402043354283598e-06
0131-8LNQQ,congruent,148,3.5118036793753193e-06,-1.0468004336250824e-06
0131-8LNQQ,congruent,149,3.3915247002079177e-06,-5.716823406287776e-07
0131-8LNQQ,congruent,150,2.168522036386064e-06,5.062396320015373e-06
0131-8LNQQ,congruent,151,3.859904102696539e-07,-4.915067390692694e-06
0131-8LNQQ,congruent,152,1.4510216097391213e-07,4.556296774984843e-06
0131-8LNQQ,congruent,153,-3.7928162569927214e-06,1.8582409458088782e-06
0131-8LNQQ,congruent,154,-7.036882780760725e-06,-5.147396159887853e-06
0131-8LNQQ,congruent,155,-2.4738163628171236e-06,-5.506197341011909e-06
0131-8LNQQ,congruent,156,2.484808036327892e-06,-1.313287806749164e-06
0131-8LNQQ,congruent,157,5.007345211774419e-06,3.4357689184809317e-06
0131-8LNQQ,congruent,158,2.296396301213823e-06,-7.782216846306613e-06
0131-8LNQQ,congruent,159,2.210306404818046e-06,-3.108276097110714e-06
0131-8LNQQ,congruent,160,4.785979305116218e-06,7.0660295001642325e-06
0131-8LNQQ,congruent,161,-7.777956924941048e-07,6.352728986074584e-07
0131-8LNQQ,congruent,162,5.411801804996652e-06,-4.556136185081069e-07
0131-8LNQQ,congruent,163,-7.642811063287069e-06,1.012477643889178e-07
0131-8LNQQ,congruent,164,-5.679962088035226e-07,1.1012048359374842e-06
0131-8LNQQ,congruent,165,-3.1105491025630937e-06,5.057589909171525e-06
0131-8LNQQ,congruent,166,1.200703347969338e-06,-3.3717255871995826e-06
0131-8LNQQ,congruent,167,4.094791772418339e-06,5.021397075483319e-06
0131-8LNQQ,congruent,168,2.01079544613612e-06,4.378644283711721e-06
0131-8LNQQ,congruent,169,-8.870732196543582e-06,-4.326064542255454e-06
0131-8LNQQ,congruent,170,4.719125108218331e-06,6.124893337594738e-06
0131-8LNQQ,congruent,171,1.511290310911272e-06,1.667536614877231e-06
0131-8LNQQ,congruent,172,-2.2589809297259064e-06,-6.007175265283114e-06
0131-8LNQQ,incongruent,0,9.778170332232724e-06,5.404230479288848e-06
0131-8LNQQ,incongruent,1,3.5811309969416763e-06,-1.0766192382379686e-07
0131-8LNQQ,incongruent,2,-4.431876839882252e-06,-6.958068292410907e-06
0131-8LNQQ,incongruent,3,5.776967009055399e-07,3.6858852499019587e-06
0131-8LNQQ,incongruent,4,4.134586618374058e-06,4.460534514704903e-06
0131-8LNQQ,incongruent,5,-2.947017733041175e-08,2.4976892820825405e-06
0131-8LNQQ,incongruent,6,-3.837642070882176e-06,-1.3270537547250046e-06
0131-8LNQQ,incongruent,7,6.88167161624779e-06,1.2987392253919273e-05
0131-8LNQQ,incongruent,8,5.941814122136774e-06,5.02497580263591e-06
0131-8LNQQ,incongruent,9,6.405183629347133e-06,2.55682931600062e-06
0131-8LNQQ,incongruent,10,-9.336875106435644e-07,8.517378011109315e-06
0131-8LNQQ,incongruent,11,-7.130987572868779e-07,6.23056022119069e-07
0131-8LNQQ,incongruent,12,5.347090751267366e-06,6.282106908650045e-06
0131-8LNQQ,incongruent,13,-6.641740612589165e-06,9.766840701062572e-07
0131-8LNQQ,incongruent,14,4.032003449055646e-07,-2.531396480945178e-07
0131-8LNQQ,incongruent,15,-2.4427404280170284e-06,-1.8373546014432385e-06
0131-8LNQQ,incongruent,16,-2.7612631323365353e-06,-3.2987745418930653e-06
0131-8LNQQ,incongruent,17,8.81940398088847e-06,9.23365361918275e-06
0131-8LNQQ,incongruent,18,8.469151824050674e-06,7.909077279856114e-06
0131-8LNQQ,incongruent,19,5.749035039536369e-06,1.4822165595675172e-06
0131-8LNQQ,incongruent,20,4.2005246366831675e-06,8.210442431591407e-06
0131-8LNQQ,incongruent,21,5.928087661097021e-06,2.902021077605492e-06
0131-8LNQQ,incongruent,22,-3.770140805845784e-06,-3.0150009070438143e-07
0131-8LNQQ,incongruent,23,-6.975305224361941e-06,-6.86808701927378e-06
0131-8LNQQ,incongruent,24,2.973903686734609e-06,1.014893229714463e-05
0131-8LNQQ,incongruent,25,9.491425307147056e-06,6.28446238960566e-06
0131-8LNQQ,incongruent,26,5.671141100989912e-06,9.707400606080885e-07
0131-8LNQQ,incongruent,27,8.814113029630234e-06,-3.61482578401019e-07
0131-8LNQQ,incongruent,28,5.517780194486039e-06,5.734980608156388e-07
0131-8LNQQ,incongruent,29,-5.657154068237529e-07,-5.738105261992412e-07
0131-8LNQQ,incongruent,30,9.914466835488905e-06,1.3403007361928485e-05
0131-8LNQQ,incongruent,31,4.685136780304507e-06,-4.0967110609403085e-07
0131-8LNQQ,incongruent,32,1.7666917948120503e-06,-2.827710618532818e-06
0131-8LNQQ,incongruent,33,7.035204012477402e-06,9.334547946890386e-07
0131-8LNQQ,incongruent,34,4.18689047470688e-06,2.497661202784841e-06
0131-8LNQQ,incongruent,35,-1.9907566877823698e-06,-2.3734884973508566e-06
0131-8LNQQ,incongruent,36,5.678843985862844e-06,-2.241429370314939e-06
0131-8LNQQ,incongruent,37,2.613980757365241e-07,-1.9046087907400479e-06
0131-8LNQQ,incongruent,38,7.86558541862186e-06,5.432235133643559e-06
0131-8LNQQ,incongruent,39,-1.5916163681612344e-06,-3.7113262795990137e-06
0131-8LNQQ,incongruent,40,5.965430115908324e-06,7.40759754657292e-06
0131-8LNQQ,incongruent,41,1.6616280056381624e-06,3.069821130486785e-06
0131-8LNQQ,incongruent,42,-1.9463941776037097e-06,-5.132168633320194e-06
0131-8LNQQ,incongruent,43,-4.2593579225098793e-07,2.513339467782382e-06
0131-8LNQQ,incongruent,44,-2.2491466278401864e-06,-4.483577742917394e-06
0131-8LNQQ,incongruent,45,6.770240171634483e-06,6.498679806401142e-06
0131-8LNQQ,incongruent,46,2.258983782482486e-06,2.6311316597971663e-06
0131-8LNQQ,incongruent,47,5.430629184986467e-06,1.5097216918296035e-06
0131-8LNQQ,incongruent,48,5.254545761544276e-06,8.62815979174715e-08
0131-8LNQQ,incongruent,49,1.0055310968573352e-05,2.963733839187544e-06
0131-8LNQQ,incongruent,50,4.593669510103783e-06,-1.99281251642142e-06
0131-8LNQQ,incongruent,51,8.417689562051552e-06,6.009827055738033e-06
0131-8LNQQ,incongruent,52,5.72443994534256e-07,3.321725464260873e-06
0131-8LNQQ,incongruent,53,6.503148550525832e-06,4.822679388059187e-07
0131-8LNQQ,incongruent,54,-1.3390227817132457e-06,-2.050234459416207e-06
0131-8LNQQ,incongruent,55,1.0002806219850608e-07,3.3507707139393656e-06
0131-8LNQQ,incongruent,56,2.157197979352818e-06,6.503219403178375e-07
0131-8LNQQ,incongruent,57,1.0845765653154153e-05,1.3593854911654718e-06
0131-8LNQQ,incongruent,58,-8.313566324343688e-06,3.6086817165018713e-06
0131-8LNQQ,incongruent,59,4.369985228124961e-06,2.442983689288364e-06
0131-8LNQQ,incongruent,60,-1.8007229804210036e-06,-7.654866051738778e-07
0131-8LNQQ,incongruent,61,-2.4007048397872473e-06,-3.971767434605923e-06
0131-8LNQQ,incongruent,62,1.1877266118862018e-06,2.2126132635995538e-06
0131-8LNQQ,incongruent,63,1.5857769084262645e-06,4.1675146825940945e-06
0131-8LNQQ,incongruent,64,-1.00225338603728e-05,3.239144669065189e-07
0131-8LNQQ,incongruent,65,-8.682114398031464e-06,-4.693403181610296e-06
0131-8LNQQ,incongruent,66,8.612360381436081e-06,6.153754012918667e-06
0205-SI9M5,congruent,0,1.907370617871501e-06,-1.6105309171318029e-06
0205-SI9M5,congruent,1,3.524357766428272e-06,3.935515899459675e-06
0205-SI9M5,congruent,2,5.828945319389899e-07,1.8092261238620354e-06
0205-SI9M5,congruent,3,-2.1730829326915075e-06,-4.064041883338454e-06
0205-SI9M5,congruent,4,5.963768741088294e-06,4.2853925258513165e-08
0205-SI9M5,congruent,5,4.660960172111035e-06,4.896869444779373e-07
0205-SI9M5,congruent,6,3.958531556131465e-06,6.238553071406637e-07
0205-SI9M5,congruent,7,1.0411726801995733e-06,1.0414908029414928e-06
0205-SI9M5,congruent,8,1.4992928048185717e-06,2.837559327931651e-06
0205-SI9M5,congruent,9,-2.092714417578304e-06,-3.6978770337795433e-06
0205-SI9M5,congruent,10,-2.671253467787738e-06,-1.658716524198386e-06
0205-SI9M5,congruent,11,9.318623348124371e-07,6.614937362652581e-07
0205-SI9M5,congruent,12,-3.3199809613588127e-06,-1.0242357127264505e-07
0205-SI9M5,congruent,13,-6.903795589316517e-07,2.3622803094146525e-06
0205-SI9M5,congruent,14,2.6611096549982015e-06,-4.33886537640941e-06
0205-SI9M5,congruent,15,5.1339011310556564e-08,7.03907321292126e-06
0205-SI9M5,congruent,16,8.605820229522332e-06,-4.238517942590432e-06
0205-SI9M5,congruent,17,1.0773990369341676e-05,1.1364552164050515e-05
0205-SI9M5,congruent,18,-2.542473132213203e-08,-2.1050583388343086e-06
0205-SI9M5,congruent,19,2.0760854887321518e-06,1.565205742881824e-06
0205-SI9M5,congruent,20,9.022182648233525e-07,3.678176319860126e-08
0205-SI9M5,congruent,21,5.749593238623817e-06,8.504040692226114e-07
0205-SI9M5,congruent,22,5.134703055011055e-06,-1.6767323137009513e-06
0205-SI9M5,congruent,23,1.954271157436488e-06,2.5238581115388433e-06
0205-SI9M5,congruent,24,6.811781486335952e-06,-3.0179021818300925e-07
0205-SI9M5,congruent,25,5.464049129224565e-08,1.7717011418321107e-06
0205-SI9M5,congruent,26,-2.701324735217304e-06,-8.746269068432967e-07
0205-SI9M5,congruent,27,-2.427977344676599e-07,4.017692239057507e-06
0205-SI9M5,congruent,28,3.2505613943652285e-06,5.331605253842395e-06
0205-SI9M5,congruent,29,-5.247851503104595e-06,-1.011869941545732e-05
0205-SI9M5,congruent,30,-5.9252981898514e-06,-4.87709671551636e-06
0205-SI9M5,congruent,31,3.4266691979903053e-06,-3.8751623320745183e-07
0205-SI9M5,congruent,32,-3.2698967129779727e-07,-3.2531791752910854e-06
0205-SI9M5,congruent,33,3.0066386823862983e-06,1.87320096092302e-06
0205-SI9M5,congruent,34,-1.133150243368352e-06,-3.328432464961316e-06
0205-SI9M5,congruent,35,-1.5667273416628316e-06,1.2390993261302142e-06
0205-SI9M5,congruent,36,3.7284739721143884e-06,-1.0985567542709436e-06
0205-SI9M5,congruent,37,7.358712003966588e-06,2.432247398940188e-06
0205-SI9M5,congruent,38,2.9588823562924717e-06,5.7393523809282584e-06
0205-SI9M5,congruent,39,-9.338601704854613e-07,-4.206570445632909e-06
0205-SI9M5,congruent,40,4.248055828785973e-06,2.775506290186137e-06
0205-SI9M5,congruent,41,7.716489520466128e-07,-3.913886095369206e-06
0205-SI9M5,congruent,42,1.8120015297560425e-06,1.5495468471853335e-06
0205-SI9M5,congruent,43,-2.3552497269986752e-06,-3.0311048052513355e-06
0205-SI9M5,congruent,44,4.505610929232208e-07,1.8385452045944548e-06
0205-SI9M5,congruent,45,-7.495967052686758e-06,-5.270383232147844e-06
0205-SI9M5,congruent,46,3.6553141452189664e-06,1.2967706258447715e-06
0205-SI9M5,congruent,47,9.024923237507083e-06,8.532380094341154e-06
0205-SI9M5,congruent,48,4.998502911123926e-06,3.013146380496231e-06
0205-SI9M5,congruent,49,-9.194658867684016e-06,-2.4478846783686368e-06
0205-SI9M5,congruent,50,3.4011871533287763e-06,7.189315953501769e-07
0205-SI9M5,congruent,51,-2.9878135502574203e-06,2.384916140353425e-06
0205-SI9M5,congruent,52,-1.2018169472715755e-06,-3.1866814538747787e-06
0205-SI9M5,congruent,53,4.401168514754399e-07,3.1720578099207937e-06
0205-SI9M5,congruent,54,-4.038419560744592e-06,-2.0448336554748466e-07
0205-SI9M5,congruent,55,5.1325022947686964e-06,2.575660437887765e-06
0205-SI9M5,congruent,56,-3.0582105544792535e-06,-5.064500801911068e-07
0205-SI9M5,congruent,57,-2.234224867228064e-06,-6.932412074663199e-06
0205-SI9M5,congruent,58,-6.5078997175947574e-06,-7.320381802629197e-06
0205-SI9M5,congruent,59,3.515128674152458e-06,-3.3363255901697917e-07
0205-SI9M5,congruent,60,-2.806566906028421e-06,-4.5951186861457825e-06
0205-SI9M5,congruent,61,3.9570991995241985e-07,-8.609865311342236e-07
0205-SI9M5,congruent,62,8.779076914322559e-07,-1.245717332862618e-06
0205-SI9M5,congruent,63,3.0040422484942504e-06,5.409420808227291e-06
0205-SI9M5,congruent,64,9.123735557370503e-06,1.0453057679084702e-05
0205-SI9M5,congruent,65,-3.840174081163272e-06,-2.24965302688904e-06
0205-SI9M5,congruent,66,-4.3830815018527736e-07,-8.363410394379371e-06
0205-SI9M5,congruent,67,7.516499993797067e-06,4.905723371464159e-06
0205-SI9M5,congruent,68,1.0939361927811425e-06,5.075559140645477e-06
0205-SI9M5,congruent,69,-7.527566818351747e-07,3.7744307462173878e-06
0205-SI9M5,congruent,70,-1.2648774016742963e-06,-7.1191684938166926e-06
0205-SI9M5,congruent,71,8.234506921331005e-06,5.157534515166787e-06
0205-SI9M5,congruent,72,-6.095815090730145e-07,-1.2811318174880297e-06
0205-SI9M5,congruent,73,6.433826201126354e-06,-3.353773864930498e-08
0205-SI9M5,congruent,74,-3.4505362433314106e-06,5.485078145615089e-07
0205-SI9M5,congruent,75,-3.8587221252270215e-06,-5.771755797532901e-06
0205-SI9M5,congruent,76,3.329613863224804e-06,-4.964123711952251e-07
0205-SI9M5,congruent,77,1.8578695326369637e-06,5.652921881660251e-06
0205-SI9M5,congruent,78,4.476073831909469e-06,2.5459087428762016e-06
0205-SI9M5,congruent,79,-2.2192269252582853e-06,-3.3259974972442683e-06
0205-SI9M5,congruent,80,3.176929120690932e-06,3.056770256449576e-07
0205-SI9M5,congruent,81,6.62775699626286e-06,7.766413509838267e-06
0205-SI9M5,congruent,82,-1.771590770599858e-06,-1.4625883018824747e-06
0205-SI9M5,congruent,83,1.446024518744157e-07,2.0861614862778538e-06
0205-SI9M5,congruent,84,7.772002760526599e-06,4.866076708550447e-06
0205-SI9M5,congruent,85,-4.154607847306891e-06,-1.505652747036052e-06
0205-SI9M5,congruent,86,-7.947412360779881e-06,2.9189998606965794e-06
0205-SI9M5,congruent,87,-3.5797865620257762e-06,-2.5711968305928123e-06
0205-SI9M5,congruent,88,3.134344065680274e-06,-4.932416434398775e-06
0205-SI9M5,congruent,89,-5.0732659499287685e-06,1.1495949158451174e-06
0205-SI9M5,congruent,90,-5.620363471002148e-07,-6.497523613471248e-06
0205-SI9M5,congruent,91,9.349391748856167e-07,1.640976820406288e-06
0205-SI9M5,congruent,92,-1.2362326232462752e-06,5.433793655985456e-07
0205-SI9M5,congruent,93,-1.314008631158602e-06,5.8021628180748545e-06
0205-SI9M5,congruent,94,-5.7421272256215905e-06,-5.233762690697213e-06
0205-SI9M5,congruent,95,7.882147094984487e-07,-1.600229664910336e-07
0205-SI9M5,congruent,96,4.329804260816252e-06,6.375730546224856e-06
0205-SI9M5,congruent,97,1.265585840010532e-06,-2.500107477519878e-06
0205-SI9M5,congruent,98,1.8166783983405755e-06,2.2850411761386013e-06
0205-SI9M5,congruent,99,-3.9117407059314697e-07,-1.8717288900876613e-06
0205-SI9M5,congruent,100,2.6699856514950548e-06,-1.0237570983241655e-06
0205-SI9M5,congruent,101,-7.3035491862519685e-06,-3.2546983371370857e-06
0205-SI9M5,congruent,102,1.6978202799403947e-06,-2.1929139108737103e-06
0205-SI9M5,congruent,103,5.801356136145189e-07,1.4782915603739942e-07
0205-SI9M5,congruent,104,9.33792548218986e-07,6.09435448148785e-07
0205-SI9M5,congruent,105,-1.5191460814438092e-06,1.1553514448689332e-06
0205-SI9M5,congruent,106,2.9726831015317133e-08,-2.6059175774558736e-06
0205-SI9M5,congruent,107,-2.4591904690033883e-06,-3.316678563595606e-06
0205-SI9M5,congruent,108,2.331576627194174e-06,-4.16674849146088e-06
0205-SI9M5,congruent,109,4.013924984269853e-08,2.653146400647076e-06
0205-SI9M5,congruent,110,2.9405630423948434e-06,-3.7338637614305444e-06
0205-SI9M5,congruent,111,6.305387169314643e-06,1.0667558988184611e-05
0205-SI9M5,congruent,112,-8.309189650035621e-06,-3.5027690476477674e-06
0205-SI9M5,congruent,113,3.3943983199190994e-06,6.298469544162904e-06
0205-SI9M5,congruent,114,1.5619018605481625e-06,7.479490414306145e-06
0205-SI9M5,congruent,115,-2.0692841189666836e-06,-2.0256980881804542e-06
0205-SI9M5,congruent,116,4.882554645545131e-06,1.0091161212997242e-06
0205-SI9M5,congruent,117,-5.2345344274628206e-06,2.3663964301872623e-06
0205-SI9M5,congruent,118,-3.7694601737640636e-07,1.480756557076318e-06
0205-SI9M5,congruent,119,-5.331162100371045e-07,4.6777061620234487e-07
0205-SI9M5,congruent,120,-3.6041230015856964e-06,6.579009910495185e-07
0205-SI9M5,congruent,121,1.6010706117945114e-06,-2.1252403331364135e-06
0205-SI9M5,congruent,122,1.553245705731523e-06,-1.2273183868010055e-07
0205-SI9M5,congruent,123,6.940158541077311e-06,3.883027117052811e-06
0205-SI9M5,congruent,124,2.1908686015510614e-06,2.8473239086711776e-06
0205-SI9M5,congruent,125,2.6788196590259035e-06,1.539818273731807e-06
0205-SI9M5,congruent,126,-1.2987948506103147e-06,1.0771555339195078e-06
0205-SI9M5,congruent,127,-3.440564277247777e-06,-5.6859937472724386e-06
0205-SI9M5,congruent,128,7.815411248918724e-06,8.640209688379089e-06
0205-SI9M5,congruent,129,-2.527501024797051e-06,6.533675526935741e-06
0205-SI9M5,congruent,130,-3.225138438668713e-06,-1.7630451237702303e-06
0205-SI9M5,congruent,131,3.5703658967405996e-06,3.8413474697291345e-06
0205-SI9M5,congruent,132,-4.9592108439046e-06,1.4921180510342852e-06
0205-SI9M5,congruent,133,1.613102833381348e-06,2.6829550812980997e-06
0205-SI9M5,congruent,134,7.804476459353666e-06,2.3761442501369604e-06
0205-SI9M5,congruent,135,-4.443717791133711e-06,-6.392960757084262e-06
0205-SI9M5,congruent,136,1.5179466488419202e-06,7.602735370252918e-06
0205-SI9M5,congruent,137,-2.4210815979843248e-06,-1.5094996742490313e-06
0205-SI9M5,congruent,138,3.26326316745227e-06,6.629943881440856e-06
0205-SI9M5,congruent,139,1.608177835419638e-06,-3.86283356426782e-06
0205-SI9M5,congruent,140,1.2582198649285338e-06,3.9358390189726805e-06
0205-SI9M5,congruent,141,1.01613749525734e-06,3.924072856571246e-07
0205-SI9M5,congruent,142,-6.020224107642673e-06,-2.396669537768512e-06
0205-SI9M5,congruent,143,-1.7499306375278456e-06,-2.0583485361542766e-06
0205-SI9M5,congruent,144,-1.4670292913139601e-06,-1.6386479815659025e-06
0205-SI9M5,congruent,145,-3.765653613531097e-06,-4.952760496946737e-06
0205-SI9M5,congruent,146,1.966207089441986e-06,2.126493211213106e-06
0205-SI9M5,congruent,147,2.939911224627076e-07,1.6148512343736698e-06
0205-SI9M5,congruent,148,-3.4057217984425226e-06,-4.598391879706544e-06
0205-SI9M5,congruent,149,3.835572432900259e-06,3.6299792795948965e-06
0205-SI9M5,congruent,150,-1.0050142516121927e-05,-6.052487862227992e-06
0205-SI9M5,congruent,151,-9.409790559324568e-06,-5.244302184740745e-06
0205-SI9M5,congruent,152,-5.344089231754529e-06,-5.326693696888319e-06
0205-SI9M5,congruent,153,2.7844770230266823e-06,-1.3062785514250004e-06
0205-SI9M5,congruent,154,-1.0599564436753598e-06,-1.9457152657909387e-06
0205-SI9M5,congruent,155,-7.028556288107659e-07,-2.7914632285241113e-06
0205-SI9M5,congruent,156,5.27505129154966e-06,5.107507944967956e-06
0205-SI9M5,congruent,157,9.115440468155524e-06,2.0446030277841746e-06
0205-SI9M5,congruent,158,3.0104376796391325e-06,5.011182044488671e-06
0205-SI9M5,congruent,159,-6.238918901716406e-07,-6.155369257932476e-06
0205-SI9M5,congruent,160,8.78928761542599e-06,7.221260089356101e-06
0205-SI9M5,congruent,161,-4.234699547931221e-06,1.508626013077588e-06
0205-SI9M5,congruent,162,-6.702586746288176e-06,-2.0507274678171627e-06
0205-SI9M5,congruent,163,3.4601380572257906e-06,4.839092013938047e-06
0205-SI9M5,congruent,164,-3.7101465304297166e-06,4.056064668425906e-06
0205-SI9M5,congruent,165,-3.1279626600936785e-06,-4.022008170964565e-07
0205-SI9M5,congruent,166,2.950977733736292e-06,3.725424498141113e-06
0205-SI9M5,congruent,167,-3.3120957315308315e-07,-4.5340626586408696e-06
0205-SI9M5,congruent,168,-4.852979550749775e-06,-6.25130844017692e-06
0205-SI9M5,congruent,169,3.0845410093564982e-06,1.810147409900249e-06
0205-SI9M5,congruent,170,2.8318611429707694e-06,3.970588289116366e-06
0205-SI9M5,congruent,171,-7.317045761951109e-08,-6.782286940146517e-07
0205-SI9M5,congruent,172,2.489842857165194e-06,5.018479262348737e-06
0205-SI9M5,congruent,173,-2.064257978407481e-06,-4.472591930048633e-06
0205-SI9M5,congruent,174,5.463320999276969e-07,2.3598240544935403e-06
0205-SI9M5,congruent,175,-1.076963400899439e-06,4.4235029993179834e-06
0205-SI9M5,congruent,176,1.5334215836893828e-06,-2.7389523350065314e-06
0205-SI9M5,congruent,177,-1.1294111873993654e-06,-2.958024359010921e-06
0205-SI9M5,congruent,178,6.019718368238494e-06,6.330592847787116e-06
0205-SI9M5,congruent,179,3.6257848919599077e-06,-1.9924557703609807e-06
0205-SI9M5,congruent,180,-2.8827450780763035e-06,-4.830419796871135e-06
0205-SI9M5,congruent,181,7.323687030397445e-08,1.2171422713784207e-06
0205-SI9M5,congruent,182,1.1510974435140887e-06,1.4811115308832118e-06
0205-SI9M5,congruent,183,-6.4821887687731195e-06,-3.970759643426617e-06
0205-SI9M5,congruent,184,1.6800272672898353e-06,7.128170228609429e-07
0205-SI9M5,congruent,185,1.6959613636508913e-06,4.100880865189053e-06
0205-SI9M5,congruent,186,-3.038684642448735e-06,1.5458676433775043e-06
0205-SI9M5,congruent,187,-3.818293279181605e-06,-1.697456423219101e-06
0205-SI9M5,congruent,188,4.958341689758708e-06,-6.921233583815733e-07
0205-SI9M5,congruent,189,1.6166590843382257e-06,3.1671185429566304e-06
0205-SI9M5,congruent,190,2.8296185636200405e-06,3.281063697515619e-07
0205-SI9M5,congruent,191,2.9135373585774214e-06,4.443899739541814e-06
0205-SI9M5,congruent,192,-2.013587067955008e-06,3.1501414057510555e-06
0205-SI9M5,congruent,193,-4.9650735588258445e-06,-4.83603131864158e-06
0205-SI9M5,congruent,194,-1.1888630825044946e-07,-2.3087523662878337e-06
0205-SI9M5,congruent,195,2.6551913439193065e-06,2.4981310795763056e-06
0205-SI9M5,congruent,196,5.032368486788651e-06,5.318628467582636e-06
0205-SI9M5,congruent,197,2.698161560372181e-06,4.937561607659319e-06
0205-SI9M5,congruent,198,-6.776670480127128e-06,-3.553418443421313e-06
0205-SI9M5,congruent,199,-1.7671512033727183e-06,-6.405842335709727e-06
0205-SI9M5,congruent,200,1.6101213912450903e-06,1.8449532704143376e-06
0205-SI9M5,congruent,201,1.352906260526756e-06,-5.461416459094429e-07
0205-SI9M5,congruent,202,-7.029095009303945e-06,-1.4608067546437376e-06
0205-SI9M5,congruent,203,3.93187436706844e-06,5.0796002227136056e-06
0205-SI9M5,congruent,204,-2.0780454747567967e-06,7.178792953368165e-07
0205-SI9M5,congruent,205,-2.5714626302459716e-06,2.212893938628433e-06
0205-SI9M5,congruent,206,1.6039411186479583e-06,3.979749890412152e-07
0205-SI9M5,congruent,207,7.028125008111404e-07,1.4314183652255757e-06
0205-SI9M5,congruent,208,-7.009111541230486e-06,-4.09745252008506e-06
0205-SI9M5,congruent,209,1.7235616515588637e-06,-1.5192169549408928e-06
0205-SI9M5,congruent,210,8.328328600118188e-07,-1.8099414202111212e-06
0205-SI9M5,congruent,211,-2.0198345844513125e-06,1.7963356237809853e-06
0205-SI9M5,congruent,212,6.3750903942851535e-06,2.628872350125639e-06
0205-SI9M5,congruent,213,-3.2590454660458364e-06,-2.798938772929009e-07
0205-SI9M5,incongruent,0,-6.3958184244535435e-06,-2.480766848995069e-06
0205-SI9M5,incongruent,1,-1.8837733008245171e-06,4.223013633972186e-06
0205-SI9M5,incongruent,2,-3.3501602374940483e-06,-4.510961909530109e-06
0205-SI9M5,incongruent,3,3.107783983167632e-06,3.8192896709332304e-06
0205-SI9M5,incongruent,4,-2.3424570454921075e-06,1.176266791279412e-06
0205-SI9M5,incongruent,5,1.5701498625796806e-06,4.521365151814333e-06
0205-SI9M5,incongruent,6,1.0367696823701188e-06,1.1618669400566296e-06
0205-SI9M5,incongruent,7,9.067366302244152e-07,-4.569315873153783e-07
0205-SI9M5,incongruent,8,-8.964271678962659e-07,-7.395509489231592e-06
0205-SI9M5,incongruent,9,5.803630668041763e-07,7.808880353763806e-06
0205-SI9M5,incongruent,10,-3.0616618359975062e-06,-1.8814879254641123e-06
0205-SI9M5,incongruent,11,-5.202416594134233e-06,-1.2244082036010792e-05
0205-SI9M5,incongruent,12,-5.536760683007273e-07,-2.66752175963622e-06
0205-SI9M5,incongruent,13,-2.80404604243016e-07,-5.299826649598024e-06
0205-SI9M5,incongruent,14,3.6237686454456956e-06,1.6391219500413779e-06
0205-SI9M5,incongruent,15,2.100975641555315e-06,-1.5749395993847553e-06
0205-SI9M5,incongruent,16,1.8520476538195442e-06,1.5980439435591561e-06
0205-SI9M5,incongruent,17,-6.204661179367972e-07,1.585651530299089e-06
0205-SI9M5,incongruent,18,3.3622227789820818e-06,-1.1592017979261423e-06
0205-SI9M5,incongruent,19,-4.248850185249697e-07,-1.662256481238316e-06
0205-SI9M5,incongruent,20,-4.68441804430491e-06,-3.6248411076123885e-06
0205-SI9M5,incongruent,21,-5.927132709120527e-06,2.349622635963119e-06
0205-SI9M5,incongruent,22,2.0919462421824073e-06,1.738575745751883e-06
0205-SI9M5,incongruent,23,3.5215292016099103e-06,3.697472671890693e-06
0205-SI9M5,incongruent,24,-1.8741111522648176e-06,-7.313573926639598e-07
0205-SI9M5,incongruent,25,-1.657089829315695e-06,-6.758045107585394e-07
0205-SI9M5,incongruent,26,-2.593095328812894e-06,1.841462589195102e-06
0205-SI9M5,incongruent,27,-3.866575869640851e-06,-3.9299634655477275e-06
0205-SI9M5,incongruent,28,2.7930689001717015e-06,3.480731605847688e-06
0205-SI9M5,incongruent,29,2.1343073142038284e-06,1.3294343869638614e-06
0205-SI9M5,incongruent,30,3.420449857011578e-06,6.873820453602196e-06
0205-SI9M5,incongruent,31,-2.874075240709415e-07,-2.9186737701175915e-06
0205-SI9M5,incongruent,32,-1.4654960567225173e-06,-1.2583963429089798e-06
0205-SI9M5,incongruent,33,2.9240279714863983e-06,4.111627428430077e-06
0205-SI9M5,incongruent,34,3.0122911328198004e-06,-7.878343196967464e-07
0205-SI9M5,incongruent,35,1.4378777219806765e-06,1.7817204097557815e-06
0205-SI9M5,incongruent,36,1.3729806313330933e-06,2.6536462429337875e-06
0205-SI9M5,incongruent,37,-1.6637942735033133e-06,3.5934536209191653e-06
0205-SI9M5,incongruent,38,1.6870628102815685e-06,-3.280180273423545e-06
0205-SI9M5,incongruent,39,-1.0607673401218251e-06,3.318298857443163e-07
0205-SI9M5,incongruent,40,-2.39896588540004e-06,1.018403688480934e-06
0205-SI9M5,incongruent,41,2.0193891986566895e-06,1.2786632392078762e-06
0205-SI9M5,incongruent,42,4.243949362170038e-06,8.877381334494595e-07
0205-SI9M5,incongruent,43,4.290677447028974e-06,1.0652656252301508e-05
0205-SI9M5,incongruent,44,2.1002593110551417e-07,4.2235183433720006e-07
0205-SI9M5,incongruent,45,5.66478975266859e-06,4.2465757650244625e-06
0205-SI9M5,incongruent,46,3.6620745784315865e-07,2.6155195788053342e-06
0205-SI9M5,incongruent,47,-4.5490369817845196e-06,-1.049356837503607e-06
0205-SI9M5,incongruent,48,6.18646125575485e-07,3.7023809106107073e-06
0205-SI9M5,incongruent,49,-4.837177853633038e-07,8.337552323713033e-07
0205-SI9M5,incongruent,50,2.6939896150350584e-06,5.7792206032316465e-06
0205-SI9M5,incongruent,51,5.130082845141451e-07,-1.4879079492725334e-06
0205-SI9M5,incongruent,52,4.146922959213454e-06,3.1453655857396927e-06
0205-SI9M5,incongruent,53,1.2410779440019032e-06,5.570316572812687e-06
0205-SI9M5,incongruent,54,6.197097914039167e-06,7.118500729247841e-06
0205-SI9M5,incongruent,55,-9.380054723516463e-06,-2.4940995212591673e-06
0205-SI9M5,incongruent,56,-3.5563728908210897e-06,-4.818273991212034e-07
0205-SI9M5,incongruent,57,2.5348979071318936e-07,1.8352757976452043e-06
0205-SI9M5,incongruent,58,7.702990043868748e-07,-4.181963973812162e-07
0205-SI9M5,incongruent,59,3.3026036805464063e-06,7.5690581328155e-07
0205-SI9M5,incongruent,60,-1.8565946356219598e-06,-3.35238938429111e-06
0205-SI9M5,incongruent,61,-2.845276755397233e-06,-4.568779064642515e-06
0205-SI9M5,incongruent,62,-9.182253901442334e-07,1.3614728360754591e-06
0205-SI9M5,incongruent,63,-4.206664079299978e-06,3.5353546090550514e-07
0205-SI9M5,incongruent,64,2.711685452130857e-07,4.371573988582725e-06
0205-SI9M5,incongruent,65,-3.277914797288677e-06,-4.3162151611302886e-07
0205-SI9M5,incongruent,66,-3.713197355067522e-06,1.8399144641037767e-06
0205-SI9M5,incongruent,67,-1.2003572845539371e-06,8.032681475179537e-07
0205-SI9M5,incongruent,68,-1.9897056383155732e-06,-3.937326030349525e-06
0205-SI9M5,incongruent,69,4.452761651761323e-06,3.3101466771340837e-06
0205-SI9M5,incongruent,70,6.4155790196487386e-06,6.872069652014614e-06
0206-KRPM3,congruent,0,-2.075621766030191e-06,4.086000172734257e-07
0206-KRPM3,congruent,1,1.8564612101476215e-07,1.2834815668618727e-06
0206-KRPM3,congruent,2,4.91315028563337e-08,2.1088212673716164e-06
0206-KRPM3,congruent,3,5.130928302240957e-06,2.722749713301688e-06
0206-KRPM3,congruent,4,-1.059986533680265e-06,-1.9495617450167746e-06
0206-KRPM3,congruent,5,-1.115474284873895e-06,-7.413568117559203e-07
0206-KRPM3,congruent,6,6.636199042675024e-06,3.323025994657091e-06
0206-KRPM3,congruent,7,1.025880700275307e-05,4.373776767194476e-06
0206-KRPM3,congruent,8,8.54615481419529e-07,-4.115569666261246e-06
0206-KRPM3,congruent,9,4.7731771078687445e-06,-2.4882096731298535e-06
0206-KRPM3,congruent,10,6.993988105747785e-06,8.068528160305035e-06
0206-KRPM3,congruent,11,1.8495832593275241e-06,-3.24205811847188e-06
0206-KRPM3,congruent,12,4.658956120787464e-06,3.5881833309015303e-06
0206-KRPM3,congruent,13,1.0551917785649537e-06,-6.286844222779148e-07
0206-KRPM3,congruent,14,5.605851108207672e-06,-4.8097542137216466e-06
0206-KRPM3,congruent,15,7.063305691538254e-06,7.362447136758393e-06
0206-KRPM3,congruent,16,1.1500400244878274e-06,-6.816657248411628e-07
0206-KRPM3,congruent,17,-2.9737176127509296e-07,-4.192774124077103e-06
0206-KRPM3,congruent,18,9.439667550750069e-06,4.303518383980945e-06
0206-KRPM3,congruent,19,-1.2226619732053398e-06,5.326994321814221e-07
0206-KRPM3,congruent,20,-9.139093340377068e-07,4.3167288088504e-06
0206-KRPM3,congruent,21,-2.2190217192844476e-06,3.000683755002641e-06
0206-KRPM3,congruent,22,-4.3147287377410496e-06,-3.5853065355965677e-06
0206-KRPM3,congruent,23,1.5985819942936114e-07,-7.035835888439798e-06
0206-KRPM3,congruent,24,7.846197865333244e-06,4.923935439877804e-06
0206-KRPM3,congruent,25,-5.200711887430462e-06,2.7495989813935445e-06
0206-KRPM3,congruent,26,3.0036670585981953e-06,6.07683470824489e-07
0206-KRPM3,congruent,27,1.0302598252375247e-05,1.1774056525101705e-05
0206-KRPM3,congruent,28,9.960999628184447e-07,-1.7627250971379488e-06
0206-KRPM3,congruent,29,-1.3959015763678756e-06,1.8989438432306099e-06
0206-KRPM3,congruent,30,2.8582109334424673e-06,1.8643163311498426e-06
0206-KRPM3,congruent,31,5.62458012877175e-06,6.691906966877318e-06
0206-KRPM3,congruent,32,1.7113871085191152e-06,4.47554256548612e-06
0206-KRPM3,congruent,33,4.472284208224523e-06,-9.10019285564712e-07
0206-KRPM3,congruent,34,4.684571194980313e-06,4.148622966827006e-06
0206-KRPM3,congruent,35,6.429759020073883e-06,1.3733757456312065e-06
0206-KRPM3,congruent,36,6.206139994642908e-06,5.639778515663784e-06
0206-KRPM3,congruent,37,1.2360095637566166e-06,-2.9983861785450123e-06
0206-KRPM3,congruent,38,7.914604009126183e-06,5.165320916979372e-06
0206-KRPM3,congruent,39,-1.0648731881282472e-05,-1.2716549905682029e-05
0206-KRPM3,congruent,40,-2.6949872784126544e-06,5.317204746389749e-06
0206-KRPM3,congruent,41,-1.2219514589797775e-05,-7.489720511822314e-06
0206-KRPM3,congruent,42,8.976501644549602e-07,-4.634823302399416e-06
0206-KRPM3,congruent,43,6.834244562458294e-06,8.374854118965335e-06
0206-KRPM3,congruent,44,5.937826506260849e-06,-8.197818608742673e-06
0206-KRPM3,congruent,45,7.666039048696423e-06,5.446367480432565e-06
0206-KRPM3,congruent,46,-1.5127418275287482e-06,3.506313548490673e-06
0206-KRPM3,congruent,47,-8.48331315322698e-06,-8.24012550860692e-06
0206-KRPM3,congruent,48,-4.608590040738746e-06,-3.8385062008103744e-06
0206-KRPM3,congruent,49,4.5766659469699074e-06,1.9656638600652294e-06
0206-KRPM3,congruent,50,2.725347465052772e-06,1.4649520756149864e-06
0206-KRPM3,congruent,51,-1.2630268923082702e-06,-1.7807735498492833e-06
0206-KRPM3,congruent,52,-2.7828407111713436e-06,-2.4494484147924322e-06
0206-KRPM3,congruent,53,-4.73421151727458e-06,-2.684025274516827e-06
0206-KRPM3,congruent,54,5.97412855490236e-06,-6.177315627978006e-06
0206-KRPM3,congruent,55,1.306970632246512e-05,8.646163898578394e-06
0206-KRPM3,congruent,56,-2.5447558978664763e-06,-3.275200270137689e-06
0206-KRPM3,congruent,57,6.276236054664445e-06,5.784202715768228e-06
0206-KRPM3,congruent,58,-1.6511559689647675e-06,2.8466281302159187e-08
0206-KRPM3,congruent,59,-4.1798452187080015e-06,-4.497144380805114e-06
0206-KRPM3,congruent,60,1.5752019575084374e-07,-2.5596980488766888e-06
0206-KRPM3,congruent,61,1.1396378727540304e-06,1.2363464536514884e-06
0206-KRPM3,congruent,62,-3.0798283250046886e-06,2.1954052987291604e-06
0206-KRPM3,congruent,63,4.696659088977554e-06,-1.993582168732794e-06
0206-KRPM3,congruent,64,-4.016477854178724e-07,-1.854736704959209e-06
0206-KRPM3,congruent,65,-1.1959763329639815e-06,-5.879351407495678e-07
0206-KRPM3,congruent,66,2.36983070982674e-07,-7.268776385089467e-06
0206-KRPM3,congruent,67,8.136286282818377e-06,6.430634297230759e-06
0206-KRPM3,congruent,68,-6.215373621227127e-07,-4.87005305999316e-06
0206-KRPM3,congruent,69,6.929605150188859e-06,3.4137041438229623e-06
0206-KRPM3,congruent,70,-1.813136121371095e-06,2.791526526116387e-06
0206-KRPM3,congruent,71,4.800251919876447e-06,-1.3593410208946747e-06
0206-KRPM3,congruent,72,7.118320290228106e-06,-1.3575380037919144e-06
0206-KRPM3,congruent,73,2.8743357124131963e-06,-1.8849978804986272e-06
0206-KRPM3,congruent,74,8.254018071890566e-06,-3.3409931556175237e-07
0206-KRPM3,congruent,75,-2.5601489549234707e-06,-9.800681875259438e-06
0206-KRPM3,congruent,76,-2.8825980162726287e-06,6.053187072640917e-07
0206-KRPM3,congruent,77,-4.723698675578662e-06,2.382343507790044e-07
0206-KRPM3,congruent,78,-3.6821894802401017e-06,-1.852401838867769e-06
0206-KRPM3,congruent,79,2.717073075814672e-06,2.077288397132128e-06
0206-KRPM3,congruent,80,4.399769489700276e-06,6.543557090433113e-06
0206-KRPM3,congruent,81,-8.450638426526943e-06,-3.883282562160054e-06
0206-KRPM3,congruent,82,4.275487564465082e-06,-5.935612174728448e-06
0206-KRPM3,congruent,83,1.950273697967296e-06,-3.4875599455603556e-06
0206-KRPM3,congruent,84,7.601244431954515e-06,1.9440980304006004e-06
0206-KRPM3,congruent,85,-4.796782968307243e-07,-1.0053072946438803e-06
0206-KRPM3,congruent,86,6.947874039320496e-06,1.965710741918813e-07
0206-KRPM3,congruent,87,5.099708321382746e-06,1.9774815802643e-06
0206-KRPM3,congruent,88,2.3274615264920077e-06,1.7360266750756374e-06
0206-KRPM3,congruent,89,-1.3857642414120694e-06,-6.202335595206529e-07
0206-KRPM3,congruent,90,2.627720075160028e-06,-7.008344961156278e-07
0206-KRPM3,congruent,91,9.305518161624163e-06,-8.254598449360006e-07
0206-KRPM3,congruent,92,1.4010706295657173e-06,-2.9008890537521505e-06
0206-KRPM3,congruent,93,-7.312824953659487e-07,-4.908725497402233e-06
0206-KRPM3,congruent,94,3.826986202160867e-06,-1.9119765940285667e-06
0206-KRPM3,congruent,95,3.521897196089985e-06,2.7442648522823437e-06
0206-KRPM3,congruent,96,-3.582177699301177e-06,-3.027018062874958e-06
0206-KRPM3,congruent,97,2.0424786592042918e-06,-2.2934638755077294e-06
0206-KRPM3,congruent,98,-9.327531612594717e-07,5.7755522432946615e-06
0206-KRPM3,congruent,99,-3.002173679214734e-06,-7.640022870963995e-06
0206-KRPM3,congruent,100,8.786539114432091e-07,-1.6977336172971406e-06
0206-KRPM3,congruent,101,1.2206490532414596e-06,1.8200248126903854e-06
0206-KRPM3,congruent,102,1.227710875815702e-06,-4.344591714220265e-06
0206-KRPM3,congruent,103,8.985564737068081e-06,4.0494288523038966e-06
0206-KRPM3,congruent,104,7.000467902896852e-06,3.051475330607742e-07
0206-KRPM3,congruent,105,1.1342629029652982e-05,1.0044883657554595e-06
0206-KRPM3,congruent,106,4.264921003996588e-06,6.379263558379385e-07
0206-KRPM3,congruent,107,5.227923525101312e-06,-3.383378656857848e-06
0206-KRPM3,congruent,108,2.358238092888814e-06,-2.777462225457851e-06
0206-KRPM3,congruent,109,-6.891211910422733e-07,9.77091310593065e-06
0206-KRPM3,congruent,110,7.94241674884087e-06,-3.219341295694022e-07
0206-KRPM3,congruent,111,6.7922959913933745e-06,-8.986261385509758e-07
0206-KRPM3,congruent,112,-4.073740016049959e-06,-2.235196629261511e-06
0206-KRPM3,congruent,113,7.449968088164799e-06,4.647664573318831e-06
0206-KRPM3,congruent,114,6.940698332330029e-06,2.405288373435526e-06
0206-KRPM3,congruent,115,4.018839597438146e-06,2.7587330987801397e-06
0206-KRPM3,congruent,116,7.581302001478824e-06,7.622976198196342e-06
0206-KRPM3,congruent,117,5.6104634825483075e-06,2.376531292760844e-06
0206-KRPM3,congruent,118,6.131045188284701e-06,-8.902185848229277e-07
0206-KRPM3,congruent,119,-1.840280048735814e-09,-2.4615683583742633e-06
0206-KRPM3,congruent,120,9.326048422939517e-06,3.450384127327017e-06
0206-KRPM3,congruent,121,5.354112239352612e-06,5.176057490586457e-06
0206-KRPM3,congruent,122,2.2122756887005773e-07,-5.176422138364519e-08
0206-KRPM3,congruent,123,3.6307896985212564e-07,3.7042876154167062e-06
0206-KRPM3,congruent,124,4.325896140104025e-06,6.285895932680878e-07
0206-KRPM3,congruent,125,6.9424984623960656e-06,4.8931347562745175e-06
0206-KRPM3,congruent,126,-5.937970608929036e-07,-4.815071693284071e-06
0206-KRPM3,congruent,127,3.452326431353145e-06,7.505357197991039e-06
0206-KRPM3,congruent,128,-7.922164894398828e-07,-4.06941742456355e-06
0206-KRPM3,congruent,129,7.780525692681723e-06,1.547994694839288e-06
0206-KRPM3,congruent,130,8.109049767961665e-06,-4.695222769115497e-06
0206-KRPM3,congruent,131,1.484387788131434e-05,7.236491208180329e-06
0206-KRPM3,congruent,132,1.0911470055251337e-05,3.1710855030772207e-06
0206-KRPM3,congruent,133,8.080788150341612e-06,4.991444643314906e-06
0206-KRPM3,congruent,134,1.1459741606862186e-06,-2.4998186246195076e-06
0206-KRPM3,congruent,135,3.562132134423004e-06,4.647212253787177e-06
0206-KRPM3,congruent,136,1.215265250148571e-06,4.3910246638605255e-06
0206-KRPM3,congruent,137,-2.7321599942667864e-06,3.2395180570186045e-06
0206-KRPM3,congruent,138,-8.923250676412417e-06,-5.902907707929344e-06
0206-KRPM3,congruent,139,-2.4520969595303183e-06,-1.5708315670289096e-06
0206-KRPM3,congruent,140,-5.215910287169775e-07,-5.688071993029331e-06
0206-KRPM3,congruent,141,5.69474147867007e-06,1.8095327232750047e-06
0206-KRPM3,congruent,142,1.08019465461141e-05,8.234195948398999e-06
0206-KRPM3,congruent,143,3.760898453302215e-06,2.346482246651197e-06
0206-KRPM3,congruent,144,-8.582436313789283e-07,-1.2075924887752937e-06
0206-KRPM3,congruent,145,5.205364684972474e-06,-4.92549130607847e-06
0206-KRPM3,congruent,146,2.0892478959960477e-06,-2.9822194992226144e-06
0206-KRPM3,congruent,147,6.1607461514644175e-06,2.509880742701974e-06
0206-KRPM3,congruent,148,7.488008982990646e-06,3.8095153607564927e-06
0206-KRPM3,congruent,149,7.297665137554091e-06,1.912887730723416e-06
0206-KRPM3,congruent,150,6.898243168192114e-06,6.760232531184069e-06
0206-KRPM3,congruent,151,3.1845337106052145e-07,1.8142437882358393e-06
0206-KRPM3,congruent,152,1.0455968960577225e-05,3.8113661126182967e-06
0206-KRPM3,congruent,153,5.845276928329983e-06,3.5160303907849685e-06
0206-KRPM3,congruent,154,6.809534785132806e-07,-2.483704387412077e-06
0206-KRPM3,congruent,155,4.86332162976979e-06,-2.962572139806449e-06
0206-KRPM3,congruent,156,5.55019223870425e-06,5.863124316069183e-06
0206-KRPM3,congruent,157,-1.2360383067509959e-06,9.290599220970284e-07
0206-KRPM3,congruent,158,-2.8213105648969247e-06,-2.242015134277938e-06
0206-KRPM3,congruent,159,-2.0319064822777672e-07,-7.251057481027067e-06
0206-KRPM3,congruent,160,2.339359037200647e-06,-2.7674694424822015e-06
0206-KRPM3,congruent,161,5.504142503956091e-06,-1.6676865618345758e-06
0206-KRPM3,congruent,162,4.04214673213409e-06,-3.0901737718516454e-06
0206-KRPM3,congruent,163,5.241331176191691e-06,-5.856990364155065e-09
0206-KRPM3,congruent,164,-5.29414028735692e-06,-9.1189754683236e-06
0206-KRPM3,congruent,165,2.3629660789147956e-06,6.502619923979872e-07
0206-KRPM3,congruent,166,-5.472260977138247e-07,-1.8670720226030595e-07
0206-KRPM3,congruent,167,3.1664778056056603e-06,1.988968228041728e-06
0206-KRPM3,congruent,168,2.3208198336067917e-06,1.150446832646084e-06
0206-KRPM3,congruent,169,-1.5747192230227808e-06,-4.1929683936324004e-07
0206-KRPM3,congruent,170,5.9366542269845174e-06,8.273768797485675e-06
0206-KRPM3,congruent,171,6.435285789735473e-07,-5.360885562586585e-07
0206-KRPM3,congruent,172,8.558995492962528e-06,3.95914194623068e-06
0206-KRPM3,congruent,173,7.474249327140974e-06,1.333124620838676e-06
0206-KRPM3,congruent,174,7.1225471684496915e-06,3.5320254079308297e-06
0206-KRPM3,congruent,175,6.260150628389627e-06,2.0303587246476057e-06
0206-KRPM3,congruent,176,5.0217755103763065e-06,2.2966061876349912e-06
0206-KRPM3,congruent,177,-1.4342991048789937e-06,-1.5525767809841422e-06
0206-KRPM3,congruent,178,2.0921069990076986e-06,-4.014190420243198e-06
0206-KRPM3,congruent,179,2.5901360333550666e-06,-1.7732281739564423e-06
0206-KRPM3,congruent,180,7.042465554098964e-06,1.7906340026486374e-06
0206-KRPM3,congruent,181,1.4830609217366515e-06,-1.8366663553029133e-06
0206-KRPM3,congruent,182,-2.917196299375263e-06,-7.328986620324105e-06
0206-KRPM3,congruent,183,7.861101624654948e-06,-9.842802399638859e-08
0206-KRPM3,congruent,184,4.260201708407763e-06,5.912713252662973e-06
0206-KRPM3,congruent,185,9.347674244271933e-07,-8.927632929910449e-06
0206-KRPM3,congruent,186,7.805970007741496e-06,1.5943292605040813e-06
0206-KRPM3,congruent,187,9.786073589060512e-06,3.2387938366482677e-06
0206-KRPM3,congruent,188,3.155001371819269e-06,-4.5986709619427355e-06
0206-KRPM3,congruent,189,8.904752470211633e-06,7.977332391448084e-06
0206-KRPM3,congruent,190,1.0674704946142321e-06,-2.0752849318332927e-06
0206-KRPM3,congruent,191,1.1968621366022135e-05,1.8887058501578351e-06
0206-KRPM3,congruent,192,1.2740033660839375e-06,1.190942240158414e-06
0206-KRPM3,congruent,193,-5.68970408761497e-07,-3.949532914411836e-06
0206-KRPM3,congruent,194,3.3490153984356153e-06,-9.039407208243117e-08
0206-KRPM3,congruent,195,3.5035951005394925e-06,-5.482555092803268e-06
0206-KRPM3,congruent,196,1.0973247329881766e-05,6.282632062418383e-06
0206-KRPM3,congruent,197,4.050993932031948e-06,2.060310296873516e-06
0206-KRPM3,congruent,198,5.346341017204036e-06,1.7330132567798732e-06
0206-KRPM3,congruent,199,6.54074792688281e-07,1.41921799394214e-06
0206-KRPM3,congruent,200,6.706185460236742e-06,6.2622718091865e-07
0206-KRPM3,congruent,201,4.433990635571963e-06,5.470840208247131e-06
0206-KRPM3,congruent,202,-1.7551968053553628e-06,-3.1967907927225764e-06
0206-KRPM3,congruent,203,9.784434204727424e-07,3.080847514277143e-06
0206-KRPM3,incongruent,0,5.006891519559721e-06,3.9793459440348765e-06
0206-KRPM3,incongruent,1,6.4157272901404795e-06,2.5644885118071696e-06
0206-KRPM3,incongruent,2,7.775680297108186e-06,6.39956796843126e-07
0206-KRPM3,incongruent,3,7.847124828668854e-07,-2.5702544074757366e-06
0206-KRPM3,incongruent,4,-2.231302964269352e-06,-2.2026640837711773e-06
0206-KRPM3,incongruent,5,4.00244823604894e-06,5.807140535294919e-06
0206-KRPM3,incongruent,6,6.336911716268554e-06,2.589642672129353e-06
0206-KRPM3,incongruent,7,2.52488008007585e-06,3.2010094585037455e-06
0206-KRPM3,incongruent,8,3.3743876457006553e-06,3.7101335926675375e-06
0206-KRPM3,incongruent,9,8.329795267827343e-06,5.77678867829275e-06
0206-KRPM3,incongruent,10,-1.040673443803792e-07,3.4271307248169563e-06
0206-KRPM3,incongruent,11,-1.4666205631902576e-06,5.283628880014772e-06
0206-KRPM3,incongruent,12,1.8205475093007666e-06,-2.1883653689488242e-07
0206-KRPM3,incongruent,13,-4.463065011726166e-06,-5.143112600871012e-06
0206-KRPM3,incongruent,14,3.5889663167978107e-06,-1.1814965350302286e-06
0206-KRPM3,incongruent,15,2.446402526543329e-06,5.714761988584573e-07
0206-KRPM3,incongruent,16,-1.0905543765996911e-06,-1.377417635673616e-06
0206-KRPM3,incongruent,17,8.137466798184728e-06,4.8565616738317495e-06
0206-KRPM3,incongruent,18,1.9621787883823292e-06,-1.7078390921999054e-06
0206-KRPM3,incongruent,19,1.2781681884229302e-06,1.4973467320524336e-06
0206-KRPM3,incongruent,20,-5.591321352236624e-07,1.9129110227196594e-06
0206-KRPM3,incongruent,21,2.589832145262887e-06,-2.4428817199113124e-06
0206-KRPM3,incongruent,22,1.8623810465304152e-06,-2.9692710970115232e-06
0206-KRPM3,incongruent,23,1.2092451741371822e-06,-4.226702671873975e-06
0206-KRPM3,incongruent,24,-5.732758563385982e-06,-1.7835539516661254e-06
0206-KRPM3,incongruent,25,4.529631469295296e-06,1.451288666768261e-06
0206-KRPM3,incongruent,26,7.736802091267753e-06,5.634183247649049e-06
0206-KRPM3,incongruent,27,1.5550189473444379e-06,1.5420920195400152e-06
0206-KRPM3,incongruent,28,4.866180001169597e-06,1.1657237759808545e-06
0206-KRPM3,incongruent,29,4.19982491201329e-06,1.4673220000710073e-06
0206-KRPM3,incongruent,30,-1.2076592929101829e-06,-9.041554319344688e-07
0206-KRPM3,incongruent,31,-2.19194824120044e-06,-5.002827866061915e-06
0206-KRPM3,incongruent,32,1.0181891987855826e-05,4.358056122350034e-06
0206-KRPM3,incongruent,33,6.0962362045076775e-06,5.753158180253798e-06
0206-KRPM3,incongruent,34,5.946137726303691e-06,4.2643373762357505e-06
0206-KRPM3,incongruent,35,4.037852363567714e-06,-3.0303507596156744e-06
0206-KRPM3,incongruent,36,2.4502545094128817e-06,2.2986462219512758e-06
0206-KRPM3,incongruent,37,2.3551130695963154e-06,1.5669297314676026e-06
0206-KRPM3,incongruent,38,-1.7941989488022113e-06,-2.6492343231411852e-06
0206-KRPM3,incongruent,39,7.48116947868739e-06,-5.2789443515324756e-08
0206-KRPM3,incongruent,40,-2.8331925199428484e-06,7.237635468825336e-07
0206-KRPM3,incongruent,41,1.130918862129016e-06,1.5512531663348004e-06
0206-KRPM3,incongruent,42,6.076638723269373e-06,7.234342112856859e-06
0206-KRPM3,incongruent,43,3.539455924722261e-07,-1.6232725927449842e-06
0206-KRPM3,incongruent,44,4.040816796901442e-06,5.394826299924937e-06
0206-KRPM3,incongruent,45,-3.797128923580205e-06,-3.6170254359900255e-06
0206-KRPM3,incongruent,46,8.534447278761907e-06,-9.178952165634132e-07
0206-KRPM3,incongruent,47,1.219505937002193e-06,-2.184733514723506e-06
0206-KRPM3,incongruent,48,1.6679301080357167e-06,1.3100835665084714e-06
0206-KRPM3,incongruent,49,4.0597498899230706e-06,-2.3457915141339405e-07
0206-KRPM3,incongruent,50,1.9162670063376465e-06,1.6934319485665802e-07
0206-KRPM3,incongruent,51,4.0226818419011636e-06,2.5108439951498886e-06
0206-KRPM3,incongruent,52,6.835263774466427e-06,7.3987836146789565e-06
0206-KRPM3,incongruent,53,4.317852645456942e-07,-6.8361897423534145e-06
0206-KRPM3,incongruent,54,9.766252375230488e-06,9.741521234399108e-07
0206-KRPM3,incongruent,55,1.9950004459884817e-07,-1.2933293232434073e-06
0206-KRPM3,incongruent,56,-1.0032384694739942e-05,-1.00432336142236e-05
0206-KRPM3,incongruent,57,4.329933730053892e-06,-1.5017631258329033e-06
0206-KRPM3,incongruent,58,3.574995220445432e-06,-1.5815884829715205e-06
0206-KRPM3,incongruent,59,5.728387958433612e-06,-2.6672475316412393e-06
0206-KRPM3,incongruent,60,2.654387237566993e-06,-3.4489157290359925e-06
0206-KRPM3,incongruent,61,-7.210810364906101e-07,-1.584627560994771e-06
0206-KRPM3,incongruent,62,4.01155843982439e-06,-5.01728228083689e-07
0206-KRPM3,incongruent,63,1.7716236871234156e-06,-1.2960999344421291e-06
0206-KRPM3,incongruent,64,-1.6721684552628043e-06,-6.629116131668606e-06
0206-KRPM3,incongruent,65,-1.535494847164939e-07,1.633787324991286e-06
0206-KRPM3,incongruent,66,1.3889765690841256e-06,-3.8821789652611755e-06
0206-KRPM3,incongruent,67,-4.417136840618397e-06,2.050804318574625e-06
0206-KRPM3,incongruent,68,-4.304639381942893e-06,-3.1884039938736876e-06
0206-KRPM3,incongruent,69,1.166823409810735e-06,2.9713488495764515e-06
0206-KRPM3,incongruent,70,1.9178127254450874e-06,-9.170747927570121e-07
0131-EOWYL,congruent,0,7.385466680156416e-06,5.457181045651252e-06
0131-EOWYL,congruent,1,5.1625832758665985e-06,8.922327765899202e-07
0131-EOWYL,congruent,2,9.433270591560952e-06,7.106937600502672e-07
0131-EOWYL,congruent,3,9.674312746817439e-08,6.069434754827389e-07
0131-EOWYL,congruent,4,-3.663626233565795e-06,-1.638042206299425e-07
0131-EOWYL,congruent,5,1.42670080741303e-06,-7.120674598448755e-07
0131-EOWYL,congruent,6,1.2738053740460007e-06,2.9531126307845524e-06
0131-EOWYL,congruent,7,-7.493501901801438e-07,-8.141019809945435e-07
0131-EOWYL,congruent,8,-5.487792338514383e-06,-1.973424049613493e-06
0131-EOWYL,congruent,9,4.272994089462851e-06,2.2608341435935726e-06
0131-EOWYL,congruent,10,4.67082679032736e-06,3.838562767723145e-06
0131-EOWYL,congruent,11,8.11847520734962e-06,5.5264100682498966e-06
0131-EOWYL,congruent,12,1.1753204015757637e-05,8.154241368508732e-06
0131-EOWYL,congruent,13,3.7252074000802895e-06,3.219795770334586e-06
0131-EOWYL,congruent,14,1.1166413433287184e-06,-1.5545682769549543e-06
0131-EOWYL,congruent,15,2.929090410938167e-06,3.449169265799623e-06
0131-EOWYL,congruent,16,-3.7162681681669455e-07,-3.538267138368981e-06
0131-EOWYL,congruent,17,5.174229738408443e-06,6.518375637324058e-06
0131-EOWYL,congruent,18,5.414119529722462e-06,2.503468755137694e-06
0131-EOWYL,congruent,19,1.8389864268764182e-06,-3.1359425819911413e-07
0131-EOWYL,congruent,20,6.135300744187418e-06,7.559118689683421e-06
0131-EOWYL,congruent,21,5.213163023156298e-06,-8.293735449148161e-08
0131-EOWYL,congruent,22,3.1113253408311496e-06,1.6453734222915683e-06
0131-EOWYL,congruent,23,2.8352002031729857e-06,2.15790305537677e-06
0131-EOWYL,congruent,24,-1.2438407963079418e-06,-1.3278924505860646e-06
0131-EOWYL,congruent,25,5.279963758732235e-06,3.6937255550574237e-06
0131-EOWYL,congruent,26,8.106522929023207e-06,6.64031165487428e-06
0131-EOWYL,congruent,27,-3.686973760525175e-07,-2.534569044472258e-07
0131-EOWYL,congruent,28,4.858755763465084e-06,-5.493900536975122e-07
0131-EOWYL,congruent,29,5.2996134960187185e-06,5.693112246618388e-06
0131-EOWYL,congruent,30,2.250316896180058e-07,3.862240461266352e-06
0131-EOWYL,congruent,31,-3.2725428053423662e-06,6.155649162708807e-07
0131-EOWYL,congruent,32,-4.245795495899538e-06,-7.291636629314379e-06
0131-EOWYL,congruent,33,3.062611090681022e-06,2.8431438944642195e-06
0131-EOWYL,congruent,34,3.4316692400478755e-06,5.560910504004908e-06
0131-EOWYL,congruent,35,-2.1912975664395635e-06,4.734072822310182e-06
0131-EOWYL,congruent,36,-4.6513035582837684e-07,6.82940412213927e-07
0131-EOWYL,congruent,37,5.843066796904553e-06,1.9141831450619846e-06
0131-EOWYL,congruent,38,6.375165155945631e-07,-2.5804590743164054e-06
0131-EOWYL,congruent,39,-5.839604029368844e-06,1.0837685599667008e-06
0131-EOWYL,congruent,40,1.1705029410651477e-06,1.7130425326215927e-06
0131-EOWYL,congruent,41,-1.6139911924864468e-07,-6.147691929174179e-06
0131-EOWYL,congruent,42,4.183640857132056e-06,6.666022776987931e-06
0131-EOWYL,congruent,43,3.4735119370203706e-06,5.2548748093223755e-06
0131-EOWYL,congruent,44,-3.2145196015818106e-06,9.011438088652159e-07
0131-EOWYL,congruent,45,4.51259885092763e-06,2.3410901160883846e-06
0131-EOWYL,congruent,46,6.889617010380561e-06,5.231604173301881e-06
0131-EOWYL,congruent,47,-1.3089731964087504e-06,8.147740025111062e-07
0131-EOWYL,congruent,48,7.469700123740678e-06,6.262064615584707e-06
0131-EOWYL,congruent,49,-3.4039008226625456e-07,4.723212922057561e-06
0131-EOWYL,congruent,50,5.256093235521725e-07,4.8025737556126955e-06
0131-EOWYL,congruent,51,8.366067975942606e-06,3.6834432507136495e-07
0131-EOWYL,congruent,52,6.833986778608369e-06,9.13616614373738e-06
0131-EOWYL,congruent,53,-8.41162026170498e-07,2.2321487198915572e-06
0131-EOWYL,congruent,54,1.1113455784515912e-06,-2.085501384238034e-06
0131-EOWYL,congruent,55,1.0916461266877572e-05,5.2483160221993984e-06
0131-EOWYL,congruent,56,-4.1509337004458844e-07,5.035591690409787e-06
0131-EOWYL,congruent,57,3.7095435468652764e-06,5.269247510146964e-06
0131-EOWYL,congruent,58,2.0169479523775561e-07,-2.6793154070737524e-06
0131-EOWYL,congruent,59,9.101045255293761e-06,3.6944577054587477e-06
0131-EOWYL,congruent,60,8.360655178160107e-06,7.499062311650757e-06
0131-EOWYL,congruent,61,5.873540784307958e-06,2.6262120361561107e-06
0131-EOWYL,congruent,62,2.6659538453366924e-06,1.991190077120392e-06
0131-EOWYL,congruent,63,1.0805044614452353e-06,4.963048085550039e-06
0131-EOWYL,congruent,64,2.352487601097761e-06,-3.605496202801184e-06
0131-EOWYL,congruent,65,6.358253282060405e-06,1.5395412104938598e-06
0131-EOWYL,congruent,66,1.6256901950772882e-06,1.8364000335390288e-06
0131-EOWYL,congruent,67,2.034714436711569e-06,2.584113149070995e-06
0131-EOWYL,congruent,68,8.2061377369103e-06,5.645398475336019e-06
0131-EOWYL,congruent,69,5.856594924036567e-06,1.5896455670046623e-06
0131-EOWYL,congruent,70,4.776763633883696e-07,4.7219952542801915e-06
0131-EOWYL,congruent,71,2.8906394572987818e-06,2.3676260610754062e-06
0131-EOWYL,congruent,72,2.0129760731677756e-06,6.284919046550036e-06
0131-EOWYL,congruent,73,3.4773609485547275e-06,2.441857198352813e-06
0131-EOWYL,congruent,74,7.672970861461419e-06,-3.5268908448646206e-06
0131-EOWYL,congruent,75,9.614947503162702e-06,2.9519731222335426e-06
0131-EOWYL,congruent,76,9.608246594863632e-06,8.739506365425607e-06
0131-EOWYL,congruent,77,6.438130809954884e-06,3.0532023184719386e-07
0131-EOWYL,congruent,78,2.5476550807087377e-06,-1.3636355281059703e-06
0131-EOWYL,congruent,79,7.035292749473714e-07,2.7872095712475164e-06
0131-EOWYL,congruent,80,2.6942255524691503e-06,4.115530320856967e-07
0131-EOWYL,congruent,81,8.600440775954512e-06,7.530172444185581e-06
0131-EOWYL,congruent,82,8.37194518230586e-06,6.8397171439606675e-06
0131-EOWYL,congruent,83,2.752049750806557e-06,2.560550779209128e-06
0131-EOWYL,congruent,84,3.903448824170994e-06,2.4508173122273348e-06
0131-EOWYL,congruent,85,2.7998739041218566e-06,3.180190467725048e-06
0131-EOWYL,congruent,86,-1.248863748379122e-07,1.6709042222336771e-06
0131-EOWYL,congruent,87,-8.145598752670318e-07,-1.3641238614693065e-06
0131-EOWYL,congruent,88,3.4059402145873096e-06,2.0851782605144203e-06
0131-EOWYL,congruent,89,2.841111269102337e-06,-3.583016212265661e-06
0131-EOWYL,congruent,90,6.92044669548099e-06,4.922735703452158e-06
0131-EOWYL,congruent,91,1.6422348830935033e-06,3.361800812395075e-06
0131-EOWYL,congruent,92,-3.6781655610698545e-06,1.8838766447849936e-06
0131-EOWYL,congruent,93,3.354893261519938e-06,4.990485160990764e-06
0131-EOWYL,congruent,94,4.350253710173985e-06,3.3696959228240317e-06
0131-EOWYL,congruent,95,-4.098824263253507e-06,-3.160056471150772e-06
0131-EOWYL,congruent,96,4.2576861634274446e-07,-2.2615927265208238e-06
0131-EOWYL,congruent,97,3.110115163709989e-06,1.1597662518774605e-06
0131-EOWYL,congruent,98,8.288758713215299e-06,4.961008247471339e-06
0131-EOWYL,congruent,99,5.21041811294993e-06,2.373505851724412e-06
0131-EOWYL,congruent,100,1.4091450489212762e-06,5.004299763901149e-06
0131-EOWYL,congruent,101,6.041137725529417e-06,2.776010011547193e-06
0131-EOWYL,congruent,102,6.838880073596293e-06,1.2297477696818108e-05
0131-EOWYL,congruent,103,-6.488211789071253e-06,2.029408508772131e-06
0131-EOWYL,congruent,104,-2.5109319403367873e-06,3.494531211858041e-06
0131-EOWYL,congruent,105,3.828346806040276e-07,-6.754881357820238e-07
0131-EOWYL,congruent,106,4.089292840629758e-06,7.037934546284296e-06
0131-EOWYL,congruent,107,5.56369211418437e-07,5.2387120742281414e-06
0131-EOWYL,congruent,108,1.861608141909184e-06,-3.3087637964649033e-07
0131-EOWYL,congruent,109,-2.1275864730685065e-06,-2.7827495562088743e-06
0131-EOWYL,congruent,110,8.722560558421438e-06,1.1144916638700767e-05
0131-EOWYL,congruent,111,3.325139254090543e-06,5.100770626796037e-06
0131-EOWYL,congruent,112,2.0744420415438785e-06,4.848854967147058e-06
0131-EOWYL,congruent,113,3.307502594302614e-06,-1.8442551418414517e-08
0131-EOWYL,congruent,114,5.592136405476119e-06,4.689483402331975e-06
0131-EOWYL,congruent,115,3.7704616637240837e-06,2.564172721953307e-06
0131-EOWYL,congruent,116,1.6328443981472802e-06,-8.57107777904572e-07
0131-EOWYL,congruent,117,7.298305047145497e-07,-2.3264352645373898e-06
0131-EOWYL,congruent,118,-1.816697697248028e-06,-2.1030487397687153e-06
0131-EOWYL,congruent,119,8.835567967342058e-06,9.003665488175086e-07
0131-EOWYL,congruent,120,5.1365364462882344e-06,3.8208631568791794e-06
0131-EOWYL,congruent,121,3.3013161063232738e-06,1.3785610857956701e-06
0131-EOWYL,congruent,122,4.275042773208741e-06,-3.3890488959069107e-06
0131-EOWYL,congruent,123,6.375245957992194e-06,9.006702469239573e-06
0131-EOWYL,congruent,124,8.48213269236743e-06,7.3111794995985e-06
0131-EOWYL,congruent,125,8.708994935640909e-06,1.5699656772604475e-06
0131-EOWYL,congruent,126,8.45312418848891e-06,9.207075716787248e-06
0131-EOWYL,congruent,127,6.00920466035234e-06,2.4513829119700097e-06
0131-EOWYL,congruent,128,2.140518957587752e-06,-5.111258921793741e-06
0131-EOWYL,congruent,129,3.983071278285065e-06,6.372002730035951e-07
0131-EOWYL,congruent,130,1.1159676975414523e-06,5.329502319180387e-06
0131-EOWYL,congruent,131,4.353612957126123e-07,-8.140557686898947e-07
0131-EOWYL,congruent,132,7.313192573375232e-06,5.04534555925824e-07
0131-EOWYL,congruent,133,-6.573218634168416e-07,-2.2115288680878047e-06
0131-EOWYL,congruent,134,5.124371469203606e-06,1.3429203166664456e-06
0131-EOWYL,congruent,135,-5.4496488176382273e-08,1.3007422903559571e-06
0131-EOWYL,congruent,136,-5.360241432727878e-07,3.3359951420869597e-06
0131-EOWYL,congruent,137,1.3539485451593016e-06,3.4700868403498523e-06
0131-EOWYL,congruent,138,-3.337150233545434e-07,3.968657014480791e-06
0131-EOWYL,congruent,139,4.155269040260918e-06,4.27979352903288e-06
0131-EOWYL,congruent,140,-5.3693984969654476e-06,-2.5323420267892328e-06
0131-EOWYL,congruent,141,4.944412880029512e-06,4.359602553375322e-06
0131-EOWYL,congruent,142,2.784913367282813e-06,-6.361460013766799e-07
0131-EOWYL,congruent,143,6.493263345061913e-06,6.295906468178099e-06
0131-EOWYL,congruent,144,5.786388480746435e-06,7.974265961746706e-06
0131-EOWYL,congruent,145,4.343788528254786e-06,3.566569806563294e-06
0131-EOWYL,congruent,146,2.4417230231207666e-06,1.5411907836929844e-06
0131-EOWYL,congruent,147,5.808653631074285e-06,7.964223148986372e-06
0131-EOWYL,congruent,148,-2.0564109367738093e-06,-1.1591243185402174e-07
0131-EOWYL,congruent,149,-1.7719374113839622e-06,-1.7598539823354367e-06
0131-EOWYL,congruent,150,1.9385566158122222e-06,9.318109985493055e-06
0131-EOWYL,congruent,151,-4.58538841700208e-07,-1.7385484412481415e-07
0131-EOWYL,congruent,152,7.847531970173862e-06,7.0167563469177595e-06
0131-EOWYL,congruent,153,4.029424544874119e-06,6.795523704273277e-06
0131-EOWYL,congruent,154,4.608554589579114e-06,-1.534798494175238e-07
0131-EOWYL,congruent,155,8.445389224452903e-06,7.181654180780657e-06
0131-EOWYL,congruent,156,6.291155640305583e-06,4.7656539679280054e-06
0131-EOWYL,congruent,157,3.2087541461588987e-06,1.727008582907696e-06
0131-EOWYL,congruent,158,1.7973395093740685e-07,2.366578168173703e-06
0131-EOWYL,congruent,159,3.1892057835897346e-06,-4.143356289852445e-07
0131-EOWYL,congruent,160,-3.5957559410967956e-06,-6.72118336602602e-06
0131-EOWYL,congruent,161,-2.2031112773211477e-06,-4.324995294893806e-06
0131-EOWYL,congruent,162,7.60256262931201e-06,6.016421799646282e-06
0131-EOWYL,congruent,163,4.7776184335219e-06,1.3289737065992574e-06
0131-EOWYL,congruent,164,1.8567259831460353e-06,1.305564059671669e-06
0131-EOWYL,congruent,165,9.319481439508344e-07,2.5597094729999316e-06
0131-EOWYL,congruent,166,-6.577564463545255e-06,-6.869786252730258e-06
0131-EOWYL,congruent,167,5.189358464234446e-06,3.4919077216759873e-06
0131-EOWYL,congruent,168,6.048070076372858e-06,6.67910963897328e-06
0131-EOWYL,congruent,169,3.5058251938093037e-06,8.627758105674579e-07
0131-EOWYL,congruent,170,4.05004814784093e-06,1.8531897086679366e-06
0131-EOWYL,congruent,171,3.95722959775115e-06,1.7432004360424692e-06
0131-EOWYL,congruent,172,7.001207077897178e-07,6.944971171971401e-07
0131-EOWYL,congruent,173,8.212977062813278e-06,-1.147307242193697e-07
0131-EOWYL,congruent,174,8.791693295945756e-06,4.129142402525357e-06
0131-EOWYL,congruent,175,8.358590733956806e-06,5.905636060035531e-06
0131-EOWYL,congruent,176,3.6523674066412265e-06,1.9737900254780313e-06
0131-EOWYL,congruent,177,3.041585433969143e-06,3.4942587832321036e-07
0131-EOWYL,congruent,178,9.011292689800265e-06,2.857606828976985e-06
0131-EOWYL,congruent,179,1.2241182981626484e-05,8.594143915264252e-06
0131-EOWYL,congruent,180,4.324933755462453e-06,-7.072598446459209e-07
0131-EOWYL,congruent,181,5.061079841555012e-06,6.559415477821373e-06
0131-EOWYL,congruent,182,1.3793097388173322e-06,3.249010262198383e-06
0131-EOWYL,congruent,183,7.374528148752112e-06,-2.909402769775809e-07
0131-EOWYL,congruent,184,1.0582227795306492e-05,9.39459408894607e-07
0131-EOWYL,congruent,185,2.6811541308003175e-06,1.6213921119679117e-06
0131-EOWYL,congruent,186,4.287801729035e-06,2.884483363975776e-06
0131-EOWYL,congruent,187,6.94424395452785e-06,1.2255067067400363e-06
0131-EOWYL,congruent,188,5.923110978932732e-06,-2.5607633682208696e-06
0131-EOWYL,congruent,189,8.799966156282752e-06,-1.2173493664377245e-06
0131-EOWYL,congruent,190,8.537929961259688e-06,5.947390198149161e-06
0131-EOWYL,congruent,191,3.6218551479945035e-06,-1.0167017783710816e-06
0131-EOWYL,congruent,192,2.5280453753423133e-06,-4.619001450661356e-06
0131-EOWYL,congruent,193,1.1416882751880584e-05,6.231982566883573e-06
0131-EOWYL,congruent,194,2.479927457762399e-06,1.5408715029048231e-06
0131-EOWYL,congruent,195,3.7712260735911723e-06,-8.747996538762191e-07
0131-EOWYL,congruent,196,7.230532104182195e-06,7.337648689766779e-07
0131-EOWYL,congruent,197,7.344411713461341e-06,2.4384599103212157e-06
0131-EOWYL,congruent,198,6.331173129575929e-06,3.52636082272836e-06
0131-EOWYL,congruent,199,2.9855274659127115e-06,4.704173420918406e-06
0131-EOWYL,congruent,200,-9.224427055222979e-07,2.9984753001810782e-06
0131-EOWYL,congruent,201,-1.003989546759044e-06,5.282045970959652e-07
0131-EOWYL,congruent,202,2.213025941003656e-06,1.2775504311753887e-06
0131-EOWYL,congruent,203,-3.736079371132434e-06,-3.0754657832089335e-06
0131-EOWYL,congruent,204,3.591678317596964e-07,-1.5449913866573625e-06
0131-EOWYL,congruent,205,8.207740633502914e-06,2.9493380340075864e-07
0131-EOWYL,congruent,206,5.806557442350139e-07,-1.962105234391561e-06
0131-EOWYL,congruent,207,3.7696185574936133e-06,1.3637451491408541e-06
0131-EOWYL,congruent,208,2.0981631436316243e-06,-2.53404640183643e-06
0131-EOWYL,congruent,209,-1.4742210052964893e-06,5.271987743802286e-06
0131-EOWYL,congruent,210,-1.1183941476748297e-06,-4.5962782592817074e-06
0131-EOWYL,congruent,211,5.512016653797835e-06,2.975282770755368e-06
0131-EOWYL,congruent,212,3.899576365433892e-06,4.3711943652345065e-06
0131-EOWYL,congruent,213,3.4265365220891183e-06,-3.0534720148587864e-06
0131-EOWYL,congruent,214,8.067477141520353e-06,3.6277402459176105e-06
0131-EOWYL,incongruent,0,-1.980035365843076e-06,1.4456323871479462e-06
0131-EOWYL,incongruent,1,-1.1025627833592788e-06,-2.8603059855330503e-07
0131-EOWYL,incongruent,2,4.171394729004832e-06,3.7056380812675825e-06
0131-EOWYL,incongruent,3,2.787566048372237e-06,-8.339402825752823e-07
0131-EOWYL,incongruent,4,1.266906180891893e-06,2.265424731480409e-06
0131-EOWYL,incongruent,5,5.7151249293681635e-06,3.5644045291942225e-06
0131-EOWYL,incongruent,6,-5.455701174047719e-06,-5.358438422227752e-08
0131-EOWYL,incongruent,7,8.222394875971345e-07,8.202343228231068e-06
0131-EOWYL,incongruent,8,1.797343231116834e-06,1.3204144796212862e-06
0131-EOWYL,incongruent,9,7.876819204316567e-06,4.138632894738118e-06
0131-EOWYL,incongruent,10,2.9634272694667905e-06,-3.982519772571287e-07
0131-EOWYL,incongruent,11,7.523441016683596e-06,6.24987950438307e-06
0131-EOWYL,incongruent,12,3.055884878581668e-06,4.83973294260708e-06
0131-EOWYL,incongruent,13,5.495864494540652e-06,7.350383125789051e-06
0131-EOWYL,incongruent,14,4.979516295387692e-07,2.2727690825577178e-06
0131-EOWYL,incongruent,15,-5.830304439153653e-06,-5.636798769004516e-06
0131-EOWYL,incongruent,16,4.560125422393848e-06,5.999558851041291e-06
0131-EOWYL,incongruent,17,1.5590364783218865e-06,4.704558272485635e-06
0131-EOWYL,incongruent,18,2.0614961462493977e-06,5.372157495669654e-06
0131-EOWYL,incongruent,19,4.014319455436778e-06,3.993720405885957e-06
0131-EOWYL,incongruent,20,2.245073833065077e-06,3.730264981970993e-06
0131-EOWYL,incongruent,21,3.0619998428840556e-06,1.2850947850887797e-06
0131-EOWYL,incongruent,22,7.005480824301156e-06,5.235314685942787e-06
0131-EOWYL,incongruent,23,5.579119773413657e-06,5.175036952050486e-06
0131-EOWYL,incongruent,24,7.294260471542181e-06,8.033397582044955e-06
0131-EOWYL,incongruent,25,7.074912331277035e-06,8.686172665529647e-06
0131-EOWYL,incongruent,26,3.6666898946729134e-06,3.29935319310381e-06
0131-EOWYL,incongruent,27,1.1031965665851383e-06,3.3617526872560743e-06
0131-EOWYL,incongruent,28,8.545380483375253e-06,8.058074568604256e-06
0131-EOWYL,incongruent,29,-3.607952406867954e-06,2.0019869433159626e-06
0131-EOWYL,incongruent,30,-1.9652312257657863e-06,-6.169342531909664e-07
0131-EOWYL,incongruent,31,6.687532701110562e-06,3.166063410322781e-06
0131-EOWYL,incongruent,32,5.6047404163632585e-06,5.5827141773767476e-06
0131-EOWYL,incongruent,33,-8.354517707615952e-06,-4.229180176938404e-06
0131-EOWYL,incongruent,34,-5.527257489954752e-06,-9.699377732656116e-06
0131-EOWYL,incongruent,35,4.085808067983679e-06,5.097378299446068e-06
0131-EOWYL,incongruent,36,3.3755323418286875e-06,6.46807750082594e-07
0131-EOWYL,incongruent,37,6.414067636121235e-07,3.694726226075745e-07
0131-EOWYL,incongruent,38,7.98615160498977e-06,8.655447577584727e-06
0131-EOWYL,incongruent,39,-2.2891645478210403e-06,-9.56437653466558e-07
0131-EOWYL,incongruent,40,2.8731418219202353e-06,3.5744804541593513e-06
0131-EOWYL,incongruent,41,1.0739262710660968e-06,2.659115380688683e-06
0131-EOWYL,incongruent,42,2.106813306622799e-06,-3.969195196389641e-08
0131-EOWYL,incongruent,43,4.879415428037462e-06,4.580244653335169e-06
0131-EOWYL,incongruent,44,6.088628574601719e-06,5.852800585630531e-06
0131-EOWYL,incongruent,45,-1.4879442203876902e-06,-1.024303113914771e-06
0131-EOWYL,incongruent,46,3.094403086208219e-06,1.6369201652271257e-06
0131-EOWYL,incongruent,47,4.773604020945475e-07,3.1472957845733798e-06
0131-EOWYL,incongruent,48,-3.6667097579692436e-07,-1.6596398856236365e-07
0131-EOWYL,incongruent,49,6.054967803918461e-06,8.797118407694584e-06
0131-EOWYL,incongruent,50,-1.2149452261511638e-06,-7.351103924442139e-07
0131-EOWYL,incongruent,51,1.5910624442687039e-06,4.8110818777527215e-06
0131-EOWYL,incongruent,52,-1.8693316987960774e-06,-4.975935374058699e-06
0131-EOWYL,incongruent,53,-3.4941247174701074e-06,-2.691619932899116e-07
0131-EOWYL,incongruent,54,5.140169538254498e-06,4.871373452371567e-06
0131-EOWYL,incongruent,55,1.5107086569374716e-06,4.817069508682239e-06
0131-EOWYL,incongruent,56,2.047546271957139e-06,1.8031489164461448e-07
0131-EOWYL,incongruent,57,9.130189158890931e-07,3.914904731440597e-06
0131-EOWYL,incongruent,58,-6.89897580231452e-07,3.359366257428875e-06
0131-EOWYL,incongruent,59,-1.1683240254785238e-06,4.964298273104233e-06
0131-EOWYL,incongruent,60,1.5070300578349615e-07,3.1146752971525613e-06
0131-EOWYL,incongruent,61,7.498949497974813e-07,4.199479552265069e-06
0131-EOWYL,incongruent,62,2.192793691158884e-06,7.2114027946436085e-06
0131-EOWYL,incongruent,63,4.751098397874279e-06,6.126367749727012e-06
0131-EOWYL,incongruent,64,2.1206534385797993e-06,5.1216996343768345e-06
0131-EOWYL,incongruent,65,-8.581825663076439e-06,-1.4778950747047134e-06
0131-EOWYL,incongruent,66,7.058914151187344e-06,4.9639889375408714e-06
0131-EOWYL,incongruent,67,7.052062706689636e-06,6.0997820569043726e-06
0131-EOWYL,incongruent,68,2.176435692049633e-06,5.126871288772432e-06
0131-EOWYL,incongruent,69,4.4040884886933963e-07,1.3650906616132685e-06
0131-EOWYL,incongruent,70,1.018199279296241e-06,4.969513708286895e-06
0131-EOWYL,incongruent,71,1.0879064795556183e-06,2.1656245165577878e-06
0131-EOWYL,incongruent,72,6.310586715542973e-06,4.91977864749811e-06
0131-EOWYL,incongruent,73,5.8426024488077825e-06,3.1726422946049046e-06
0117-KXKZ2,congruent,0,2.0466801994719203e-06,5.456739335380335e-07
0117-KXKZ2,congruent,1,7.232071201415282e-07,-1.8814386754154223e-06
0117-KXKZ2,congruent,2,3.27796949887187e-06,-8.153091856280594e-07
0117-KXKZ2,congruent,3,3.995570325669591e-06,3.037347080272277e-06
0117-KXKZ2,congruent,4,2.95852436745291e-06,2.835195211297695e-06
0117-KXKZ2,congruent,5,-1.6762325483372469e-06,6.648102188318771e-08
0117-KXKZ2,congruent,6,3.051308618142429e-06,5.816163964083668e-07
0117-KXKZ2,congruent,7,5.798725564954093e-06,2.9694510842969576e-06
0117-KXKZ2,congruent,8,-8.873273611625262e-07,-1.8443471383174425e-06
0117-KXKZ2,congruent,9,3.7558038569091435e-06,1.6631397821858527e-06
0117-KXKZ2,congruent,10,-1.8797345110395322e-06,-1.309555781665637e-06
0117-KXKZ2,congruent,11,3.797175785184474e-06,3.345496778284651e-06
0117-KXKZ2,congruent,12,4.441104313407941e-06,1.38151816451032e-06
0117-KXKZ2,congruent,13,7.67339628112968e-06,4.010037447118868e-06
0117-KXKZ2,congruent,14,4.90100865948413e-06,5.675908845846218e-06
0117-KXKZ2,congruent,15,-1.495312263044413e-08,3.559184180276699e-06
0117-KXKZ2,congruent,16,-3.801379510539917e-06,-4.741006796569105e-06
0117-KXKZ2,congruent,17,-5.987943391589873e-06,-5.028014898898127e-06
0117-KXKZ2,congruent,18,1.3400450244292006e-06,3.2783998569669386e-06
0117-KXKZ2,congruent,19,4.758493703745981e-06,1.5892408430883561e-06
0117-KXKZ2,congruent,20,3.5261310826555894e-07,6.983235490654688e-07
0117-KXKZ2,congruent,21,1.9696628846687554e-06,4.945797890399354e-07
0117-KXKZ2,congruent,22,2.8771099733949296e-06,6.5828145511644886e-06
0117-KXKZ2,congruent,23,2.305561148770424e-06,1.0002556084193215e-07
0117-KXKZ2,congruent,24,1.3914764473040374e-07,-5.764807615596271e-07
0117-KXKZ2,congruent,25,-3.8537145709728555e-07,3.0150563608245284e-06
0117-KXKZ2,congruent,26,6.84821744291724e-06,-6.0629247364707e-07
0117-KXKZ2,congruent,27,6.640405521000449e-06,7.390606239296062e-06
0117-KXKZ2,congruent,28,-1.0912712835251871e-07,-2.0401036861023747e-06
0117-KXKZ2,congruent,29,-5.327359597494466e-07,-1.151049468495779e-06
0117-KXKZ2,congruent,30,2.937033015309113e-06,2.785809957070178e-06
0117-KXKZ2,congruent,31,-7.725511099517856e-07,-6.484158476560635e-07
0117-KXKZ2,congruent,32,3.926611603551358e-06,1.7577350252769703e-06
0117-KXKZ2,congruent,33,1.7484748152121266e-06,-9.930825314376195e-07
0117-KXKZ2,congruent,34,-2.8431538277041847e-06,-3.066055873540315e-07
0117-KXKZ2,congruent,35,3.6158188207452824e-07,-4.2143507342635384e-07
0117-KXKZ2,congruent,36,-4.507499708518964e-06,-4.4917475417873817e-07
0117-KXKZ2,congruent,37,-9.165633695065306e-07,1.086819020382403e-06
0117-KXKZ2,congruent,38,1.6861227226292357e-06,5.645052905798902e-07
0117-KXKZ2,congruent,39,3.0652320850990187e-06,4.6156473494304205e-07
0117-KXKZ2,congruent,40,4.208553985354168e-06,1.1958534199208078e-06
0117-KXKZ2,congruent,41,1.429462135372557e-07,4.225742001088423e-06
0117-KXKZ2,congruent,42,-3.155441252658506e-06,6.036634776796915e-08
0117-KXKZ2,congruent,43,2.3898389975880423e-06,1.96349406485963e-06
0117-KXKZ2,congruent,44,-3.883409880322252e-06,5.163501883068036e-07
0117-KXKZ2,congruent,45,-7.27371417347502e-07,-2.867605171326457e-06
0117-KXKZ2,congruent,46,2.9901339351756424e-06,2.962707856797589e-06
0117-KXKZ2,congruent,47,-8.642400380113475e-07,4.766021971572467e-07
0117-KXKZ2,congruent,48,2.531862096152669e-06,2.9717128606990774e-06
0117-KXKZ2,congruent,49,-2.98411284000959e-06,1.3490674763444507e-06
0117-KXKZ2,congruent,50,-1.5049030464862156e-06,-1.135537582433604e-06
0117-KXKZ2,congruent,51,-1.947445086664885e-06,1.3308068407895675e-06
0117-KXKZ2,congruent,52,-4.535406669298326e-07,-1.4586095268513242e-06
0117-KXKZ2,congruent,53,-1.6422661474319725e-06,6.697009796506787e-07
0117-KXKZ2,congruent,54,-5.428215232909869e-07,-2.7913948430800297e-07
0117-KXKZ2,congruent,55,1.3060435300670287e-06,8.140901106955305e-07
0117-KXKZ2,congruent,56,1.2033177506492537e-06,2.420290267723472e-06
0117-KXKZ2,congruent,57,-1.3103005800143794e-08,2.4319893622267735e-06
0117-KXKZ2,congruent,58,3.8072251100438526e-06,7.438365208570966e-06
0117-KXKZ2,congruent,59,-2.6226570322202725e-06,-2.633947594290377e-06
0117-KXKZ2,congruent,60,-6.129356412513651e-06,-1.9936722403295493e-06
0117-KXKZ2,congruent,61,-1.1705415868987434e-06,-3.0101635182850313e-06
0117-KXKZ2,congruent,62,1.3602166648078562e-06,3.6261568806961556e-06
0117-KXKZ2,congruent,63,-1.2867486123473877e-06,-5.343888335526408e-07
0117-KXKZ2,congruent,64,1.9626158116121375e-06,1.756122485161104e-06
0117-KXKZ2,congruent,65,-4.1306409508645787e-07,9.157123638818726e-07
0117-KXKZ2,congruent,66,-1.7203667614376953e-06,-7.613642797345558e-06
0117-KXKZ2,congruent,67,1.4762879764069421e-06,-1.9347747041666938e-06
0117-KXKZ2,congruent,68,3.997740554587625e-06,2.7110361236643722e-06
0117-KXKZ2,congruent,69,-3.2179247609212192e-06,-4.907046453954974e-07
0117-KXKZ2,congruent,70,1.6174698378619116e-06,-1.7138905886835786e-06
0117-KXKZ2,congruent,71,3.1822073711493666e-06,1.5049871287454084e-06
0117-KXKZ2,congruent,72,-1.6756795613666642e-06,2.7873692103318325e-06
0117-KXKZ2,congruent,73,2.43819910821877e-06,-3.878520311975669e-07
0117-KXKZ2,congruent,74,2.547113582183477e-06,-5.205806553096918e-09
0117-KXKZ2,congruent,75,1.8902412757643242e-06,2.5326980597610443e-07
0117-KXKZ2,congruent,76,3.2353460829120807e-06,1.3514349976096525e-06
0117-KXKZ2,congruent,77,2.551863921331698e-06,3.377161633360722e-06
0117-KXKZ2,congruent,78,-4.160148461303765e-06,-3.5544100782526633e-06
0117-KXKZ2,congruent,79,1.1615083782505328e-06,1.3833413221697938e-06
0117-KXKZ2,congruent,80,2.5408006085468457e-06,4.770584485146999e-07
0117-KXKZ2,congruent,81,1.9033538675649834e-06,-6.432404127899914e-07
0117-KXKZ2,congruent,82,-4.1131670238212655e-06,4.4473910794129087e-07
0117-KXKZ2,congruent,83,1.5358485406533717e-06,7.707595738361615e-06
0117-KXKZ2,congruent,84,-7.960050337942238e-07,-2.3643207118557627e-06
0117-KXKZ2,congruent,85,-2.053993217524516e-06,4.3263506674091204e-07
0117-KXKZ2,congruent,86,1.569672522483556e-06,-2.3447322784036855e-06
0117-KXKZ2,congruent,87,1.0471419832642e-06,6.05794807722675e-07
0117-KXKZ2,congruent,88,1.8339946691638166e-06,2.6053752944750364e-06
0117-KXKZ2,congruent,89,-2.421423631548855e-08,3.5270279950743575e-06
0117-KXKZ2,congruent,90,-4.351415217020368e-08,-5.497301088091842e-07
0117-KXKZ2,congruent,91,4.2457015794784124e-06,2.437143329899949e-06
0117-KXKZ2,congruent,92,4.515619301686647e-06,1.3038175523177577e-06
0117-KXKZ2,congruent,93,-2.075091994567047e-06,5.908274253712242e-07
0117-KXKZ2,congruent,94,1.2471017663498663e-06,1.2669193461568957e-06
0117-KXKZ2,congruent,95,1.8352533390896295e-06,1.683901642008225e-07
0117-KXKZ2,congruent,96,2.9165809769448604e-06,1.7462762040933592e-07
0117-KXKZ2,congruent,97,-2.1087348196914334e-06,1.3414652719290993e-06
0117-KXKZ2,congruent,98,-5.065362257800581e-06,-1.1998449545890489e-06
0117-KXKZ2,congruent,99,-3.6283497283575966e-06,-1.6452650137119907e-06
0117-KXKZ2,congruent,100,-1.5257456223575635e-06,-9.272784132790112e-08
0117-KXKZ2,congruent,101,1.7703353099367842e-07,2.487622572779247e-06
0117-KXKZ2,congruent,102,-2.594571734022691e-06,-8.221574801754606e-07
0117-KXKZ2,congruent,103,2.863205963339489e-06,1.97898016157403e-06
0117-KXKZ2,congruent,104,1.4523441729532926e-06,-3.238493127345417e-06
0117-KXKZ2,congruent,105,5.33445219317695e-06,3.339387382074941e-06
0117-KXKZ2,congruent,106,3.3229515669187424e-06,4.1435935767179265e-06
0117-KXKZ2,congruent,107,-5.0782520530914895e-06,-3.7288579458828567e-06
0117-KXKZ2,congruent,108,-9.224119195733688e-07,-1.4812437140404372e-06
0117-KXKZ2,congruent,109,-2.9625124155026122e-06,3.747089950007798e-07
0117-KXKZ2,congruent,110,-1.7963482626554716e-06,-4.102228042197014e-06
0117-KXKZ2,congruent,111,4.38437336111468e-06,8.150328906487498e-06
0117-KXKZ2,congruent,112,5.087491087859814e-06,-7.300596512950802e-07
0117-KXKZ2,congruent,113,4.915782776129009e-06,2.9717585521760656e-06
0117-KXKZ2,congruent,114,-2.124957284093953e-06,-3.498928986475816e-06
0117-KXKZ2,congruent,115,2.5563071795441e-06,2.2460157197639946e-06
0117-KXKZ2,congruent,116,-3.702354024708421e-06,-9.886412606869743e-07
0117-KXKZ2,congruent,117,-1.6076140701312172e-07,-8.845452194502989e-07
0117-KXKZ2,congruent,118,4.6919488739288e-06,1.4717247271636172e-06
0117-KXKZ2,congruent,119,2.7433065018484947e-06,-2.235014729375304e-06
0117-KXKZ2,congruent,120,-2.3112731415333517e-06,1.7341430668435597e-06
0117-KXKZ2,congruent,121,4.250277748881835e-07,2.511481225719169e-06
0117-KXKZ2,congruent,122,-3.5833582517419743e-06,-3.2731902763336384e-06
0117-KXKZ2,congruent,123,1.8748411671276425e-06,9.488111823617448e-06
0117-KXKZ2,congruent,124,-3.5546790784794157e-06,-5.337970540210579e-06
0117-KXKZ2,congruent,125,3.1600659688628096e-06,2.4897737724964727e-06
0117-KXKZ2,congruent,126,3.6459025630675405e-06,-2.023930563978829e-06
0117-KXKZ2,congruent,127,-1.1075149258591006e-06,-2.810643952692827e-06
0117-KXKZ2,congruent,128,2.5333399441368344e-06,6.348620151932559e-06
0117-KXKZ2,congruent,129,-3.517429555723897e-06,-3.932465110331652e-06
0117-KXKZ2,congruent,130,4.577682415315806e-06,6.505795903862999e-07
0117-KXKZ2,congruent,131,-3.6528831578034743e-06,1.5337887032189643e-08
0117-KXKZ2,congruent,132,-5.363695123309185e-06,-4.448074669902111e-06
0117-KXKZ2,congruent,133,2.3646914875283475e-06,-1.3371876188142564e-06
0117-KXKZ2,congruent,134,3.2813777807108575e-06,4.003070963603475e-06
0117-KXKZ2,congruent,135,-2.3074911078094297e-06,-5.095942931911487e-06
0117-KXKZ2,congruent,136,4.036407354161828e-06,8.500812145733914e-08
0117-KXKZ2,congruent,137,-3.1524202975426766e-07,-3.2330774360988973e-07
0117-KXKZ2,congruent,138,6.825525441254242e-07,2.3607859573357563e-06
0117-KXKZ2,congruent,139,-6.505256005133277e-07,1.9166856430078125e-06
0117-KXKZ2,congruent,140,1.0593584257332466e-06,4.212541789844832e-07
0117-KXKZ2,congruent,141,6.038281681681078e-07,-2.4208943775345035e-07
0117-KXKZ2,congruent,142,5.224597879291451e-07,-1.567633971779927e-06
0117-KXKZ2,congruent,143,-1.0666204729738554e-06,-3.8495138756813466e-07
0117-KXKZ2,congruent,144,-3.3700742098180103e-06,-5.580175041382316e-07
0117-KXKZ2,congruent,145,4.742679026962841e-06,2.8756120854044165e-06
0117-KXKZ2,congruent,146,-4.392752284469867e-06,-9.203934267426451e-07
0117-KXKZ2,congruent,147,-2.9379135722121195e-06,3.125962538433959e-07
0117-KXKZ2,congruent,148,8.328736946523733e-07,-3.782779342975847e-06
0117-KXKZ2,congruent,149,4.39337738952602e-06,1.1228933023616527e-06
0117-KXKZ2,congruent,150,1.5142922085491803e-06,-2.657967662677788e-06
0117-KXKZ2,congruent,151,3.3568228732935397e-06,6.500147368721829e-06
0117-KXKZ2,congruent,152,-5.07032741634793e-06,4.912643740299965e-07
0117-KXKZ2,congruent,153,1.323246174284001e-06,-8.23444894680292e-07
0117-KXKZ2,congruent,154,-3.258914483812943e-06,8.188081919784382e-07
0117-KXKZ2,congruent,155,3.989569296475511e-07,-1.900565150697576e-06
0117-KXKZ2,congruent,156,3.3310155462799366e-06,3.866108067539939e-06
0117-KXKZ2,congruent,157,-4.141508046643172e-06,-2.1738407208325467e-06
0117-KXKZ2,congruent,158,1.4991480704283599e-06,9.518517483258729e-07
0117-KXKZ2,congruent,159,1.2473144768785048e-06,4.352333177651809e-06
0117-KXKZ2,congruent,160,3.66655760186e-06,1.5153934376550232e-06
0117-KXKZ2,congruent,161,-1.0837079796652575e-06,-2.1593562259427146e-06
0117-KXKZ2,congruent,162,-2.4034808720612257e-06,-8.791071979502811e-07
0117-KXKZ2,congruent,163,-9.776632631175123e-08,4.074719442150015e-06
0117-KXKZ2,congruent,164,2.974017393812582e-07,2.644169843632157e-06
0117-KXKZ2,congruent,165,-1.6139999062996676e-06,-9.074750143566486e-07
0117-KXKZ2,congruent,166,-2.7488831835952686e-06,-4.471405745901643e-06
0117-KXKZ2,congruent,167,-1.5562838009685006e-06,5.040032186164846e-07
0117-KXKZ2,congruent,168,1.1767135594331149e-06,5.515301926878829e-07
0117-KXKZ2,congruent,169,3.8829229164491926e-08,-1.039029077415943e-06
0117-KXKZ2,congruent,170,-4.48854668717242e-06,6.223549333752168e-07
0117-KXKZ2,congruent,171,5.928320693213815e-06,5.872968275789526e-06
0117-KXKZ2,congruent,172,-5.918858250637468e-06,-3.83316994102341e-06
0117-KXKZ2,congruent,173,-1.0151850106627421e-07,2.426591713746875e-07
0117-KXKZ2,congruent,174,-2.9744386049634713e-08,3.729679578883207e-07
0117-KXKZ2,congruent,175,2.452492233047802e-06,8.374123460876778e-08
0117-KXKZ2,congruent,176,2.6074651823139915e-07,3.4093713031928733e-06
0117-KXKZ2,congruent,177,6.0489796233140225e-06,1.936263976206953e-06
0117-KXKZ2,congruent,178,6.491092066335524e-06,7.2515789546880625e-06
0117-KXKZ2,congruent,179,-7.946171137049147e-06,-4.89087800228737e-06
0117-KXKZ2,congruent,180,-1.621134588911229e-06,1.4123272329710404e-06
0117-KXKZ2,congruent,181,1.4551032960107166e-06,-2.379029536631946e-06
0117-KXKZ2,congruent,182,-2.8238301428445645e-06,9.100393567722405e-07
0117-KXKZ2,congruent,183,-4.697508610774515e-07,5.8413428412981646e-08
0117-KXKZ2,congruent,184,-4.349202276218829e-06,-1.4189737097158152e-06
0117-KXKZ2,congruent,185,1.7569505970728625e-06,1.4032095729867798e-06
0117-KXKZ2,congruent,186,3.889271872515496e-06,-3.7260685141479935e-07
0117-KXKZ2,congruent,187,2.094559451209025e-06,1.842639738025791e-06
0117-KXKZ2,congruent,188,-3.3673906615490256e-06,-1.4370706576232068e-06
0117-KXKZ2,congruent,189,-1.7460336676211506e-05,-2.46386502935283e-05
0117-KXKZ2,congruent,190,6.611951839340192e-06,2.561264672022061e-06
0117-KXKZ2,congruent,191,-7.427787716728752e-07,3.7360515801334947e-06
0117-KXKZ2,congruent,192,-5.874578230309256e-07,-3.2290484604366285e-06
0117-KXKZ2,congruent,193,-9.205025702696792e-07,4.349257000366533e-06
0117-KXKZ2,congruent,194,5.001073941221466e-06,2.3985401291880597e-06
0117-KXKZ2,congruent,195,5.244453888220867e-07,6.112338004659703e-06
0117-KXKZ2,congruent,196,-8.758790393352366e-06,-9.913506099081551e-06
0117-KXKZ2,congruent,197,-5.868969728291059e-06,-1.5898078496027105e-06
0117-KXKZ2,congruent,198,1.276638671480228e-06,9.84338241880493e-07
0117-KXKZ2,congruent,199,1.1391266666355716e-06,3.0203833804990042e-06
0117-KXKZ2,congruent,200,7.149960679150069e-06,3.305464871487145e-06
0117-KXKZ2,congruent,201,2.3046523542309045e-06,-1.8163336456284214e-06
0117-KXKZ2,congruent,202,4.867381044665959e-06,2.354677877958487e-06
0117-KXKZ2,congruent,203,9.03727709867263e-07,1.1790624909033898e-06
0117-KXKZ2,congruent,204,4.227683691509322e-06,4.781293997689914e-06
0117-KXKZ2,congruent,205,1.3397459535057424e-06,5.188684721063937e-07
0117-KXKZ2,incongruent,0,-7.562333095479908e-07,-2.3236551236042147e-06
0117-KXKZ2,incongruent,1,1.970455543197139e-08,-3.2670223366483575e-06
0117-KXKZ2,incongruent,2,-2.064488722278461e-06,1.5409895503558376e-06
0117-KXKZ2,incongruent,3,3.6347771008339385e-06,1.5772404640985183e-06
0117-KXKZ2,incongruent,4,-9.893262429683165e-07,-6.648665451222416e-07
0117-KXKZ2,incongruent,5,5.156802246007697e-07,6.34959857432205e-06
0117-KXKZ2,incongruent,6,4.343615838579405e-06,2.7961493573858934e-06
0117-KXKZ2,incongruent,7,1.219045438753507e-06,5.162132813297888e-06
0117-KXKZ2,incongruent,8,1.5040785051456301e-06,5.877849203388951e-06
0117-KXKZ2,incongruent,9,5.083957540979857e-06,3.3232685599537383e-06
0117-KXKZ2,incongruent,10,-1.4005208625047345e-06,-2.5066914673910096e-06
0117-KXKZ2,incongruent,11,4.0117261429513885e-06,-2.5938044820513963e-06
0117-KXKZ2,incongruent,12,4.914278471149931e-07,4.283243318591001e-06
0117-KXKZ2,incongruent,13,4.473195688656162e-06,-7.183750677510742e-07
0117-KXKZ2,incongruent,14,1.631049241740329e-06,1.1805307491242284e-06
0117-KXKZ2,incongruent,15,-3.4362498959717086e-06,3.1108560498700797e-06
0117-KXKZ2,incongruent,16,-2.9838310213640724e-06,3.6112277609012995e-06
0117-KXKZ2,incongruent,17,-1.9958432754088374e-06,5.201278735501314e-06
0117-KXKZ2,incongruent,18,3.87954833630223e-06,3.6366662865838494e-06
0117-KXKZ2,incongruent,19,-1.4044429342621863e-06,5.050533657734115e-07
0117-KXKZ2,incongruent,20,8.011769113088097e-07,2.3458455922974503e-06
0117-KXKZ2,incongruent,21,-3.2870171758649703e-06,-5.035191250909633e-07
0117-KXKZ2,incongruent,22,-2.4716397374313183e-06,5.488586828046472e-06
0117-KXKZ2,incongruent,23,1.4939301256930287e-06,8.571856579495946e-07
0117-KXKZ2,incongruent,24,2.0130066400208853e-06,4.866136082450595e-06
0117-KXKZ2,incongruent,25,2.3882210611771386e-06,5.402292537301383e-06
0117-KXKZ2,incongruent,26,2.1074988217768203e-06,2.5673451666802413e-06
0117-KXKZ2,incongruent,27,5.50990165317875e-06,1.716463377409406e-06
0117-KXKZ2,incongruent,28,1.9990944877875213e-06,-2.039144797750228e-06
0117-KXKZ2,incongruent,29,1.2501281186672433e-06,9.001053865502687e-07
0117-KXKZ2,incongruent,30,2.1911107191981635e-06,5.09539436231852e-06
0117-KXKZ2,incongruent,31,6.222559846617186e-06,5.344568709764495e-06
0117-KXKZ2,incongruent,32,-1.979805577159633e-06,1.0169113472165583e-06
0117-KXKZ2,incongruent,33,-4.891196442349568e-06,-2.4517074379090116e-06
0117-KXKZ2,incongruent,34,7.872773968870839e-07,8.18310867849662e-06
0117-KXKZ2,incongruent,35,-9.48472330764582e-07,3.576399725543926e-06
0117-KXKZ2,incongruent,36,-5.674874854523846e-06,2.0711975392023793e-06
0117-KXKZ2,incongruent,37,2.3210867032113346e-06,-4.060600107918027e-06
0117-KXKZ2,incongruent,38,-1.7346693197697682e-06,2.4719593664496855e-06
0117-KXKZ2,incongruent,39,-3.881931916299801e-06,-6.922158535223716e-07
0117-KXKZ2,incongruent,40,-3.2035062956849934e-06,4.776297366274551e-06
0117-KXKZ2,incongruent,41,3.4229631641068997e-06,-1.1107295492680414e-07
0117-KXKZ2,incongruent,42,9.229276604704821e-07,1.5813048196597567e-06
0117-KXKZ2,incongruent,43,3.0844123609493783e-06,7.161614810230157e-06
0117-KXKZ2,incongruent,44,1.916555655878115e-06,5.995266583580434e-07
0117-KXKZ2,incongruent,45,-1.8493782117792162e-07,-2.478588902112703e-06
0117-KXKZ2,incongruent,46,2.577204331657551e-06,5.215222778956562e-06
0117-KXKZ2,incongruent,47,2.3043556071290598e-06,1.4024650950813586e-06
0117-KXKZ2,incongruent,48,5.557427206857999e-06,9.318892773531526e-06
0117-KXKZ2,incongruent,49,3.300544509501227e-06,3.852446468038301e-06
0117-KXKZ2,incongruent,50,6.341997143416176e-07,3.0217989455544067e-06
0117-KXKZ2,incongruent,51,-3.978526787694715e-06,1.7642921767246375e-06
0117-KXKZ2,incongruent,52,2.0046968567829537e-06,4.44290430499276e-06
0117-KXKZ2,incongruent,53,2.3241457325742792e-07,1.6245033956150376e-06
0117-KXKZ2,incongruent,54,-2.952238613405982e-07,-4.205522262849297e-06
0117-KXKZ2,incongruent,55,3.3441824341186795e-07,4.986500037766975e-06
0117-KXKZ2,incongruent,56,-9.070636081451388e-08,5.337005093478331e-06
0117-KXKZ2,incongruent,57,-3.466366835177675e-06,-4.6152079770346054e-06
0117-KXKZ2,incongruent,58,-2.1785571437953024e-06,2.232489918738511e-06
0117-KXKZ2,incongruent,59,-5.894207150089291e-07,4.240895629210277e-06
0117-KXKZ2,incongruent,60,3.166786275874984e-06,8.300507601148338e-07
0117-KXKZ2,incongruent,61,2.2559408284362535e-06,6.758792309297153e-06
0117-KXKZ2,incongruent,62,-1.6358389892076645e-06,1.2113102196706416e-06
0117-KXKZ2,incongruent,63,-4.484689288185097e-06,-2.2392195756893608e-06
0117-KXKZ2,incongruent,64,-2.6308763670739032e-06,-7.623472872035896e-07
0117-KXKZ2,incongruent,65,2.4166379338793283e-06,4.8230459261458135e-06
0117-KXKZ2,incongruent,66,4.3102629498976315e-06,1.5837725922599183e-06
0117-KXKZ2,incongruent,67,3.8514970098572905e-06,6.407805076108302e-06
0117-KXKZ2,incongruent,68,-2.8878421506852678e-06,-1.5689888020151468e-06
0117-KXKZ2,incongruent,69,-4.235335416061171e-06,-6.146097720523704e-07
0117-KXKZ2,incongruent,70,2.586300332264572e-06,1.958602847214745e-06
0117-KXKZ2,incongruent,71,1.9176448431293283e-07,5.490830716797223e-06
0212-368CT,congruent,0,2.350093991008405e-06,1.9663254051185576e-08
0212-368CT,congruent,1,-1.7988356167835394e-06,-1.1386784466751458e-06
0212-368CT,congruent,2,3.3505681510749247e-06,3.954823419590288e-06
0212-368CT,congruent,3,1.112453350957352e-06,5.963329815083702e-07
0212-368CT,congruent,4,4.277446978106523e-06,2.6285895079595417e-06
0212-368CT,congruent,5,1.686901992470635e-06,3.7978650772504883e-06
0212-368CT,congruent,6,6.014363845188024e-07,-2.780154178033153e-07
0212-368CT,congruent,7,2.5384375560760775e-06,2.296764697914311e-06
0212-368CT,congruent,8,1.446874974181832e-06,6.193018950573679e-06
0212-368CT,congruent,9,7.660975921461285e-06,3.0736184877321735e-06
0212-368CT,congruent,10,-6.640340973584593e-07,2.420551291753733e-06
0212-368CT,congruent,11,-2.443780221169865e-06,-5.7514887019079815e-06
0212-368CT,congruent,12,6.668587157840721e-06,7.288216363281503e-06
0212-368CT,congruent,13,-3.036003877993128e-06,-8.936643304915211e-06
0212-368CT,congruent,14,-2.953725752198839e-06,-2.4162388512055976e-06
0212-368CT,congruent,15,1.5996069126099795e-06,1.0004837182805625e-06
0212-368CT,congruent,16,-7.031611961257749e-07,-4.202540453262999e-06
0212-368CT,congruent,17,-2.7038335508767488e-06,-1.4534057571278066e-06
0212-368CT,congruent,18,3.0632953125797037e-06,-1.288305216222869e-06
0212-368CT,congruent,19,5.220627512537467e-06,3.270722974479574e-06
0212-368CT,congruent,20,-4.5299689067678185e-07,6.991528498738688e-07
0212-368CT,congruent,21,-9.68616575931762e-06,-5.4567352489711205e-06
0212-368CT,congruent,22,2.940784799849543e-06,-3.1841281193818575e-06
0212-368CT,congruent,23,6.6624395743586606e-06,7.004751997202297e-06
0212-368CT,congruent,24,7.5991512247266815e-06,-1.3293844435427867e-06
0212-368CT,congruent,25,5.02005790391397e-07,4.7241291761167865e-06
0212-368CT,congruent,26,-2.0855147593745305e-06,-1.093523296372263e-06
0212-368CT,congruent,27,2.5841007611810644e-06,-1.9646517093820293e-06
0212-368CT,congruent,28,2.023317012322018e-06,2.387803486843133e-06
0212-368CT,congruent,29,-4.080874347545095e-06,-3.4162075212952978e-06
0212-368CT,congruent,30,1.3889997450453787e-06,6.620251758530388e-06
0212-368CT,congruent,31,-5.341749284909296e-06,-1.1259489369690836e-06
0212-368CT,congruent,32,-1.4056518473703338e-07,-3.2226663643069656e-06
0212-368CT,congruent,33,5.4827256011602375e-06,4.892518189858371e-06
0212-368CT,congruent,34,-1.1837758512176804e-06,-1.6676537624733279e-06
0212-368CT,congruent,35,2.6777389836963257e-06,1.4576738382115823e-06
0212-368CT,congruent,36,-1.607977776920084e-07,-5.986100888269066e-06
0212-368CT,congruent,37,5.220017710117405e-06,1.2552079995542386e-06
0212-368CT,congruent,38,-9.037603079250968e-07,4.549062073991538e-06
0212-368CT,congruent,39,1.1887028202808831e-06,-2.970499498898996e-06
0212-368CT,congruent,40,6.128185530977212e-06,1.1167545131081825e-06
0212-368CT,congruent,41,-3.749285239766887e-06,1.4638212992766206e-06
0212-368CT,congruent,42,-3.5951467325976465e-07,-3.8411574753909995e-07
0212-368CT,congruent,43,-5.342198561301926e-07,1.2278181558962126e-06
0212-368CT,congruent,44,3.553314837779622e-06,2.9968706955779e-06
0212-368CT,congruent,45,1.247372197962653e-06,2.294251882213999e-06
0212-368CT,congruent,46,1.6875813823854002e-06,1.8323387562579484e-06
0212-368CT,congruent,47,-7.399358514559286e-06,-6.800356316515628e-06
0212-368CT,congruent,48,3.4190765289760763e-06,3.3564995894036735e-06
0212-368CT,congruent,49,2.4525207537578175e-06,6.678882593004365e-07
0212-368CT,congruent,50,2.858213833995281e-06,1.1526434857545154e-06
0212-368CT,congruent,51,3.1985079539994865e-06,-2.9350525548052134e-06
0212-368CT,congruent,52,3.6307440074315073e-06,4.930503023741483e-06
0212-368CT,congruent,53,-6.525192224392104e-06,-5.22365531658659e-06
0212-368CT,congruent,54,1.7683219780245478e-06,1.1931772912020582e-06
0212-368CT,congruent,55,7.573114052049035e-06,4.100232517322626e-06
0212-368CT,congruent,56,-8.265376732297371e-07,1.8794068864322286e-06
0212-368CT,congruent,57,2.1676847218473434e-06,-1.4388115014372378e-06
0212-368CT,congruent,58,1.87603212204427e-06,6.026305746467453e-07
0212-368CT,congruent,59,4.00835234600168e-06,3.8664317397775805e-06
0212-368CT,congruent,60,-1.4183529219569546e-06,-1.8618939726455826e-07
0212-368CT,congruent,61,-1.6800725233534198e-06,-4.572258407747423e-06
0212-368CT,congruent,62,3.6051749799664165e-06,-8.389413521415841e-08
0212-368CT,congruent,63,2.4269851835890296e-06,4.621838902307911e-07
0212-368CT,congruent,64,-4.089959253877988e-07,2.0529156834806646e-06
0212-368CT,congruent,65,1.4572512903867757e-06,7.890987092710277e-07
0212-368CT,congruent,66,5.417803485649829e-06,2.0496817691042197e-06
0212-368CT,congruent,67,2.785392661273415e-07,-3.951081331629822e-07
0212-368CT,congruent,68,1.1119688229197878e-07,-4.669228763556874e-06
0212-368CT,congruent,69,-6.83499191085791e-07,4.948857013422279e-07
0212-368CT,congruent,70,-3.1984117108277363e-06,-4.067817094665678e-06
0212-368CT,congruent,71,-2.08328257152951e-06,2.5359818594042995e-07
0212-368CT,congruent,72,-2.6477685193635094e-06,-1.0361129750186642e-06
0212-368CT,congruent,73,-5.473523568653815e-07,-1.6467871622177663e-06
0212-368CT,congruent,74,2.87721573543825e-06,-5.380604307096834e-06
0212-368CT,congruent,75,2.6755140728024814e-06,-2.4138970246590633e-06
0212-368CT,congruent,76,6.452495162284622e-06,7.23604160606021e-06
0212-368CT,congruent,77,4.415590878111577e-06,8.164381753980058e-07
0212-368CT,congruent,78,1.7998241761453057e-06,3.4648532895087508e-06
0212-368CT,congruent,79,-2.2996370244426573e-06,8.355687449569219e-07
0212-368CT,congruent,80,-9.298549539663505e-06,9.781408914018896e-07
0212-368CT,congruent,81,6.768552040467984e-06,1.4167716860141125e-06
0212-368CT,congruent,82,3.3034272660883684e-06,2.335527353696663e-06
0212-368CT,congruent,83,-3.4739750614723727e-06,5.838069102156095e-07
0212-368CT,congruent,84,1.1192554645870774e-07,-2.7146820243976174e-07
0212-368CT,congruent,85,3.1008189898582597e-06,1.4675455342271481e-06
0212-368CT,congruent,86,4.850014629790233e-06,6.12742620962765e-06
0212-368CT,congruent,87,7.112644669403828e-07,2.463289233344719e-06
0212-368CT,congruent,88,-4.522182749564606e-06,2.791477674468449e-06
0212-368CT,congruent,89,-1.826730755801026e-07,-8.824427191061993e-07
0212-368CT,congruent,90,-4.411582572839465e-06,1.53233308696723e-06
0212-368CT,congruent,91,-1.8469937071425952e-06,1.3459604756139557e-06
0212-368CT,congruent,92,1.1436329290752469e-06,-1.3564872495945956e-06
0212-368CT,congruent,93,7.3640046731843445e-06,3.415343072932478e-06
0212-368CT,congruent,94,-2.2104569454097884e-06,7.676950048575739e-08
0212-368CT,congruent,95,8.166906521660077e-07,5.33567687574134e-06
0212-368CT,congruent,96,-4.416992039538e-06,-1.0370384878411466e-06
0212-368CT,congruent,97,1.251034079956328e-06,2.6915631985696575e-06
0212-368CT,congruent,98,2.6479340813765883e-06,5.136106613814765e-06
0212-368CT,congruent,99,1.5950676523308402e-06,3.872344966949566e-06
0212-368CT,congruent,100,2.0821439815570763e-06,4.464434883899036e-06
0212-368CT,congruent,101,-9.642263033670577e-06,-3.6350439280738956e-06
0212-368CT,congruent,102,3.6463248885099378e-06,-5.063091412625518e-06
0212-368CT,congruent,103,1.0518745060600282e-05,1.0714151285136553e-05
0212-368CT,congruent,104,-2.721040224830068e-06,4.2818759980443783e-07
0212-368CT,congruent,105,-1.065078699070092e-06,-9.423134731502035e-07
0212-368CT,congruent,106,-9.049895753811773e-06,-4.6623809797557314e-06
0212-368CT,congruent,107,1.957462673798746e-06,3.556251274562076e-07
0212-368CT,congruent,108,6.137208537306119e-06,2.158236428338247e-06
0212-368CT,congruent,109,1.2775593966839964e-06,1.5936724881512314e-06
0212-368CT,congruent,110,-3.7054583702476562e-06,-1.3497884199806155e-06
0212-368CT,congruent,111,-2.7176954381404372e-06,-5.041827323001388e-07
0212-368CT,congruent,112,-2.8239417259830883e-06,3.383242785120157e-06
0212-368CT,congruent,113,1.0349392967265297e-05,4.024726636740283e-06
0212-368CT,congruent,114,8.274006804785794e-06,5.182622309021351e-06
0212-368CT,congruent,115,-4.927808923834806e-06,-2.788771313171354e-06
0212-368CT,congruent,116,-4.833196206032255e-07,-1.1861695760933862e-06
0212-368CT,congruent,117,-4.464972064659382e-06,-3.554996571535792e-06
0212-368CT,congruent,118,-4.114425995616355e-06,-8.187299789788898e-06
0212-368CT,congruent,119,3.839545679225901e-06,-6.262015657162562e-07
0212-368CT,congruent,120,-9.106943495010232e-08,-4.140085822938874e-06
0212-368CT,congruent,121,-4.6129169079050995e-06,1.9225153239156837e-06
0212-368CT,congruent,122,4.143701334907022e-06,-3.907304572138448e-06
0212-368CT,congruent,123,8.104398129842654e-06,6.732567185376811e-06
0212-368CT,congruent,124,9.675433547354954e-07,1.4094299079146065e-06
0212-368CT,congruent,125,2.9465497714277863e-06,5.384265239759605e-06
0212-368CT,congruent,126,3.3974602209976902e-06,7.563891182189742e-06
0212-368CT,congruent,127,-1.9655667196223536e-06,1.935082061503142e-06
0212-368CT,congruent,128,8.479611207473947e-06,5.277473340309523e-06
0212-368CT,congruent,129,-8.177022563356416e-07,1.6971334812952285e-06
0212-368CT,congruent,130,2.6103810335363905e-06,-1.5858405212617337e-06
0212-368CT,congruent,131,-5.696911790994896e-06,-6.2058836495244096e-06
0212-368CT,congruent,132,-3.2653927430025984e-06,4.570023859944395e-06
0212-368CT,congruent,133,-4.508320786977126e-06,-2.479069201686831e-06
0212-368CT,congruent,134,3.926589072851726e-06,1.2133941787913506e-06
0212-368CT,congruent,135,2.848754996990557e-06,2.6766650041092446e-06
0212-368CT,congruent,136,-7.324348298310682e-07,-1.863030191974472e-06
0212-368CT,congruent,137,2.444963050670259e-07,-4.017550090052921e-06
0212-368CT,congruent,138,7.419155138891689e-06,6.090827177264665e-06
0212-368CT,congruent,139,8.190610387877496e-06,1.1846785009013944e-07
0212-368CT,congruent,140,4.441508378662964e-07,-1.957195156960133e-06
0212-368CT,congruent,141,2.9993127953229604e-08,-3.200605360784534e-06
0212-368CT,congruent,142,-1.4838923761639138e-06,-3.863821442166866e-06
0212-368CT,congruent,143,-4.824762819061015e-06,-4.190742667698602e-06
0212-368CT,congruent,144,-2.310992194011663e-06,1.5174285716310216e-06
0212-368CT,congruent,145,-1.889057758572427e-07,3.3200333614533835e-06
0212-368CT,congruent,146,4.67508310828881e-06,-1.8488516350617152e-06
0212-368CT,congruent,147,-2.2201677361663346e-06,1.6610327987694187e-06
0212-368CT,congruent,148,-5.308703424544127e-06,-3.189468635351118e-06
0212-368CT,congruent,149,4.568773081865882e-06,1.3091870033384459e-06
0212-368CT,congruent,150,3.038376892379233e-06,4.670701110128479e-06
0212-368CT,congruent,151,-3.456583739789253e-06,1.2073185283917455e-06
0212-368CT,congruent,152,1.5230022873652847e-06,-2.6371686422406945e-06
0212-368CT,congruent,153,8.779919688091286e-06,3.573479544328144e-06
0212-368CT,congruent,154,2.427812239592593e-06,6.365999785170374e-07
0212-368CT,congruent,155,6.008861153210417e-07,8.287782873062026e-07
0212-368CT,congruent,156,5.848343648086292e-06,5.318771115697354e-06
0212-368CT,congruent,157,3.4605936054963045e-06,3.4847061190304916e-06
0212-368CT,congruent,158,5.103863399926411e-06,1.0421680925622933e-06
0212-368CT,congruent,159,6.341833672606004e-06,1.0743451873089584e-06
0212-368CT,congruent,160,8.395127764799608e-07,2.247331346942417e-06
0212-368CT,congruent,161,1.1990672006984036e-05,6.289442797199726e-06
0212-368CT,congruent,162,3.5076138706510712e-06,-4.300238294333102e-07
0212-368CT,congruent,163,1.9725057473528324e-06,8.805898011024642e-07
0212-368CT,congruent,164,2.4778976480769864e-06,3.5639077882090394e-06
0212-368CT,congruent,165,-4.910450193477326e-06,-7.056096624212884e-07
0212-368CT,congruent,166,5.318819934953145e-07,-1.1255402208736896e-06
0212-368CT,congruent,167,1.398734048115851e-07,-2.3417963306969254e-06
0212-368CT,congruent,168,4.452636080300858e-07,2.5660297799757144e-06
0212-368CT,congruent,169,1.3054041266096163e-06,2.244624165316977e-06
0212-368CT,congruent,170,-2.242740730300289e-06,6.254907607915449e-07
0212-368CT,congruent,171,1.0630419553765808e-06,1.3574938343866136e-06
0212-368CT,congruent,172,3.282256808289269e-06,6.813942391566833e-07
0212-368CT,congruent,173,7.222826647708941e-06,1.7958720623011216e-06
0212-368CT,congruent,174,3.6189048832569832e-06,4.825446782832638e-06
0212-368CT,congruent,175,4.503642289768847e-06,-6.925906361585483e-07
0212-368CT,congruent,176,3.0597559055644458e-06,5.228730745592133e-06
0212-368CT,congruent,177,-7.463363805470359e-07,-1.881542392941229e-06
0212-368CT,congruent,178,-3.3328044906893667e-06,1.1464400957401059e-06
0212-368CT,congruent,179,-6.301839881098437e-06,2.7263286443283034e-06
0212-368CT,congruent,180,-4.710849333288422e-06,-4.2485177086948545e-06
0212-368CT,congruent,181,2.4882162740949385e-06,2.0912186550934993e-06
0212-368CT,congruent,182,-1.3650203841983771e-06,-3.165133774177558e-06
0212-368CT,congruent,183,5.3665561177355045e-06,6.9284249522334155e-06
0212-368CT,congruent,184,1.3863087676996629e-06,2.9088563639774447e-07
0212-368CT,congruent,185,8.105919565835717e-06,3.0583384791499036e-06
0212-368CT,congruent,186,-4.1138234261777707e-07,3.3396393083750057e-07
0212-368CT,congruent,187,3.392352693667325e-06,3.040179791442834e-08
0212-368CT,congruent,188,3.3696982744832e-06,-8.270881600851769e-07
0212-368CT,congruent,189,7.066102326305351e-06,2.8406347717965934e-06
0212-368CT,congruent,190,-8.746304672276074e-07,-2.3462345330146427e-07
0212-368CT,congruent,191,4.942166399898754e-06,1.058826865061041e-06
0212-368CT,congruent,192,1.203669406784922e-07,4.070284963352244e-06
0212-368CT,congruent,193,-2.9411153325812165e-06,-1.1931338200145757e-06
0212-368CT,congruent,194,-2.9015648751250407e-06,5.050325644012633e-06
0212-368CT,congruent,195,4.7164958437644726e-06,2.9902300604404715e-06
0212-368CT,congruent,196,-3.734505068954636e-07,-2.053175261973358e-06
0212-368CT,congruent,197,6.79134816180202e-06,6.1005007865721966e-06
0212-368CT,congruent,198,6.443575190169322e-06,-2.651900986753438e-06
0212-368CT,congruent,199,5.9162118209844356e-06,2.2593599480301767e-06
0212-368CT,congruent,200,-3.894856503886738e-06,-3.869678447971155e-08
0212-368CT,congruent,201,-1.8463446584416015e-06,-3.956581899036039e-06
0212-368CT,congruent,202,1.071522562683729e-05,1.345090207558439e-05
0212-368CT,congruent,203,-4.195563504318217e-06,-3.0620619899112215e-06
0212-368CT,congruent,204,7.041270530382618e-07,1.0952147083730336e-06
0212-368CT,congruent,205,4.13327200007569e-06,1.3854627923134446e-06
0212-368CT,congruent,206,4.532934264512785e-07,-4.5678061075985783e-07
0212-368CT,congruent,207,-3.551407945265394e-06,2.6425081114991027e-06
0212-368CT,congruent,208,-1.9609534219238528e-06,-7.190200720978534e-07
0212-368CT,congruent,209,7.357410536769537e-06,7.335169358407721e-06
0212-368CT,congruent,210,1.0142779849181868e-06,-3.307824457272615e-06
0212-368CT,congruent,211,3.823952717189097e-06,6.003820626900326e-07
0212-368CT,congruent,212,-3.3975764184818128e-06,2.5824597103616085e-06
0212-368CT,incongruent,0,2.394399639358688e-06,-2.2863433487281067e-06
0212-368CT,incongruent,1,5.145539987261408e-06,2.683005720467725e-06
0212-368CT,incongruent,2,3.514030501385553e-06,6.531876881207816e-06
0212-368CT,incongruent,3,-2.17791036413311e-06,-6.616849408066355e-07
0212-368CT,incongruent,4,4.646014112674158e-06,1.2464366326635395e-06
0212-368CT,incongruent,5,1.909360193182022e-06,-2.0529057017740057e-06
0212-368CT,incongruent,6,3.339203916364785e-06,-1.024655060054288e-06
0212-368CT,incongruent,7,-5.641671845067163e-06,5.727555746771011e-08
0212-368CT,incongruent,8,6.048041186960866e-07,1.2651711460074208e-06
0212-368CT,incongruent,9,3.7624484539342855e-06,7.853464925891176e-06
0212-368CT,incongruent,10,4.159177701509632e-06,-3.30748385523748e-06
0212-368CT,incongruent,11,1.4099335362653385e-06,2.004793519070281e-06
0212-368CT,incongruent,12,-1.0790456348487096e-06,3.0090692508032093e-06
0212-368CT,incongruent,13,-2.697911690569328e-06,-6.797239481227722e-09
0212-368CT,incongruent,14,5.994414273760105e-06,8.056038871409696e-06
0212-368CT,incongruent,15,2.785370743343565e-06,-1.4053687565505313e-06
0212-368CT,incongruent,16,2.1902448176230254e-06,1.5238823415049275e-06
0212-368CT,incongruent,17,-6.029474737506939e-07,1.5704876405732584e-06
0212-368CT,incongruent,18,-2.7405295586214885e-06,-3.928246260138731e-06
0212-368CT,incongruent,19,2.9985597878640586e-06,6.600244761114365e-06
0212-368CT,incongruent,20,-1.8068153956661506e-06,-2.457628054335738e-07
0212-368CT,incongruent,21,-1.6290488208353382e-06,7.536727171275275e-08
0212-368CT,incongruent,22,7.472647974792374e-06,1.8161992601897548e-06
0212-368CT,incongruent,23,-2.450593027896792e-06,1.2478988506976807e-06
0212-368CT,incongruent,24,3.211125292528646e-08,-4.0175904359720644e-07
0212-368CT,incongruent,25,7.49503966638048e-06,4.271861784704546e-06
0212-368CT,incongruent,26,6.388168879172683e-07,-8.551384784747987e-07
0212-368CT,incongruent,27,2.352361724951314e-06,1.3456348614561794e-07
0212-368CT,incongruent,28,6.654874839827854e-06,9.296404504071766e-06
0212-368CT,incongruent,29,8.205979609991194e-07,-2.732884054255417e-06
0212-368CT,incongruent,30,-4.39155326858844e-06,1.7341689054734967e-06
0212-368CT,incongruent,31,9.238496700062808e-06,7.725681010413353e-06
0212-368CT,incongruent,32,-4.746050611110972e-06,-7.3176370093052155e-06
0212-368CT,incongruent,33,4.2075588731920465e-06,2.269964042710237e-06
0212-368CT,incongruent,34,1.0849783969851471e-06,-4.0553437649273925e-06
0212-368CT,incongruent,35,3.9830641474521645e-06,1.1820377388763453e-06
0212-368CT,incongruent,36,2.669622169598237e-06,4.488339631819141e-06
0212-368CT,incongruent,37,-2.4106189099193972e-06,-6.785829578195851e-06
0212-368CT,incongruent,38,-2.4075305646828733e-08,2.0347337830229703e-06
0212-368CT,incongruent,39,6.919894734045866e-06,7.712669892418756e-06
0212-368CT,incongruent,40,3.5651994905500876e-06,-5.800066581196279e-06
0212-368CT,incongruent,41,-9.739604341500315e-08,1.39994117476104e-06
0212-368CT,incongruent,42,5.5799846529871e-06,-4.007522846806107e-07
0212-368CT,incongruent,43,8.082505873728354e-06,1.1269076421229376e-05
0212-368CT,incongruent,44,-1.350439464820279e-06,-6.524755185849044e-07
0212-368CT,incongruent,45,4.0772825015646906e-08,-1.323287393288298e-07
0212-368CT,incongruent,46,-9.76343965414785e-07,3.5366327051799662e-06
0212-368CT,incongruent,47,6.57059029485434e-06,3.521468060860881e-06
0212-368CT,incongruent,48,5.731834757246172e-06,5.382085073266173e-06
0212-368CT,incongruent,49,-4.099164250399756e-06,1.0623217883135115e-06
0212-368CT,incongruent,50,4.922016405483619e-06,2.560506784385677e-06
0212-368CT,incongruent,51,4.528831797274055e-06,1.261443616990781e-06
0212-368CT,incongruent,52,1.0552935972396572e-06,1.9650987747706548e-06
0212-368CT,incongruent,53,2.7379439573089656e-06,3.7560561258096147e-06
0212-368CT,incongruent,54,2.837375587056322e-06,2.62745013081527e-06
0212-368CT,incongruent,55,9.265242124479715e-07,3.1569551379316763e-06
0212-368CT,incongruent,56,2.388224949633589e-06,-8.22060207113046e-07
0212-368CT,incongruent,57,-1.878349229482576e-06,4.146536980983248e-06
0212-368CT,incongruent,58,-4.568557787957434e-07,-4.273819105981465e-07
0212-368CT,incongruent,59,7.810472175017054e-06,4.224943939181614e-06
0212-368CT,incongruent,60,-8.095369740925947e-06,-2.149803432806927e-06
0212-368CT,incongruent,61,-8.756550173622999e-07,3.0735035156969833e-07
0212-368CT,incongruent,62,3.6967515784620637e-07,-1.218923630606759e-06
0212-368CT,incongruent,63,7.961743752644867e-06,5.9226792471865224e-06
0212-368CT,incongruent,64,2.6782764030278935e-06,6.829357802426825e-06
0212-368CT,incongruent,65,-4.148001325357722e-06,-4.84378663356739e-07
0212-368CT,incongruent,66,3.79784484858491e-06,6.522888069361651e-06
0212-368CT,incongruent,67,-3.6626274671628795e-06,2.426984609317416e-06
0212-368CT,incongruent,68,1.1251086522178002e-06,3.1662938710015635e-07
0212-368CT,incongruent,69,8.652335948276356e-07,-1.2744963116718114e-06
0212-368CT,incongruent,70,6.551797363870943e-06,-2.840837141404369e-06
0212-368CT,incongruent,71,2.3494956211200316e-07,-3.938039973286556e-06
0214-12AO6,congruent,0,-4.967234863319702e-07,-5.44743457589671e-06
0214-12AO6,congruent,1,4.720362399169123e-06,5.0285503675191275e-06
0214-12AO6,congruent,2,-7.730134868298615e-07,1.1742512383781672e-06
0214-12AO6,congruent,3,-6.182611602631671e-06,-6.827177671237663e-06
0214-12AO6,congruent,4,7.984742962261849e-06,-1.2219527228902957e-06
0214-12AO6,congruent,5,8.76596316874188e-06,3.5459961611546733e-06
0214-12AO6,congruent,6,2.989817607411824e-06,-8.470650862549448e-07
0214-12AO6,congruent,7,5.155434384421999e-06,5.361627714689293e-06
0214-12AO6,congruent,8,-1.9884334492296885e-07,-5.939861488457207e-07
0214-12AO6,congruent,9,-4.602566921551257e-06,1.6760803635253908e-06
0214-12AO6,congruent,10,-1.371967261416562e-06,-5.194050460141894e-06
0214-12AO6,congruent,11,6.0006461663345456e-06,-4.770435617763932e-07
0214-12AO6,congruent,12,8.559309719816096e-06,4.374158004328278e-06
0214-12AO6,congruent,13,2.931150531394582e-07,5.943240780992143e-06
0214-12AO6,congruent,14,-1.2757564684645791e-06,-3.7500137529803606e-06
0214-12AO6,congruent,15,3.7465869096748473e-06,-9.525727421878889e-07
0214-12AO6,congruent,16,4.476710247473503e-06,2.771373168171225e-06
0214-12AO6,congruent,17,4.297299283137485e-06,-2.956637243102906e-07
0214-12AO6,congruent,18,1.7028946176012357e-06,-3.303379676256067e-06
0214-12AO6,congruent,19,1.7421374686126636e-06,-2.696692917471217e-06
0214-12AO6,congruent,20,-7.704572017291345e-07,4.336623544784515e-06
0214-12AO6,congruent,21,-5.206515182521693e-06,-5.950923591181456e-06
0214-12AO6,congruent,22,6.305839822910964e-06,1.7311276427529663e-06
0214-12AO6,congruent,23,5.735708836228337e-06,1.8171613215170803e-06
0214-12AO6,congruent,24,3.909698008876469e-06,-2.157131168690682e-08
0214-12AO6,congruent,25,-5.697775586684171e-06,-4.1228858552698156e-06
0214-12AO6,congruent,26,-3.228199256156861e-07,7.563283349195746e-07
0214-12AO6,congruent,27,3.6965706550876576e-06,-1.232752519759916e-06
0214-12AO6,congruent,28,8.858903158163968e-06,6.454914138134182e-06
0214-12AO6,congruent,29,1.582381897675072e-06,3.7207566499583007e-06
0214-12AO6,congruent,30,3.0121539477006297e-06,-1.0618190330825377e-06
0214-12AO6,congruent,31,4.524596368084146e-06,4.980532384689031e-06
0214-12AO6,congruent,32,-3.2354280636537974e-07,1.4355038391093243e-06
0214-12AO6,congruent,33,1.1869354356936553e-05,4.043633527657291e-06
0214-12AO6,congruent,34,1.3354778686303184e-06,6.450747591744479e-06
0214-12AO6,congruent,35,-3.897073734231641e-06,-1.78557372701866e-06
0214-12AO6,congruent,36,8.454110702506777e-06,7.5242464936319805e-06
0214-12AO6,congruent,37,-7.283927243889135e-06,-2.5125630950401586e-06
0214-12AO6,congruent,38,1.9336089172002475e-06,1.382687618890284e-06
0214-12AO6,congruent,39,1.3894810790302109e-08,4.1165235004380093e-07
0214-12AO6,congruent,40,-6.712141361153702e-06,-4.0962639923450125e-06
0214-12AO6,congruent,41,-4.6691112110428715e-07,2.6944785351659905e-06
0214-12AO6,congruent,42,1.970152211402495e-06,-1.0532334998705251e-07
0214-12AO6,congruent,43,4.8819631787421585e-06,1.1081762135582005e-06
0214-12AO6,congruent,44,4.894712662579825e-06,2.0827268941129115e-06
0214-12AO6,congruent,45,3.091227744295907e-06,3.679976023762832e-07
0214-12AO6,congruent,46,4.176946042864058e-06,5.316507284680871e-06
0214-12AO6,congruent,47,3.7776711345494033e-06,1.8620429373451563e-06
0214-12AO6,congruent,48,8.887033986799142e-07,9.941993976627675e-07
0214-12AO6,congruent,49,8.53547717121935e-06,1.8861417061432173e-06
0214-12AO6,congruent,50,2.6284367334062775e-06,1.409648369611906e-06
0214-12AO6,congruent,51,8.62337691321525e-06,4.357083520649353e-06
0214-12AO6,congruent,52,-2.068972633763355e-06,-1.656414550850515e-06
0214-12AO6,congruent,53,1.4207753528625861e-06,-3.6922756272918586e-07
0214-12AO6,congruent,54,3.713889117566228e-06,7.008092385920763e-07
0214-12AO6,congruent,55,1.4869449758951394e-06,5.765576445955368e-07
0214-12AO6,congruent,56,-6.203368623761002e-07,-9.05015116878604e-07
0214-12AO6,congruent,57,1.0046696711652297e-05,6.086780544722521e-06
0214-12AO6,congruent,58,5.96826425347365e-06,2.648828384747175e-06
0214-12AO6,congruent,59,7.796023359210082e-07,2.899963252921801e-06
0214-12AO6,congruent,60,2.1913430760472412e-06,-2.963218985761109e-06
0214-12AO6,congruent,61,3.7366496411380485e-06,-5.995029226128662e-07
0214-12AO6,congruent,62,2.4888241522459696e-06,-2.3572268559140135e-06
0214-12AO6,congruent,63,1.456607947961885e-06,1.7385256892985694e-06
0214-12AO6,congruent,64,1.1129967652567899e-06,1.3551772164060912e-07
0214-12AO6,congruent,65,-1.4882742231676886e-06,-4.577579787266684e-06
0214-12AO6,congruent,66,3.817450454956022e-06,4.904366456076439e-06
0214-12AO6,congruent,67,9.941171044937865e-07,2.3985727329877446e-06
0214-12AO6,congruent,68,-2.444594162968592e-06,-1.8081343339753693e-06
0214-12AO6,congruent,69,2.734525676094501e-06,-1.9289185854178314e-06
0214-12AO6,congruent,70,5.924727262576041e-06,6.565645923676601e-07
0214-12AO6,congruent,71,8.852873406083108e-06,2.2453653137698322e-06
0214-12AO6,congruent,72,5.3786646178758004e-06,-5.711379884620543e-07
0214-12AO6,congruent,73,5.209662164149774e-06,8.418321948146392e-07
0214-12AO6,congruent,74,2.494003015460144e-06,2.0416355598897484e-06
0214-12AO6,congruent,75,2.17409214762288e-06,7.606620134578438e-07
0214-12AO6,congruent,76,1.909089103799787e-06,-1.089276100990231e-06
0214-12AO6,congruent,77,2.0853597996625957e-06,-2.1365354917201634e-06
0214-12AO6,congruent,78,3.7940558743678686e-06,1.7729097386548147e-06
0214-12AO6,congruent,79,-1.9224665064208014e-06,1.0290209840618905e-06
0214-12AO6,congruent,80,2.4919887212263637e-06,1.7690981034834912e-06
0214-12AO6,congruent,81,-1.371106601956144e-06,1.2364058344323414e-06
0214-12AO6,congruent,82,4.4358507005027387e-07,-1.9014329271304353e-06
0214-12AO6,congruent,83,3.571425386621709e-06,-3.928194458946247e-06
0214-12AO6,congruent,84,7.124495487912165e-06,-1.0296001865958975e-06
0214-12AO6,congruent,85,9.587003382066052e-06,9.046043858072687e-06
0214-12AO6,congruent,86,5.331148494103829e-06,2.7397109971571555e-07
0214-12AO6,congruent,87,3.3462816344177348e-06,-9.355754067254533e-07
0214-12AO6,congruent,88,5.316704001257315e-06,-3.0807145502782304e-07
0214-12AO6,congruent,89,4.245755839344442e-06,1.5923905810776457e-07
0214-12AO6,congruent,90,6.916863858352794e-06,9.570437644137664e-06
0214-12AO6,congruent,91,-1.0123590629477811e-06,-4.515475005934224e-06
0214-12AO6,congruent,92,5.466053072812834e-06,4.682368980557949e-06
0214-12AO6,congruent,93,5.442899209023474e-06,4.68329489234304e-06
0214-12AO6,congruent,94,-3.03390966749475e-06,7.231852168057042e-07
0214-12AO6,congruent,95,6.581680102841122e-07,-7.414952935558498e-08
0214-12AO6,congruent,96,3.664157052095722e-06,-7.793458864940697e-08
0214-12AO6,congruent,97,-3.1848853200826788e-06,8.114891489296325e-07
0214-12AO6,congruent,98,3.120198125457324e-06,-1.6372337572099542e-07
0214-12AO6,congruent,99,4.265126977476872e-06,1.1479454014202521e-06
0214-12AO6,congruent,100,-1.2754159235038162e-06,1.432224426526976e-06
0214-12AO6,congruent,101,6.809423379302049e-06,-2.8101453252381022e-06
0214-12AO6,congruent,102,6.6678076418317745e-06,3.4858195474564292e-06
0214-12AO6,congruent,103,-2.913261235046352e-06,2.3348911881900777e-06
0214-12AO6,congruent,104,1.9456078455603225e-06,-8.80265540864756e-07
0214-12AO6,congruent,105,8.085219441997635e-06,3.7591134439864295e-06
0214-12AO6,congruent,106,6.130887351768631e-07,2.0035850094854367e-07
0214-12AO6,congruent,107,4.994071524881021e-06,2.185376244992019e-06
0214-12AO6,congruent,108,-1.6317463124469897e-06,5.608228979358324e-07
0214-12AO6,congruent,109,-6.272184508439153e-06,-5.903559860680441e-06
0214-12AO6,congruent,110,1.3290009545055181e-06,-2.3320492802211776e-06
0214-12AO6,congruent,111,4.3774627472573935e-06,2.869308944711047e-06
0214-12AO6,congruent,112,2.3343310622695814e-06,2.1250720388615873e-06
0214-12AO6,congruent,113,8.041221174666773e-06,3.711007495230715e-06
0214-12AO6,congruent,114,3.03590522177079e-06,8.112921367123318e-07
0214-12AO6,congruent,115,5.608966062105461e-06,-3.01689109713031e-07
0214-12AO6,congruent,116,9.105794179954408e-06,4.530568818740319e-06
0214-12AO6,congruent,117,2.5271788722215632e-06,-3.510077853876317e-06
0214-12AO6,congruent,118,2.656527050652322e-06,1.9706691315772694e-06
0214-12AO6,congruent,119,5.975814618031506e-06,1.4606419530522754e-06
0214-12AO6,congruent,120,1.6786905234321979e-06,5.880131443207644e-06
0214-12AO6,congruent,121,5.7165612578285795e-06,1.9626312162309675e-06
0214-12AO6,congruent,122,8.767798548939117e-07,-1.8763185676787464e-06
0214-12AO6,congruent,123,4.929945917086302e-06,3.72683054801e-06
0214-12AO6,congruent,124,3.808339205589829e-06,-1.5578200529986053e-06
0214-12AO6,congruent,125,4.3087736007201475e-06,1.2885760493213443e-06
0214-12AO6,congruent,126,1.176925874445522e-06,-4.107888615004656e-06
0214-12AO6,congruent,127,6.840503609604874e-06,1.1001026432229803e-05
0214-12AO6,congruent,128,2.550876799420791e-06,-2.0399917517228602e-06
0214-12AO6,congruent,129,5.2313490616693815e-06,1.9187624799761382e-06
0214-12AO6,congruent,130,7.71767354182369e-07,8.013169813563103e-07
0214-12AO6,congruent,131,3.7282520413969242e-06,3.284839689539315e-07
0214-12AO6,congruent,132,8.077225766920996e-06,2.010910530996335e-06
0214-12AO6,congruent,133,6.1400014500799816e-06,4.825085592350456e-06
0214-12AO6,congruent,134,4.937933563562111e-06,1.8428656981496248e-06
0214-12AO6,congruent,135,1.9695058566208006e-06,-8.829635782822321e-08
0214-12AO6,congruent,136,3.0363190077138384e-06,9.571430466249962e-07
0214-12AO6,congruent,137,2.965010883376349e-06,3.237246125421721e-06
0214-12AO6,congruent,138,-6.536696872830301e-06,-1.7669731981900773e-06
0214-12AO6,congruent,139,2.5370349650288547e-06,1.6840660707004393e-06
0214-12AO6,congruent,140,4.608379205981961e-06,4.086128820837353e-06
0214-12AO6,congruent,141,-1.5648540927714327e-06,1.1201298414507139e-06
0214-12AO6,congruent,142,3.865982602909706e-06,-3.6133447518672534e-07
0214-12AO6,congruent,143,3.832697433396487e-06,3.097046437787483e-06
0214-12AO6,congruent,144,1.2891057199004377e-06,-3.469069068452995e-08
0214-12AO6,congruent,145,9.874244308422705e-07,1.2068022403645728e-06
0214-12AO6,congruent,146,-7.009028580641767e-07,2.6813557629530566e-06
0214-12AO6,congruent,147,2.8946756843508096e-06,3.5017738099118e-07
0214-12AO6,congruent,148,6.509107724763801e-06,4.483969507138952e-06
0214-12AO6,congruent,149,-6.767856637613327e-07,6.855736475934148e-07
0214-12AO6,congruent,150,6.95863562200876e-07,1.765201674752651e-08
0214-12AO6,congruent,151,3.2470320502672813e-06,1.284628581527351e-06
0214-12AO6,congruent,152,3.1812446846218814e-06,3.6067501514671747e-06
0214-12AO6,congruent,153,-2.312668976110526e-06,-3.7116341934095337e-06
0214-12AO6,congruent,154,5.336294911886792e-06,-5.88932112589634e-07
0214-12AO6,congruent,155,4.794427946307527e-06,3.562650206024702e-06
0214-12AO6,congruent,156,3.838668395358417e-06,4.983771633996076e-06
0214-12AO6,congruent,157,-1.6126158441136361e-06,1.1637915653971964e-06
0214-12AO6,congruent,158,3.5615569525831026e-06,-4.393596136820469e-07
0214-12AO6,congruent,159,5.994149747194126e-07,-9.150164154619734e-07
0214-12AO6,congruent,160,3.725010693808322e-06,3.4236028679647096e-06
0214-12AO6,congruent,161,-3.686745343294467e-06,-1.90969848109053e-07
0214-12AO6,congruent,162,-2.961112156498421e-06,3.858188887845951e-06
0214-12AO6,congruent,163,4.0106655086581525e-06,1.6767067221975965e-06
0214-12AO6,congruent,164,1.673066072207914e-06,-5.664775512371955e-07
0214-12AO6,congruent,165,-2.9728999592776564e-07,-2.344872289653445e-06
0214-12AO6,congruent,166,-3.40712014529827e-06,-2.3992767026800137e-06
0214-12AO6,congruent,167,1.201088086122033e-06,-1.363728041512821e-07
0214-12AO6,congruent,168,-4.00719944522436e-06,-7.110215381378501e-06
0214-12AO6,congruent,169,7.4981763213846525e-06,8.315078738749316e-07
0214-12AO6,congruent,170,6.479294643146275e-06,6.0458297127033855e-06
0214-12AO6,congruent,171,4.90199844652547e-07,5.9372329455030995e-06
0214-12AO6,congruent,172,4.398735515148452e-06,5.483504465205029e-06
0214-12AO6,congruent,173,2.190675978651159e-06,-1.874566123056842e-06
0214-12AO6,congruent,174,7.469604823600192e-06,4.995433188212276e-06
0214-12AO6,congruent,175,1.1640537084943661e-06,-9.92572413943301e-07
0214-12AO6,congruent,176,2.2166685207364486e-06,4.517680812597502e-07
0214-12AO6,congruent,177,-1.615310243375164e-06,2.3317968171968717e-06
0214-12AO6,congruent,178,-1.4262230293808855e-06,-5.1031194236133545e-06
0214-12AO6,congruent,179,4.89451113461956e-06,-1.257881140662417e-07
0214-12AO6,congruent,180,-2.979951443244996e-06,-3.3567340643012213e-06
0214-12AO6,congruent,181,7.181692177383018e-07,-1.9998933065500503e-06
0214-12AO6,congruent,182,7.15564864036733e-06,2.6251532705004635e-07
0214-12AO6,congruent,183,6.302476109843656e-06,2.335941727521547e-06
0214-12AO6,congruent,184,5.827961473433227e-06,9.648392750674191e-08
0214-12AO6,congruent,185,5.037617586474998e-06,5.0680118459923915e-06
0214-12AO6,congruent,186,-7.314850964863272e-07,1.8873675933648836e-06
0214-12AO6,congruent,187,1.5545846351803862e-06,-1.8628400725910321e-06
0214-12AO6,congruent,188,5.6955965711673946e-06,6.452666646062532e-06
0214-12AO6,congruent,189,-3.279405437445853e-06,-5.147515480464361e-06
0214-12AO6,congruent,190,2.7434027466754866e-06,2.4268368913295025e-06
0214-12AO6,congruent,191,4.291173249105754e-06,-5.356800601337505e-06
0214-12AO6,congruent,192,3.802278670915016e-07,4.706453922753603e-06
0214-12AO6,congruent,193,3.6345172439065794e-06,-2.474641111244994e-06
0214-12AO6,congruent,194,-1.189410028107712e-06,-3.0753700097011736e-06
0214-12AO6,congruent,195,8.22444739310513e-07,-1.9673568961463795e-06
0214-12AO6,congruent,196,2.321404366535139e-06,7.407761043834e-07
0214-12AO6,congruent,197,3.949142062298844e-06,-3.636302539666085e-06
0214-12AO6,congruent,198,7.004850761106794e-06,4.587777630390745e-06
0214-12AO6,congruent,199,3.201479954359585e-06,2.9255368824289946e-06
0214-12AO6,congruent,200,1.4531745594685622e-06,-2.3588224417469219e-07
0214-12AO6,congruent,201,9.867026503112356e-07,3.525510598608021e-07
0214-12AO6,congruent,202,4.028855447115714e-06,5.348373502096443e-06
0214-12AO6,congruent,203,-4.070866540554946e-07,7.757218125461015e-07
0214-12AO6,congruent,204,5.719203760542442e-06,-3.6658414544317415e-06
0214-12AO6,congruent,205,2.7432541051509183e-06,1.3721050599568173e-08
0214-12AO6,congruent,206,1.3950032080749054e-06,-7.464611328495253e-07
0214-12AO6,congruent,207,2.6731799525133483e-06,-2.28902057668959e-06
0214-12AO6,congruent,208,1.6071548310692666e-07,1.474905430172365e-06
0214-12AO6,congruent,209,-3.2468612284690163e-06,-2.9795463745994968e-06
0214-12AO6,congruent,210,5.023829119409287e-06,1.773782440315082e-06
0214-12AO6,congruent,211,-5.128415929343726e-06,-5.9521840043496446e-06
0214-12AO6,incongruent,0,-2.684949964822223e-07,6.312027920732382e-07
0214-12AO6,incongruent,1,3.623917155765384e-06,7.176045843485777e-06
0214-12AO6,incongruent,2,2.026570235244979e-06,-2.5874996440667807e-06
0214-12AO6,incongruent,3,5.651725229477011e-06,1.2488296486896512e-06
0214-12AO6,incongruent,4,6.771759893257815e-06,7.269902143629247e-06
0214-12AO6,incongruent,5,6.537003316674421e-06,1.0258081988512714e-05
0214-12AO6,incongruent,6,2.009975034408286e-06,-1.4784402021539754e-06
0214-12AO6,incongruent,7,6.445909534439463e-07,3.158949491209953e-06
0214-12AO6,incongruent,8,4.787531208999706e-06,8.5868164882017e-06
0214-12AO6,incongruent,9,1.8268719677098177e-06,-1.7046303172273154e-06
0214-12AO6,incongruent,10,3.870841340219946e-06,2.9098025294847568e-06
0214-12AO6,incongruent,11,7.471244939702493e-07,-1.0427279034447506e-08
0214-12AO6,incongruent,12,8.161930190570967e-07,3.0312460364166266e-07
0214-12AO6,incongruent,13,-2.276000661426165e-06,-2.3249800539251024e-06
0214-12AO6,incongruent,14,2.156847592793224e-06,-1.3868357558299767e-06
0214-12AO6,incongruent,15,1.2176812275580444e-06,2.1178580033940553e-06
0214-12AO6,incongruent,16,3.2494042234133013e-07,-5.50325300161665e-06
0214-12AO6,incongruent,17,1.9269845509985125e-06,3.832091729880283e-06
0214-12AO6,incongruent,18,6.017236177574393e-06,4.790499504113841e-06
0214-12AO6,incongruent,19,7.74105437288425e-06,7.934882522098483e-06
0214-12AO6,incongruent,20,3.7188719085722523e-06,1.007526018445966e-06
0214-12AO6,incongruent,21,4.9386415128004074e-06,-1.683714625158888e-06
0214-12AO6,incongruent,22,1.0723889768838129e-05,7.275296216142576e-06
0214-12AO6,incongruent,23,-2.06317784815302e-06,2.4496081107314445e-06
0214-12AO6,incongruent,24,5.191857077680049e-06,1.4175976801179837e-06
0214-12AO6,incongruent,25,-1.0906227932257971e-06,-7.227546332520949e-08
0214-12AO6,incongruent,26,-1.540624848595292e-06,4.9253812291834376e-06
0214-12AO6,incongruent,27,2.693336996001826e-06,6.255058216178478e-06
0214-12AO6,incongruent,28,2.6153408839229016e-06,3.541939114229506e-06
0214-12AO6,incongruent,29,4.892213594474e-06,-1.1911265359324793e-07
0214-12AO6,incongruent,30,1.123323788379131e-06,-3.998667607872722e-06
0214-12AO6,incongruent,31,4.654122603703873e-06,1.0130841684134542e-06
0214-12AO6,incongruent,32,-2.93043607337926e-06,5.101959289264017e-08
0214-12AO6,incongruent,33,1.7725847232413452e-06,-3.6747350561655905e-06
0214-12AO6,incongruent,34,-2.338611108721653e-06,-4.282630236429587e-06
0214-12AO6,incongruent,35,3.7008530176256216e-07,1.4809488577312067e-06
0214-12AO6,incongruent,36,1.0367331838442928e-05,4.3269174744927636e-07
0214-12AO6,incongruent,37,5.6625124271526284e-06,3.3797870648231427e-06
0214-12AO6,incongruent,38,1.3557709454909532e-06,-2.526209734308785e-06
0214-12AO6,incongruent,39,3.625107559264926e-06,2.5608455855579103e-06
0214-12AO6,incongruent,40,6.877525588940706e-06,1.371544684894859e-06
0214-12AO6,incongruent,41,7.19690539255713e-06,4.345993375165481e-06
0214-12AO6,incongruent,42,-1.1461262600774329e-06,-1.4178671198628755e-06
0214-12AO6,incongruent,43,3.801842125322515e-06,-1.503652658168077e-07
0214-12AO6,incongruent,44,7.458017019765594e-06,2.87443912870357e-06
0214-12AO6,incongruent,45,2.7630656973799615e-07,6.778145163058246e-07
0214-12AO6,incongruent,46,6.78906645042477e-06,1.990358624240851e-06
0214-12AO6,incongruent,47,8.758654671502817e-07,1.5979986078577707e-06
0214-12AO6,incongruent,48,1.0774157752323017e-06,3.549661327887145e-06
0214-12AO6,incongruent,49,5.937146221043287e-06,-1.6473792331213055e-06
0214-12AO6,incongruent,50,2.561832106942386e-06,2.7443455552532183e-06
0214-12AO6,incongruent,51,7.600985183226485e-06,3.488573706104275e-06
0214-12AO6,incongruent,52,3.7007316275637356e-06,-1.208857229197353e-06
0214-12AO6,incongruent,53,2.4513925767848253e-06,3.5846256227268804e-06
0214-12AO6,incongruent,54,5.365011584549761e-06,5.28758449915849e-06
0214-12AO6,incongruent,55,5.292822931229624e-06,6.471938345997438e-06
0214-12AO6,incongruent,56,5.553144824288543e-06,2.3602065037432475e-06
0214-12AO6,incongruent,57,-3.2980666068443047e-06,-2.2457839241517086e-06
0214-12AO6,incongruent,58,6.195630508484442e-06,6.038264411939886e-06
0214-12AO6,incongruent,59,5.123956423201915e-06,3.241114342805316e-06
0214-12AO6,incongruent,60,1.3688110785644883e-06,8.06522578975568e-06
0214-12AO6,incongruent,61,6.3631392230117574e-06,1.8991798294158514e-06
0214-12AO6,incongruent,62,6.270563973687617e-06,1.3880316780351922e-07
0214-12AO6,incongruent,63,2.448503558661764e-06,-1.5546388389371033e-07
0214-12AO6,incongruent,64,4.853661611483785e-07,-5.4027875909519e-07
0214-12AO6,incongruent,65,3.867421516519697e-06,3.306048995029918e-06
0214-12AO6,incongruent,66,6.174243803640746e-06,6.99543382783199e-06
0214-12AO6,incongruent,67,1.4073070546781812e-06,2.2195108352315323e-06
0214-12AO6,incongruent,68,-1.1188974514235386e-07,5.858843948639482e-06
0214-12AO6,incongruent,69,5.664947146774584e-06,5.689387672200795e-06
0214-12AO6,incongruent,70,9.248941655380287e-06,2.5372583130549726e-06
0214-12AO6,incongruent,71,1.460478637680742e-06,3.677158689564285e-06
0104-SZEQ2,congruent,0,-3.042778377908611e-06,-1.1089593258666575e-06
0104-SZEQ2,congruent,1,-1.8317640741328288e-07,-3.0921439495094387e-06
0104-SZEQ2,congruent,2,3.883597810863717e-06,9.314050431863088e-07
0104-SZEQ2,congruent,3,4.218501488866481e-06,3.565424622166591e-06
0104-SZEQ2,congruent,4,3.988837963602874e-06,1.136877938934718e-06
0104-SZEQ2,congruent,5,2.8837850900992076e-06,3.2183310423675525e-06
0104-SZEQ2,congruent,6,6.427067182868468e-08,-9.00918810539329e-07
0104-SZEQ2,congruent,7,2.343794724391523e-06,2.973262803062771e-08
0104-SZEQ2,congruent,8,7.229694847669467e-07,-4.651180392753221e-07
0104-SZEQ2,congruent,9,3.9232132686128163e-07,2.6145438710685065e-07
0104-SZEQ2,congruent,10,-3.3192122404483446e-06,-2.0050787371227142e-06
0104-SZEQ2,congruent,11,-2.370141955230134e-06,-6.157495249621911e-06
0104-SZEQ2,congruent,12,2.638033627845997e-07,3.5740199127542983e-06
0104-SZEQ2,congruent,13,-8.962433482610156e-07,-7.5045520978051805e-06
0104-SZEQ2,congruent,14,8.921287340581667e-06,1.0271309455654112e-05
0104-SZEQ2,congruent,15,-2.736365516154849e-06,-4.323966321187936e-06
0104-SZEQ2,congruent,16,-3.1892296015128374e-06,-3.9878719994449025e-06
0104-SZEQ2,congruent,17,-2.111599659315671e-06,-2.241227033505912e-07
0104-SZEQ2,congruent,18,2.530361447720929e-06,-3.5991516984754435e-06
0104-SZEQ2,congruent,19,4.254626558224156e-06,4.6814624975258366e-07
0104-SZEQ2,congruent,20,7.2728351231599e-06,6.060214990179711e-06
0104-SZEQ2,congruent,21,4.837515925757034e-06,2.773869714744902e-06
0104-SZEQ2,congruent,22,-2.332535775199061e-06,-5.088159761760232e-06
0104-SZEQ2,congruent,23,2.3022635651130414e-07,4.166315291099707e-06
0104-SZEQ2,congruent,24,-1.9858577715713133e-06,1.0813662290161647e-07
0104-SZEQ2,congruent,25,3.5320016472598066e-06,-2.9427434901462845e-06
0104-SZEQ2,congruent,26,5.109227402331502e-06,3.862686511119353e-06
0104-SZEQ2,congruent,27,3.062673247198844e-07,4.3117521463034845e-07
0104-SZEQ2,congruent,28,4.050186076506327e-07,-2.2533451864220036e-06
0104-SZEQ2,congruent,29,9.315752158941243e-07,-3.7053459756279677e-06
0104-SZEQ2,congruent,30,3.850125633165844e-06,1.553554594365015e-06
0104-SZEQ2,congruent,31,-3.2282600026650763e-06,-1.1732169136951632e-06
0104-SZEQ2,congruent,32,-8.646955702712506e-06,-6.5510110514074415e-06
0104-SZEQ2,congruent,33,4.967793689850414e-07,-7.764538188178194e-07
0104-SZEQ2,congruent,34,6.005023915285358e-06,4.239778130747104e-06
0104-SZEQ2,congruent,35,1.5093518965727263e-06,1.8265536918353927e-06
0104-SZEQ2,congruent,36,1.5376805568000731e-06,-7.77255158594667e-07
0104-SZEQ2,congruent,37,3.5918828718150965e-06,3.0023269097446272e-06
0104-SZEQ2,congruent,38,1.3418072349575972e-06,1.2993404874628567e-06
0104-SZEQ2,congruent,39,2.0329041236354597e-06,3.3629015693657028e-06
0104-SZEQ2,congruent,40,3.010657373343713e-07,-9.629893582515208e-07
0104-SZEQ2,congruent,41,1.259980917473718e-06,2.811817790822802e-06
0104-SZEQ2,congruent,42,-2.0089906204726376e-06,-2.41392453354992e-07
0104-SZEQ2,congruent,43,-6.384722058390375e-07,-8.385986091202357e-07
0104-SZEQ2,congruent,44,-2.4145854087527613e-06,9.405622896633832e-07
0104-SZEQ2,congruent,45,-2.5822559493617813e-06,-3.589224483682506e-06
0104-SZEQ2,congruent,46,1.8477440761694556e-07,-2.343799808065265e-06
0104-SZEQ2,congruent,47,3.3341513247877476e-06,1.6645549211732927e-06
0104-SZEQ2,congruent,48,2.5872469112722864e-06,-1.5999807426916915e-06
0104-SZEQ2,congruent,49,2.220025454192459e-06,9.930586065508108e-07
0104-SZEQ2,congruent,50,-6.787176600424922e-07,2.0595386249859674e-06
0104-SZEQ2,congruent,51,-4.188181360262823e-06,-6.1391625731244496e-06
0104-SZEQ2,congruent,52,-6.859786933776707e-06,-5.101443726619699e-06
0104-SZEQ2,congruent,53,1.780462546936724e-06,-4.828484279337216e-07
0104-SZEQ2,congruent,54,-3.88958865604049e-06,-5.0529946133525415e-06
0104-SZEQ2,congruent,55,-1.3383262344645885e-06,-3.954268025778951e-07
0104-SZEQ2,congruent,56,-1.922099553370089e-06,2.445033779227057e-06
0104-SZEQ2,congruent,57,-2.0376764050684045e-06,-5.891031879850835e-07
0104-SZEQ2,congruent,58,-7.768967735140362e-08,-4.7322757909215106e-07
0104-SZEQ2,congruent,59,4.724920206437809e-06,-2.3440411428244915e-07
0104-SZEQ2,congruent,60,1.139092687821993e-06,-2.1640925363787095e-06
0104-SZEQ2,congruent,61,7.891063575853328e-06,5.828983459712381e-06
0104-SZEQ2,congruent,62,1.7794348026038787e-06,1.7284457834819234e-06
0104-SZEQ2,congruent,63,-6.019896612036282e-08,-2.276817965243038e-06
0104-SZEQ2,congruent,64,2.3573264300516523e-06,-2.0239152367942446e-06
0104-SZEQ2,congruent,65,4.193477758287576e-07,-7.304867173292028e-07
0104-SZEQ2,congruent,66,5.005818050878223e-06,3.360152590376095e-06
0104-SZEQ2,congruent,67,5.056302635451625e-06,2.5707395734676364e-06
0104-SZEQ2,congruent,68,4.931536714444501e-07,-1.167013546486053e-06
0104-SZEQ2,congruent,69,5.651560482345902e-06,1.0574139707399175e-06
0104-SZEQ2,congruent,70,8.070839560794306e-06,5.689034973418638e-06
0104-SZEQ2,congruent,71,-7.265964933544592e-07,9.387303757082827e-07
0104-SZEQ2,congruent,72,4.219227424867135e-07,-3.4748635336533775e-07
0104-SZEQ2,congruent,73,-6.762117697733424e-07,-3.6269283253911284e-07
0104-SZEQ2,congruent,74,-6.071519448147236e-07,1.2410393987458623e-06
0104-SZEQ2,congruent,75,3.0495585879594065e-06,6.484653310555071e-07
0104-SZEQ2,congruent,76,5.088958123280601e-06,-1.58818452205977e-07
0104-SZEQ2,congruent,77,3.53995766799432e-06,2.9146629161754844e-06
0104-SZEQ2,congruent,78,-4.403476191059445e-06,-2.743851831626119e-06
0104-SZEQ2,congruent,79,-6.51393027200228e-06,-6.675693076044606e-06
0104-SZEQ2,congruent,80,3.8129868921569125e-06,2.086748778213407e-06
0104-SZEQ2,congruent,81,-5.481004870791903e-06,-4.3148118779181265e-06
0104-SZEQ2,congruent,82,-3.730408819546115e-07,-8.186049821427552e-07
0104-SZEQ2,congruent,83,-3.1166572055388847e-06,-4.3717086094331635e-06
0104-SZEQ2,congruent,84,2.9517407311722934e-06,5.340219275813584e-07
0104-SZEQ2,congruent,85,2.8577780271379715e-06,1.1187891202089975e-06
0104-SZEQ2,congruent,86,1.6109264806383046e-06,-2.7522592368767713e-06
0104-SZEQ2,congruent,87,3.831748120264982e-06,6.763627540044381e-07
0104-SZEQ2,congruent,88,3.1099847741003458e-06,-1.0536009868505593e-06
0104-SZEQ2,congruent,89,6.3012318608265e-06,1.2807416671076699e-06
0104-SZEQ2,congruent,90,3.8195942480957317e-07,-9.003051505795409e-07
0104-SZEQ2,congruent,91,-4.782599915278988e-07,-1.0191416051326502e-06
0104-SZEQ2,congruent,92,8.131882330057056e-07,-1.2182618386530125e-06
0104-SZEQ2,congruent,93,7.93812018214331e-06,3.7306730793541318e-06
0104-SZEQ2,congruent,94,1.5377376598916543e-06,1.035955897137144e-06
0104-SZEQ2,congruent,95,-1.4965657439338955e-06,-2.805209592663441e-06
0104-SZEQ2,congruent,96,1.967931739327475e-06,1.0203147991470667e-06
0104-SZEQ2,congruent,97,3.8431285545226995e-06,5.767417450902703e-06
0104-SZEQ2,congruent,98,-6.711959303074514e-07,-7.169869121420602e-07
0104-SZEQ2,congruent,99,2.3315267230086695e-06,-8.632981870949797e-07
0104-SZEQ2,congruent,100,-1.085709006351598e-06,-1.6484180426975566e-06
0104-SZEQ2,congruent,101,7.877643187599327e-07,2.9641973306364345e-06
0104-SZEQ2,congruent,102,5.984926351912209e-07,1.586198018531616e-07
0104-SZEQ2,congruent,103,-1.97198780742235e-06,1.3929080669691532e-07
0104-SZEQ2,congruent,104,8.65760669823941e-07,-1.7114415216943796e-06
0104-SZEQ2,congruent,105,4.5058956710636405e-06,-2.603117877723879e-07
0104-SZEQ2,congruent,106,1.413791574155322e-06,2.969609346870896e-06
0104-SZEQ2,congruent,107,-1.8070864973395222e-06,-1.7175823519793864e-06
0104-SZEQ2,congruent,108,4.923173831578392e-07,-1.1880037628653422e-06
0104-SZEQ2,congruent,109,-2.707037368787779e-06,-1.03174777328076e-06
0104-SZEQ2,congruent,110,4.831225416112624e-07,2.4582968159277093e-06
0104-SZEQ2,congruent,111,9.132670528257766e-07,-4.251174608677088e-07
0104-SZEQ2,congruent,112,3.2549397240772067e-06,2.4163911353101157e-06
0104-SZEQ2,congruent,113,5.747734455386406e-07,-1.661148432058206e-06
0104-SZEQ2,congruent,114,-5.643783653769099e-07,-3.364326321108694e-06
0104-SZEQ2,congruent,115,-4.571986003534858e-06,-5.715870975067099e-06
0104-SZEQ2,congruent,116,-1.115101095155229e-06,1.3996699154603043e-06
0104-SZEQ2,congruent,117,-1.4769163394440757e-06,-2.2973925660234956e-06
0104-SZEQ2,congruent,118,2.684383927398288e-06,-8.261628612181713e-07
0104-SZEQ2,congruent,119,-1.1841786468755679e-06,-5.840509781075834e-06
0104-SZEQ2,congruent,120,4.4157961994423244e-06,1.9330492354513525e-06
0104-SZEQ2,congruent,121,5.99222721125982e-07,-8.506375402091254e-07
0104-SZEQ2,congruent,122,-4.246979851284689e-09,-2.36212959591484e-06
0104-SZEQ2,congruent,123,-3.13157024978551e-07,-2.468395165179961e-06
0104-SZEQ2,congruent,124,-1.4949842642325253e-07,-1.6513381295601775e-06
0104-SZEQ2,congruent,125,4.5028104163024255e-06,3.768088283594674e-06
0104-SZEQ2,congruent,126,-8.485673357238597e-07,-2.449181652759643e-06
0104-SZEQ2,congruent,127,-5.182539214597822e-07,2.591595095371604e-06
0104-SZEQ2,congruent,128,-1.7122675515000572e-06,-4.1917867919225e-07
0104-SZEQ2,congruent,129,1.6014775369250852e-06,-4.991305217747134e-07
0104-SZEQ2,congruent,130,5.245109174879857e-06,3.5728721210315724e-06
0104-SZEQ2,congruent,131,-2.7015590642031217e-06,-2.0158398057612405e-06
0104-SZEQ2,congruent,132,-9.814136399436551e-07,7.800774645775359e-07
0104-SZEQ2,congruent,133,6.3076411075669265e-06,-1.4716121785833905e-06
0104-SZEQ2,congruent,134,2.94262301233097e-06,2.149368708822226e-06
0104-SZEQ2,congruent,135,3.9510366670320955e-07,-2.3883288973296387e-06
0104-SZEQ2,congruent,136,-2.409320484380078e-07,-7.139203739580924e-07
0104-SZEQ2,congruent,137,3.960212181861163e-06,-1.0947469283552616e-06
0104-SZEQ2,congruent,138,-2.0249032491872325e-06,-4.374541047193072e-07
0104-SZEQ2,congruent,139,1.629623635843546e-06,-1.4306679402162857e-06
0104-SZEQ2,congruent,140,-1.5195065753065646e-06,1.5917693385191159e-06
0104-SZEQ2,congruent,141,-9.581216221523476e-07,-2.7406493550193984e-06
0104-SZEQ2,congruent,142,4.918340819162228e-06,-1.5417592926327647e-06
0104-SZEQ2,congruent,143,-7.738663685868344e-07,-8.109937319698575e-07
0104-SZEQ2,congruent,144,-2.103476595456515e-06,-5.479482527811305e-06
0104-SZEQ2,congruent,145,3.3775569844488088e-06,3.9750269986515224e-06
0104-SZEQ2,congruent,146,-1.0799278338321272e-06,-3.0335388610826853e-06
0104-SZEQ2,congruent,147,-2.946056443844096e-07,-1.2939243750978275e-06
0104-SZEQ2,congruent,148,6.910712518568105e-07,3.3672673313864106e-06
0104-SZEQ2,congruent,149,-2.1053754824312007e-06,-7.446988097375108e-07
0104-SZEQ2,congruent,150,3.0564346472690554e-06,2.51054309715691e-06
0104-SZEQ2,congruent,151,2.970517964280615e-07,2.251081242860935e-06
0104-SZEQ2,congruent,152,7.460445980881941e-08,1.8437614695835654e-06
0104-SZEQ2,congruent,153,-1.2120679152944689e-06,-5.900659058740003e-07
0104-SZEQ2,congruent,154,-7.175642112740796e-08,3.3289244327603236e-06
0104-SZEQ2,congruent,155,-5.48724799794259e-06,-3.6037150723109214e-07
0104-SZEQ2,congruent,156,-5.662671524493166e-06,-7.608246914916581e-06
0104-SZEQ2,congruent,157,1.0779167759458386e-06,-2.799407961890038e-06
0104-SZEQ2,congruent,158,-3.933486874738605e-06,-5.066029531838708e-06
0104-SZEQ2,congruent,159,3.857322353898696e-06,6.090261038435177e-06
0104-SZEQ2,congruent,160,-2.020711026204952e-06,-2.2635509242082876e-06
0104-SZEQ2,congruent,161,5.008934294116116e-06,3.083012482968785e-06
0104-SZEQ2,congruent,162,5.390384583407363e-06,-1.9144405035683726e-06
0104-SZEQ2,congruent,163,8.589218723169234e-06,1.1111914264909658e-06
0104-SZEQ2,congruent,164,4.5853376908474074e-06,4.693160574230223e-06
0104-SZEQ2,congruent,165,3.5059066115418886e-06,2.5501713134786047e-06
0104-SZEQ2,congruent,166,1.200232705659633e-06,-4.171935510887103e-07
0104-SZEQ2,congruent,167,3.5630279662860337e-06,3.484953126288264e-07
0104-SZEQ2,congruent,168,7.132311705710084e-06,-2.585718145390723e-08
0104-SZEQ2,congruent,169,7.262260315831193e-06,2.2025039303061666e-06
0104-SZEQ2,congruent,170,1.966937726165792e-06,3.4760264937036334e-06
0104-SZEQ2,congruent,171,1.851962847839948e-06,4.145635005136937e-06
0104-SZEQ2,congruent,172,3.6968170628847306e-07,-1.0472829450267675e-06
0104-SZEQ2,congruent,173,6.572075420743439e-06,5.8380413831338e-06
0104-SZEQ2,congruent,174,-2.85918754566996e-06,-2.6670954181511195e-06
0104-SZEQ2,congruent,175,1.04932218213124e-06,-4.639583629983195e-06
0104-SZEQ2,congruent,176,7.2227871951003725e-06,7.24618704036446e-06
0104-SZEQ2,congruent,177,2.2120493601919733e-06,-1.2630832975832274e-06
0104-SZEQ2,congruent,178,-3.793484821242653e-06,-1.5363235830311004e-06
0104-SZEQ2,congruent,179,-3.6745771189821603e-06,-4.584851339066306e-06
0104-SZEQ2,congruent,180,2.158193135462057e-06,2.126084970398627e-06
0104-SZEQ2,congruent,181,-1.6202041293679668e-06,-2.775781005929385e-07
0104-SZEQ2,congruent,182,1.575320544886244e-06,4.659663679289873e-07
0104-SZEQ2,congruent,183,7.966389026815137e-07,4.4310244928630655e-06
0104-SZEQ2,congruent,184,-4.642875549753984e-06,-4.840615052108582e-06
0104-SZEQ2,congruent,185,7.420275723030054e-07,-2.1671456429584662e-06
0104-SZEQ2,congruent,186,6.932688218945244e-07,-1.8505907133745294e-06
0104-SZEQ2,congruent,187,5.843296297480383e-06,4.851228981495182e-06
0104-SZEQ2,congruent,188,-3.1205482138674514e-06,-1.609140347407705e-06
0104-SZEQ2,congruent,189,2.224693362236066e-06,1.3229205312167584e-06
0104-SZEQ2,congruent,190,-2.1450785800822327e-06,1.7246002130199781e-06
0104-SZEQ2,congruent,191,-3.5187947953549936e-06,-3.4423570367256496e-06
0104-SZEQ2,congruent,192,-4.974068663489956e-07,-2.8755206867115353e-07
0104-SZEQ2,congruent,193,5.044374943060023e-07,2.5700728542164e-06
0104-SZEQ2,congruent,194,1.1772011591393458e-06,6.795249259731562e-07
0104-SZEQ2,congruent,195,-9.648293167227157e-07,-2.0555065912871454e-06
0104-SZEQ2,congruent,196,2.427877673958826e-06,3.329716004127013e-06
0104-SZEQ2,congruent,197,-4.5333734613083935e-06,3.6006315594883966e-07
0104-SZEQ2,congruent,198,-6.077169477323974e-07,1.7015158041445054e-06
0104-SZEQ2,congruent,199,-1.1861271346981107e-06,-2.6615167936302244e-06
0104-SZEQ2,congruent,200,2.6131197119756456e-06,-3.3699416584166977e-06
0104-SZEQ2,congruent,201,-1.6775059508289246e-07,8.098157995760963e-07
0104-SZEQ2,congruent,202,1.0897119630610533e-06,-9.187087782357829e-07
0104-SZEQ2,congruent,203,1.2643565135425551e-06,-1.7855099812423257e-06
0104-SZEQ2,congruent,204,6.06076799872858e-06,2.1331090929199366e-06
0104-SZEQ2,congruent,205,-1.4855792784261938e-06,2.3067408503964414e-07
0104-SZEQ2,congruent,206,2.7082176889608568e-06,1.1912154834023594e-06
0104-SZEQ2,congruent,207,1.4655742602259717e-06,3.395683268070279e-06
0104-SZEQ2,congruent,208,4.739255381185326e-07,3.1475557408017435e-06
0104-SZEQ2,congruent,209,-8.994602526810404e-07,-1.9581914533839884e-06
0104-SZEQ2,incongruent,0,2.6081414797587538e-06,4.361991624138023e-06
0104-SZEQ2,incongruent,1,1.0342638368666444e-06,1.3047598572207986e-06
0104-SZEQ2,incongruent,2,-1.9962803242541065e-06,1.7513004261256905e-06
0104-SZEQ2,incongruent,3,-4.212639642033357e-06,-3.395205102984109e-06
0104-SZEQ2,incongruent,4,2.5604513308445157e-06,1.049694663690339e-06
0104-SZEQ2,incongruent,5,2.2824480687153175e-06,-5.400382264147952e-06
0104-SZEQ2,incongruent,6,5.513514302554442e-06,6.557628488317157e-07
0104-SZEQ2,incongruent,7,3.3259947424756846e-06,-6.997747545356301e-07
0104-SZEQ2,incongruent,8,-1.824595837535353e-07,1.2001393197261384e-06
0104-SZEQ2,incongruent,9,-2.629805977823158e-06,-7.180249576563758e-07
0104-SZEQ2,incongruent,10,-1.637583825198054e-06,-5.397581433221871e-06
0104-SZEQ2,incongruent,11,-1.4679314006572776e-06,-1.103479430271848e-06
0104-SZEQ2,incongruent,12,2.8630972446966604e-06,9.146555310633358e-07
0104-SZEQ2,incongruent,13,-1.7164297507252024e-06,-3.946520679407014e-07
0104-SZEQ2,incongruent,14,7.60321498016809e-07,3.748173854044206e-07
0104-SZEQ2,incongruent,15,5.19117777197498e-07,-3.975707430506888e-06
0104-SZEQ2,incongruent,16,1.4870637299308106e-06,2.8849832965230016e-06
0104-SZEQ2,incongruent,17,2.2332469619796344e-07,1.1122686494349802e-06
0104-SZEQ2,incongruent,18,5.921960789566595e-07,-3.0666973949349692e-06
0104-SZEQ2,incongruent,19,-1.6233239726751853e-07,-9.981510481311696e-08
0104-SZEQ2,incongruent,20,-1.2999718779566515e-07,-3.842085534544336e-06
0104-SZEQ2,incongruent,21,1.4890881024602412e-06,2.7435514483597242e-06
0104-SZEQ2,incongruent,22,2.099591204912479e-06,4.570514735511346e-07
0104-SZEQ2,incongruent,23,4.841091337670798e-06,1.7171322334609646e-06
0104-SZEQ2,incongruent,24,-2.900528344796146e-07,4.23611957631635e-06
0104-SZEQ2,incongruent,25,-5.008442186845083e-07,-1.5687041529752893e-06
0104-SZEQ2,incongruent,26,-4.6856730303017076e-07,-3.0521605729731687e-06
0104-SZEQ2,incongruent,27,-2.914937825202794e-06,-5.174442715776199e-06
0104-SZEQ2,incongruent,28,3.05776915450558e-06,2.2726417219413337e-06
0104-SZEQ2,incongruent,29,4.2435479951244815e-06,-6.153403902632203e-07
0104-SZEQ2,incongruent,30,-1.2665191621863126e-06,-1.777970255093917e-06
0104-SZEQ2,incongruent,31,-5.561758861484e-06,-4.138233968092947e-06
0104-SZEQ2,incongruent,32,1.8879485103113875e-06,-8.716324684861594e-07
0104-SZEQ2,incongruent,33,-3.64300442626217e-10,3.5313494131542857e-06
0104-SZEQ2,incongruent,34,-2.975048052199501e-07,-5.592490171926185e-07
0104-SZEQ2,incongruent,35,-1.960186932720679e-07,2.516653651483718e-06
0104-SZEQ2,incongruent,36,5.36416094297403e-07,-4.906156669267074e-07
0104-SZEQ2,incongruent,37,7.134656643275996e-07,1.8765096396533153e-06
0104-SZEQ2,incongruent,38,-4.250782374360323e-06,-3.4773381442106618e-06
0104-SZEQ2,incongruent,39,-1.8558342297093264e-07,-3.56825772399394e-06
0104-SZEQ2,incongruent,40,-4.52086847070529e-06,-1.1684601557929375e-07
0104-SZEQ2,incongruent,41,-2.2047255736640062e-06,3.0431130755082814e-06
0104-SZEQ2,incongruent,42,5.435124909328434e-07,-2.4823250736649583e-06
0104-SZEQ2,incongruent,43,-1.979383695630128e-06,-2.4687914230290053e-06
0104-SZEQ2,incongruent,44,1.5301490765533583e-06,4.921259896698504e-06
0104-SZEQ2,incongruent,45,4.105872307537346e-06,6.924927356722324e-07
0104-SZEQ2,incongruent,46,1.564999894920595e-06,-2.510270086079549e-07
0104-SZEQ2,incongruent,47,-1.852240993953387e-06,-2.1311430731672497e-06
0104-SZEQ2,incongruent,48,4.2280406547396845e-06,8.743817265681214e-07
0104-SZEQ2,incongruent,49,-1.383934057069917e-06,-3.4066255750446264e-07
0104-SZEQ2,incongruent,50,1.3418926715644691e-06,1.8622206482906827e-06
0104-SZEQ2,incongruent,51,-4.418030848482862e-06,-1.4231592485540309e-06
0104-SZEQ2,incongruent,52,-2.4417352150948514e-06,-1.6155663303626899e-07
0104-SZEQ2,incongruent,53,-3.2766653064970776e-07,1.6252976756110693e-06
0104-SZEQ2,incongruent,54,-1.8058508987805766e-06,-2.371112686172681e-06
0104-SZEQ2,incongruent,55,1.6125184243114582e-06,3.6883218090386426e-06
0104-SZEQ2,incongruent,56,-1.873252976482474e-06,2.8071117419603057e-06
0104-SZEQ2,incongruent,57,-5.974391971034804e-07,-1.0372782992663994e-06
0104-SZEQ2,incongruent,58,-4.197336935547337e-06,-2.0393643316453106e-06
0104-SZEQ2,incongruent,59,1.4640398758257711e-06,-2.124409754062332e-06
0104-SZEQ2,incongruent,60,4.417217340946533e-06,1.6331977977293994e-06
0104-SZEQ2,incongruent,61,2.4794306921788754e-06,-1.3539053462479395e-07
0104-SZEQ2,incongruent,62,1.4181799463199454e-06,5.093838326956117e-06
0104-SZEQ2,incongruent,63,-7.980153874711973e-07,2.2695594753530915e-06
0104-SZEQ2,incongruent,64,-3.6952229062544865e-06,-1.0742191171383703e-06
0104-SZEQ2,incongruent,65,4.2140511664454505e-06,1.5203850273045764e-06
0103-XN1WL,congruent,0,5.717968783143185e-06,7.487036441106885e-06
0103-XN1WL,congruent,1,1.9187816183118697e-06,-2.5954380701444763e-06
0103-XN1WL,congruent,2,9.173272196314677e-06,1.0005532818155402e-05
0103-XN1WL,congruent,3,-3.455673281363636e-06,-3.9783051335463705e-06
0103-XN1WL,congruent,4,6.555920791424171e-06,3.068545668847367e-06
0103-XN1WL,congruent,5,8.781321578344314e-07,1.7413503345044096e-06
0103-XN1WL,congruent,6,3.4709886358926485e-06,6.349010351037085e-06
0103-XN1WL,congruent,7,-2.16519204558554e-06,3.7531344644898114e-06
0103-XN1WL,congruent,8,-2.2762671877777615e-06,-5.422338988052666e-06
0103-XN1WL,congruent,9,7.520910348573154e-07,1.1446631310752273e-07
0103-XN1WL,congruent,10,-3.4803281219273255e-06,-1.1383007429457934e-05
0103-XN1WL,congruent,11,-1.8260262905406267e-06,4.958084542736417e-06
0103-XN1WL,congruent,12,-7.71171979748797e-06,-9.671972340431327e-06
0103-XN1WL,congruent,13,-1.168091722042721e-06,-2.176400775285863e-06
0103-XN1WL,congruent,14,4.299862116746391e-06,8.549691931724694e-07
0103-XN1WL,congruent,15,-1.450544686184669e-06,3.4479894511763834e-06
0103-XN1WL,congruent,16,-4.5124010692874615e-06,-3.285405245578339e-06
0103-XN1WL,congruent,17,-7.575732073193374e-07,-1.210564248965521e-06
0103-XN1WL,congruent,18,2.1289670119675366e-07,5.5475766175399405e-06
0103-XN1WL,congruent,19,3.30341331659107e-06,1.7580935024531756e-06
0103-XN1WL,congruent,20,-3.3791371037388075e-06,-2.916773801989186e-06
0103-XN1WL,congruent,21,5.042100982518204e-06,8.57598114321187e-06
0103-XN1WL,congruent,22,1.6714668637918407e-06,5.916729231422162e-06
0103-XN1WL,congruent,23,9.477742810319494e-08,-4.323574802822898e-06
0103-XN1WL,congruent,24,-3.774136668199627e-06,2.873444680926507e-07
0103-XN1WL,congruent,25,-7.914186761828246e-06,-3.6829723155645985e-06
0103-XN1WL,congruent,26,-4.250508447294177e-06,-4.886040885657227e-06
0103-XN1WL,congruent,27,1.6178748182974103e-06,4.9292233919058204e-06
0103-XN1WL,congruent,28,-7.607313804834285e-06,-3.831737059141824e-06
0103-XN1WL,congruent,29,-1.1598553386760046e-06,4.414837731890864e-06
0103-XN1WL,congruent,30,-1.087700712078185e-05,-5.5113848534393605e-06
0103-XN1WL,congruent,31,-1.5775869228797866e-06,-2.0311394575244283e-07
0103-XN1WL,congruent,32,3.384982260334613e-06,4.762524972296763e-06
0103-XN1WL,congruent,33,-3.517758157773405e-06,2.8050439015847726e-06
0103-XN1WL,congruent,34,-3.4068636927116245e-06,-1.499250920410035e-06
0103-XN1WL,congruent,35,-7.41035529510915e-06,-1.2763000840024864e-05
0103-XN1WL,congruent,36,1.5746708334706754e-07,-1.3676808898883852e-06
0103-XN1WL,congruent,37,-7.087693269018706e-07,-2.668663779731903e-06
0103-XN1WL,congruent,38,-3.2645939937313797e-06,-1.8123216630949692e-06
0103-XN1WL,congruent,39,9.219844530446671e-07,-2.7968337361018266e-07
0103-XN1WL,congruent,40,1.7410231561359055e-06,-1.0939754511221032e-06
0103-XN1WL,congruent,41,1.8941995196178098e-06,1.0288975246730229e-06
0103-XN1WL,congruent,42,-5.555289505257024e-06,-7.612502331179196e-06
0103-XN1WL,congruent,43,-2.818499908408917e-06,1.6025561574183578e-06
0103-XN1WL,congruent,44,4.031215118787132e-06,3.35125606804383e-06
0103-XN1WL,congruent,45,7.624904177510368e-06,3.924407348074387e-06
0103-XN1WL,congruent,46,-5.057702544033589e-06,1.0200469844078088e-06
0103-XN1WL,congruent,47,-5.747685660035633e-06,-9.180358127112067e-07
0103-XN1WL,congruent,48,1.4342569792126083e-06,9.222693143573388e-07
0103-XN1WL,congruent,49,7.063942091382641e-06,2.6861838456247084e-06
0103-XN1WL,congruent,50,1.0040333434260817e-06,1.0070950638621352e-05
0103-XN1WL,congruent,51,-2.6193466240508743e-06,-6.8602373428545005e-06
0103-XN1WL,congruent,52,-2.960480318775895e-06,1.3921997795539575e-05
0103-XN1WL,congruent,53,-7.4712160414301375e-06,-1.6406604467002467e-06
0103-XN1WL,congruent,54,-6.10285948050377e-07,-1.113434973458632e-06
0103-XN1WL,congruent,55,9.260563353596311e-07,-1.5980172664941465e-06
0103-XN1WL,congruent,56,6.871897796013503e-06,6.582569361898773e-06
0103-XN1WL,congruent,57,5.9557470034838844e-06,1.0109352532488208e-05
0103-XN1WL,congruent,58,-5.929351839367229e-06,3.2083152932073936e-06
0103-XN1WL,congruent,59,5.462162125809775e-07,-1.9873403534158653e-07
0103-XN1WL,congruent,60,1.9878992161035944e-06,1.2688966936393077e-06
0103-XN1WL,congruent,61,5.039257713595489e-06,8.024220929783953e-06
0103-XN1WL,congruent,62,-3.583993829495255e-06,-2.0335010394122134e-06
0103-XN1WL,congruent,63,9.480675103210782e-07,1.0469105938441038e-06
0103-XN1WL,congruent,64,4.715263855959564e-06,8.669621887781949e-06
0103-XN1WL,congruent,65,-2.1537026942739263e-06,5.257363628252749e-06
0103-XN1WL,congruent,66,6.134848406885605e-06,3.3327546391390413e-06
0103-XN1WL,congruent,67,-1.3360377940663702e-06,-2.2726101035475924e-06
0103-XN1WL,congruent,68,-1.4023069372166526e-05,-5.5170684504650725e-06
0103-XN1WL,congruent,69,-2.2692509815676374e-06,-2.7678140411554427e-07
0103-XN1WL,congruent,70,5.626237283023955e-06,-1.4076815290085136e-07
0103-XN1WL,congruent,71,3.0506772695816964e-06,-1.3713486132667438e-06
0103-XN1WL,congruent,72,5.038487303679458e-06,6.961570745626836e-06
0103-XN1WL,congruent,73,-4.726152470615128e-06,-2.2488815834134588e-06
0103-XN1WL,congruent,74,2.0246313286183016e-06,9.099701199852504e-06
0103-XN1WL,congruent,75,-1.0695524593048409e-05,-9.705778258825792e-06
0103-XN1WL,congruent,76,-3.8035083611830983e-06,1.4622333471732709e-06
0103-XN1WL,congruent,77,-1.984446392952307e-06,-4.868680756611531e-06
0103-XN1WL,congruent,78,2.8407549912665116e-06,1.1185208264662196e-05
0103-XN1WL,congruent,79,2.248057670991067e-06,-3.8407181699241245e-06
0103-XN1WL,congruent,80,-3.468052793046144e-06,1.400843958050517e-06
0103-XN1WL,congruent,81,-1.4209899779670817e-05,-9.83819620558312e-06
0103-XN1WL,congruent,82,-6.530736100157899e-06,-6.441752908441622e-06
0103-XN1WL,congruent,83,4.1284570842857645e-06,9.423546463881828e-07
0103-XN1WL,congruent,84,-1.6114402298739956e-06,3.0958951040520628e-06
0103-XN1WL,congruent,85,-2.6522074898352687e-06,-5.0976202742293e-07
0103-XN1WL,congruent,86,5.356368736209636e-06,5.594268293686509e-06
0103-XN1WL,congruent,87,-6.125011106081929e-07,4.242228979221178e-06
0103-XN1WL,congruent,88,5.655188550503389e-07,2.4149451638010234e-06
0103-XN1WL,congruent,89,-2.374445210547256e-06,5.4487710916440945e-06
0103-XN1WL,congruent,90,-4.014973580489397e-06,-7.0594941493996545e-06
0103-XN1WL,congruent,91,4.786531164105975e-06,3.494542163228958e-06
0103-XN1WL,congruent,92,-6.736210719468026e-08,-1.8583490487364362e-07
0103-XN1WL,congruent,93,-1.799039650978974e-06,4.681383153525491e-06
0103-XN1WL,congruent,94,1.8558941086385996e-06,-3.537195700676406e-06
0103-XN1WL,congruent,95,4.96418222380521e-06,6.255768258963714e-06
0103-XN1WL,congruent,96,3.3465916234157183e-06,3.1584037146110227e-06
0103-XN1WL,congruent,97,1.7828791009437176e-07,3.634949628440652e-06
0103-XN1WL,congruent,98,-3.4031051963115136e-06,-3.085136650025012e-07
0103-XN1WL,congruent,99,-3.2390070265691487e-06,-1.53679762883639e-07
0103-XN1WL,congruent,100,3.110986714525016e-06,-1.0738440784419204e-06
0103-XN1WL,congruent,101,2.8454010246328274e-06,9.163498286033681e-06
0103-XN1WL,congruent,102,-1.4547016608777314e-05,-5.886031684982085e-06
0103-XN1WL,congruent,103,3.66008494017245e-06,-2.8331326670047407e-07
0103-XN1WL,congruent,104,-2.1426049825999565e-06,1.8119163575519765e-06
0103-XN1WL,congruent,105,-6.468875921785054e-06,-2.980391307497212e-06
0103-XN1WL,congruent,106,-3.4484139374810757e-06,1.2118316779456763e-06
0103-XN1WL,congruent,107,2.775506682507645e-06,-7.10123591528924e-07
0103-XN1WL,congruent,108,-3.1327761400072427e-06,1.8588771289498836e-06
0103-XN1WL,congruent,109,4.4133680179917344e-06,1.0207750608480923e-05
0103-XN1WL,congruent,110,-1.11663014119735e-06,-1.5292615174692037e-06
0103-XN1WL,congruent,111,-6.7653537920004385e-06,-2.00323728568817e-06
0103-XN1WL,congruent,112,-3.2738126732815745e-06,9.137138680813608e-07
0103-XN1WL,congruent,113,-5.477857818530567e-06,-6.801145655682322e-06
0103-XN1WL,congruent,114,3.7022734548307087e-06,2.122544914524542e-06
0103-XN1WL,congruent,115,-7.915950179018707e-07,3.701301076041388e-06
0103-XN1WL,congruent,116,-6.971707262438492e-06,-7.188957027213779e-07
0103-XN1WL,congruent,117,2.6538036845565033e-06,-4.2001132598622894e-06
0103-XN1WL,congruent,118,4.235061736980536e-06,1.7031770582637242e-06
0103-XN1WL,congruent,119,-2.7635586668382482e-06,-3.7112660472412732e-06
0103-XN1WL,congruent,120,4.851078347655003e-06,1.665532994187132e-06
0103-XN1WL,congruent,121,3.8082322823387063e-06,2.2571108108073914e-06
0103-XN1WL,congruent,122,-3.2753895789479164e-06,-1.3577869442841296e-06
0103-XN1WL,congruent,123,2.0364920781379187e-06,5.407524605354154e-06
0103-XN1WL,congruent,124,-3.6249950709168726e-06,-5.090202247833311e-06
0103-XN1WL,congruent,125,-3.9500962154358847e-07,2.240759642822345e-06
0103-XN1WL,congruent,126,-2.2215006542217946e-06,1.7951363603457766e-06
0103-XN1WL,congruent,127,-5.031758816099125e-07,-1.4167667766169607e-06
0103-XN1WL,congruent,128,2.732529133754677e-06,-1.6869689309311815e-06
0103-XN1WL,congruent,129,4.580714517964336e-06,4.525498281830574e-06
0103-XN1WL,congruent,130,-2.0773778384689633e-06,-9.252777585903003e-07
0103-XN1WL,congruent,131,-5.004668439456704e-06,-6.506935066617642e-06
0103-XN1WL,congruent,132,9.584854513376384e-06,2.409717205399235e-06
0103-XN1WL,congruent,133,2.814544118095585e-06,4.955726998647794e-06
0103-XN1WL,congruent,134,6.5581908219352936e-06,4.568544618970609e-06
0103-XN1WL,congruent,135,5.948403839166913e-06,2.9621504467007417e-06
0103-XN1WL,congruent,136,7.356319499108991e-06,9.819543833554428e-06
0103-XN1WL,congruent,137,-8.47712904949613e-06,9.751162193269349e-07
0103-XN1WL,congruent,138,-4.35753308845431e-06,-3.550168374438253e-06
0103-XN1WL,congruent,139,3.273882741361031e-06,1.7292401594767154e-06
0103-XN1WL,congruent,140,-2.8546256476137835e-06,1.0859767178413504e-06
0103-XN1WL,congruent,141,-3.0080331999431806e-06,-9.601366693150779e-07
0103-XN1WL,congruent,142,4.852376036959193e-06,2.6127405918604224e-06
0103-XN1WL,congruent,143,-9.852657766691095e-06,-7.96029480569399e-06
0103-XN1WL,congruent,144,8.961914261838233e-06,4.1770827600215455e-06
0103-XN1WL,congruent,145,1.431294077255843e-06,8.425292664977193e-06
0103-XN1WL,congruent,146,6.016528155073736e-07,2.3634512800861413e-06
0103-XN1WL,congruent,147,1.3158366005848101e-06,2.3467726887796974e-06
0103-XN1WL,congruent,148,-3.224686761120742e-07,5.709604750923118e-06
0103-XN1WL,congruent,149,-2.0109025641380758e-06,-1.0621957562653867e-06
0103-XN1WL,congruent,150,-4.666110256100071e-06,1.6914936306299975e-06
0103-XN1WL,congruent,151,9.64689909391953e-07,5.460362532121937e-07
0103-XN1WL,congruent,152,1.3290896684867216e-05,3.54325264018047e-06
0103-XN1WL,congruent,153,7.901829848739936e-06,2.1024781715279475e-06
0103-XN1WL,congruent,154,-2.7645691260035683e-07,-1.1780751802586883e-06
0103-XN1WL,congruent,155,-6.31380950576237e-07,4.3382560470226274e-07
0103-XN1WL,congruent,156,1.1318729602315389e-07,2.730888287332017e-06
0103-XN1WL,congruent,157,4.660757922198484e-06,5.500527848799987e-06
0103-XN1WL,congruent,158,-4.30307217588553e-06,9.30123032840972e-07
0103-XN1WL,congruent,159,-1.3074508902435606e-05,-1.3456393702795908e-05
0103-XN1WL,congruent,160,-1.6227431485335683e-06,-1.2141022507053775e-06
0103-XN1WL,congruent,161,5.517225731719677e-06,-1.8112837430197892e-06
0103-XN1WL,congruent,162,6.3426335351676755e-06,5.356975138041703e-06
0103-XN1WL,congruent,163,1.9651426264529897e-06,4.367379699167251e-06
0103-XN1WL,congruent,164,-2.184789324840702e-06,-4.22453552367859e-06
0103-XN1WL,congruent,165,9.618183548736448e-06,6.8107821251913e-06
0103-XN1WL,congruent,166,-1.6238805307318872e-06,-9.33406184194724e-07
0103-XN1WL,congruent,167,5.442765795601338e-06,6.268395752552927e-07
0103-XN1WL,congruent,168,6.962457400428364e-06,6.2768100932094465e-06
0103-XN1WL,congruent,169,-1.8460299965651662e-06,4.932150735539036e-06
0103-XN1WL,congruent,170,-5.177734938588851e-06,-6.601366695517918e-06
0103-XN1WL,congruent,171,6.649795897977791e-06,6.587198197059334e-06
0103-XN1WL,congruent,172,4.063715200037965e-06,-1.518445177710488e-06
0103-XN1WL,congruent,173,-2.0577861413614094e-07,-3.169279491114483e-06
0103-XN1WL,congruent,174,8.44137810217051e-06,4.011200395761222e-06
0103-XN1WL,congruent,175,-5.094538203147751e-07,8.060299353373777e-06
0103-XN1WL,congruent,176,-7.533967023922381e-06,-2.5973061322032586e-06
0103-XN1WL,congruent,177,-3.1604508095045384e-06,3.7612406762551387e-07
0103-XN1WL,congruent,178,8.646399516599468e-06,1.062802521754775e-05
0103-XN1WL,congruent,179,-1.3312341336326054e-06,3.564088438059097e-07
0103-XN1WL,congruent,180,2.4819498813445386e-06,1.3268653781445395e-06
0103-XN1WL,congruent,181,-2.2654519933004006e-06,-2.2467961324969887e-06
0103-XN1WL,congruent,182,1.3515618693705337e-06,4.441067991306615e-06
0103-XN1WL,congruent,183,-9.580774026429082e-06,-1.006914238408164e-05
0103-XN1WL,congruent,184,7.078041872354772e-07,7.756958560714489e-07
0103-XN1WL,congruent,185,2.88438271342954e-06,8.035332023210441e-07
0103-XN1WL,congruent,186,2.8635781217540674e-07,1.2798715260151161e-08
0103-XN1WL,congruent,187,8.646069267043463e-07,1.958359789890323e-06
0103-XN1WL,congruent,188,3.7109628041820798e-06,-1.0912064777194439e-06
0103-XN1WL,congruent,189,4.349299984042933e-06,3.5132146830297843e-06
0103-XN1WL,congruent,190,1.7371626201773797e-06,1.3607427638752793e-06
0103-XN1WL,congruent,191,-5.96303897370757e-06,1.0100685699099132e-06
0103-XN1WL,congruent,192,1.714738732815345e-06,1.1348616891594575e-06
0103-XN1WL,congruent,193,2.858477160381539e-06,4.350421516715478e-06
0103-XN1WL,congruent,194,8.604744007490203e-06,4.14517421103606e-06
0103-XN1WL,congruent,195,7.69750711556236e-07,1.6040742828989716e-06
0103-XN1WL,congruent,196,3.345323951676545e-06,4.887279994620261e-06
0103-XN1WL,congruent,197,2.873135814230322e-06,-1.5806415041735248e-06
0103-XN1WL,congruent,198,7.756027938719851e-07,-4.361251815552572e-06
0103-XN1WL,congruent,199,2.5914338879597236e-06,-4.562701818988575e-06
0103-XN1WL,congruent,200,1.1010908239770262e-05,5.7312703916002215e-06
0103-XN1WL,congruent,201,2.6477914991518557e-06,-2.3195697818950916e-06
0103-XN1WL,congruent,202,1.0228599541351717e-05,8.19255891162286e-07
0103-XN1WL,congruent,203,5.556552773834792e-06,9.766750059088332e-06
0103-XN1WL,congruent,204,2.7402113161254346e-06,4.5999924092455854e-08
0103-XN1WL,congruent,205,6.723619135692381e-06,7.617229782233194e-06
0103-XN1WL,congruent,206,3.3849306591478797e-07,2.4640737474380693e-06
0103-XN1WL,congruent,207,9.589564801722104e-06,7.118781886433191e-06
0103-XN1WL,congruent,208,-4.522059535417619e-06,-4.213970936952642e-07
0103-XN1WL,congruent,209,1.319376231978819e-06,3.7266184806585856e-06
0103-XN1WL,congruent,210,-4.590147588891889e-06,8.839308085138233e-07
0103-XN1WL,congruent,211,-1.5661880433746773e-06,-6.486278729910974e-07
0103-XN1WL,congruent,212,-4.059369502286201e-06,-1.5791841332668245e-06
0103-XN1WL,congruent,213,3.439726082230363e-06,6.167133135145998e-07
0103-XN1WL,congruent,214,2.477267761953928e-06,-2.7381608272718935e-07
0103-XN1WL,congruent,215,-1.8928376115777462e-06,2.6097743276276253e-06
0103-XN1WL,incongruent,0,-9.186055400373918e-06,4.771858594598215e-07
0103-XN1WL,incongruent,1,4.80818053530144e-06,4.4761341695571494e-06
0103-XN1WL,incongruent,2,-2.349388618615051e-06,4.424071168143515e-06
0103-XN1WL,incongruent,3,-2.193357181670814e-06,-1.303045628208709e-06
0103-XN1WL,incongruent,4,-3.836203125416406e-06,3.171110435857036e-06
0103-XN1WL,incongruent,5,3.301102663715066e-06,7.351426219378291e-06
0103-XN1WL,incongruent,6,5.873311792964652e-06,5.43987584077137e-06
0103-XN1WL,incongruent,7,-5.060966897995745e-06,-4.846283627464961e-06
0103-XN1WL,incongruent,8,1.9181761204322463e-06,4.228504906582178e-06
0103-XN1WL,incongruent,9,4.390437460132707e-06,6.8031026143240465e-06
0103-XN1WL,incongruent,10,-6.189763295453623e-06,6.635729739077598e-07
0103-XN1WL,incongruent,11,-1.7787605583285424e-06,-3.859170830173236e-07
0103-XN1WL,incongruent,12,-2.558262027777089e-06,2.9652918942285374e-06
0103-XN1WL,incongruent,13,-8.877638162407481e-07,-2.3773976939223366e-07
0103-XN1WL,incongruent,14,-4.92622211592195e-06,-1.1531653633144414e-06
0103-XN1WL,incongruent,15,2.428576415578328e-06,3.296165439265136e-06
0103-XN1WL,incongruent,16,5.479256391058609e-07,-7.7687379473004e-07
0103-XN1WL,incongruent,17,4.0511039965855845e-07,6.476052604153617e-08
0103-XN1WL,incongruent,18,-4.4610365260016906e-06,3.302121139125032e-06
0103-XN1WL,incongruent,19,-5.731904912160827e-07,-1.977799335858323e-07
0103-XN1WL,incongruent,20,4.930150166905431e-06,5.9135002975861255e-06
0103-XN1WL,incongruent,21,-4.816127278129742e-06,4.38739160344607e-07
0103-XN1WL,incongruent,22,-8.498238000211326e-07,4.569914653986986e-06
0103-XN1WL,incongruent,23,-8.737897007458162e-07,-2.268641493188679e-06
0103-XN1WL,incongruent,24,1.3177529260444955e-06,-2.0474927306414576e-06
0103-XN1WL,incongruent,25,-5.070127062021932e-06,7.318926888465201e-06
0103-XN1WL,incongruent,26,9.250266472912402e-06,5.537594049694002e-06
0103-XN1WL,incongruent,27,3.49926479759334e-06,1.8618932190196022e-06
0103-XN1WL,incongruent,28,-4.499306401700142e-06,2.3223462967123683e-06
0103-XN1WL,incongruent,29,8.080114431957707e-06,4.031798968701331e-06
0103-XN1WL,incongruent,30,1.4613019794677805e-06,1.9124410138533655e-06
0103-XN1WL,incongruent,31,-5.590307244271839e-07,-5.173336405198934e-07
0103-XN1WL,incongruent,32,-7.897243824734943e-06,1.6137371247585518e-06
0103-XN1WL,incongruent,33,-3.13285481213769e-06,1.18010374694211e-06
0103-XN1WL,incongruent,34,-3.382816910122964e-06,3.1347613685264387e-06
0103-XN1WL,incongruent,35,8.591666320515225e-07,5.532776139404973e-06
0103-XN1WL,incongruent,36,-9.41078138600398e-06,-4.470560702374427e-06
0103-XN1WL,incongruent,37,-8.32758162696654e-06,-3.4317374482072596e-06
0103-XN1WL,incongruent,38,6.718902958207969e-07,3.7243293535517926e-06
0103-XN1WL,incongruent,39,1.3792822380846578e-06,5.231160809484978e-06
0103-XN1WL,incongruent,40,-1.1416989587833985e-05,-1.2820217368593717e-06
0103-XN1WL,incongruent,41,-2.038265376980668e-06,-8.64755268001539e-07
0103-XN1WL,incongruent,42,-2.9559129686212465e-06,3.398778050138493e-06
0103-XN1WL,incongruent,43,-5.399177601031217e-06,-9.271478138071433e-07
0103-XN1WL,incongruent,44,-8.792790834222468e-06,-4.241360658587477e-07
0103-XN1WL,incongruent,45,6.619259645930111e-07,-6.619723718940186e-07
0103-XN1WL,incongruent,46,-8.734396898596586e-06,-1.07632696230868e-07
0103-XN1WL,incongruent,47,-6.5513169264177745e-06,-1.1539680271990882e-06
0103-XN1WL,incongruent,48,2.5805492741705877e-06,-7.108049039141178e-07
0103-XN1WL,incongruent,49,-2.506039464124955e-06,4.839245906005143e-06
0103-XN1WL,incongruent,50,5.839453888435968e-06,8.797998257296953e-06
0103-XN1WL,incongruent,51,-1.4300538652246464e-07,2.7288003333124826e-06
0103-XN1WL,incongruent,52,-7.5308455915910535e-06,-5.857375626490395e-06
0103-XN1WL,incongruent,53,-3.421513674430809e-06,2.493298514911543e-06
0103-XN1WL,incongruent,54,3.981580209518798e-06,4.6055234609784715e-06
0103-XN1WL,incongruent,55,-4.2079845521572216e-07,4.129403966866354e-06
0103-XN1WL,incongruent,56,3.9063086047424875e-06,5.587817711878782e-06
0103-XN1WL,incongruent,57,-5.1494049775508805e-06,-7.847492883702429e-06
0103-XN1WL,incongruent,58,-3.2034224244066933e-06,-4.563287645931498e-06
0103-XN1WL,incongruent,59,-1.607987322318157e-06,7.28218187984619e-07
0103-XN1WL,incongruent,60,-2.1154121855147633e-06,-2.7048080392389446e-06
0103-XN1WL,incongruent,61,3.566916895280163e-06,8.604655791355333e-06
0103-XN1WL,incongruent,62,6.019563930265468e-06,2.2094865573669347e-06
0103-XN1WL,incongruent,63,1.0272073857710503e-05,6.477947756300971e-06
0103-XN1WL,incongruent,64,2.1636485269277755e-06,3.6794611877802868e-06
0103-XN1WL,incongruent,65,3.5952299184656526e-07,5.549723778811233e-06
0103-XN1WL,incongruent,66,-5.478012627140119e-06,-4.1055256687759487e-07
0103-XN1WL,incongruent,67,4.275512328372354e-06,3.6556566027346206e-06
0103-XN1WL,incongruent,68,2.7665827482481885e-07,6.213855539570044e-07
0103-XN1WL,incongruent,69,-1.939199339766805e-06,-4.176458454704147e-07
0103-XN1WL,incongruent,70,-4.968980324207464e-07,6.637281721797219e-06
0103-XN1WL,incongruent,71,2.838415614419254e-06,3.6966364326322723e-06
0103-XN1WL,incongruent,72,7.368544497114033e-07,3.6121839194228606e-06
0103-XN1WL,incongruent,73,3.09243709064068e-06,3.821317197145294e-06
0106-TZFW3,congruent,0,1.08754092344416e-06,2.8484093228403586e-06
0106-TZFW3,congruent,1,-3.669717202719705e-06,-6.888766751163168e-07
0106-TZFW3,congruent,2,-1.9588050959540426e-06,-3.2145349380057575e-06
0106-TZFW3,congruent,3,6.1060828558354185e-06,2.8883560019972116e-06
0106-TZFW3,congruent,4,3.0838834821731067e-06,1.6867619710925105e-06
0106-TZFW3,congruent,5,3.929437008771389e-06,-2.6143744424398864e-06
0106-TZFW3,congruent,6,-9.033916035622406e-07,6.42514982356972e-06
0106-TZFW3,congruent,7,-2.38818907518773e-06,-5.1121703952161436e-06
0106-TZFW3,congruent,8,8.138267965663407e-06,7.497993925519183e-06
0106-TZFW3,congruent,9,1.5701433994206681e-06,7.785974976244142e-06
0106-TZFW3,congruent,10,2.0292659224838587e-06,-1.4867144634416523e-07
0106-TZFW3,congruent,11,7.99966120522954e-06,6.397372805600118e-06
0106-TZFW3,congruent,12,-2.07030437898086e-06,5.4946889644818706e-06
0106-TZFW3,congruent,13,-1.3637295848793686e-07,-3.3710838991528314e-06
0106-TZFW3,congruent,14,5.698644023786241e-06,3.978156946356373e-06
0106-TZFW3,congruent,15,2.9335464310649555e-06,-1.9292129755396763e-06
0106-TZFW3,congruent,16,1.930644030080675e-06,2.6670598479450935e-06
0106-TZFW3,congruent,17,-2.6416948703866382e-06,-4.853020033831514e-06
0106-TZFW3,congruent,18,5.464107124615368e-06,8.869941824229295e-07
0106-TZFW3,congruent,19,4.57894523775282e-06,5.456053372799432e-06
0106-TZFW3,congruent,20,2.3520649320413375e-06,1.0812306824316948e-06
0106-TZFW3,congruent,21,8.20414304375094e-08,-5.382240984431414e-06
0106-TZFW3,congruent,22,7.413696558569659e-06,3.918610967805613e-06
0106-TZFW3,congruent,23,3.5404867992908185e-06,7.97289288395877e-07
0106-TZFW3,congruent,24,1.0877287045512534e-08,-2.753390488203563e-06
0106-TZFW3,congruent,25,3.6665965410520585e-06,4.859630170741004e-06
0106-TZFW3,congruent,26,6.826434947830252e-06,1.0901587564413305e-05
0106-TZFW3,congruent,27,-5.083776237385991e-06,-8.95690343111118e-06
0106-TZFW3,congruent,28,4.574000190633558e-06,1.8523186071951328e-06
0106-TZFW3,congruent,29,7.876486982012479e-06,3.162404906039298e-06
0106-TZFW3,congruent,30,3.7257906993172776e-06,1.586484615726572e-06
0106-TZFW3,congruent,31,3.1795283447855986e-06,-2.3926581049878408e-06
0106-TZFW3,congruent,32,6.57782712112513e-06,7.3234169720667684e-06
0106-TZFW3,congruent,33,6.6993741549474206e-06,8.837087793571058e-06
0106-TZFW3,congruent,34,-6.330323762895457e-06,-5.348938308825968e-06
0106-TZFW3,congruent,35,7.691671362447228e-06,3.7869894102045134e-06
0106-TZFW3,congruent,36,7.2128212806756035e-06,2.771545379804346e-06
0106-TZFW3,congruent,37,1.7247152749383305e-06,1.3170627915010844e-06
0106-TZFW3,congruent,38,7.03748792831349e-06,2.379797160007653e-06
0106-TZFW3,congruent,39,4.395771856445547e-06,4.6611475251359035e-06
0106-TZFW3,congruent,40,5.4165196112338555e-06,1.9036287920052365e-06
0106-TZFW3,congruent,41,6.811698110252755e-06,-1.4568008227919893e-06
0106-TZFW3,congruent,42,1.0525332269009199e-05,4.242319206068404e-06
0106-TZFW3,congruent,43,-2.6508035322748764e-07,6.336689717661055e-06
0106-TZFW3,congruent,44,6.609495472941514e-06,7.534772143860942e-06
0106-TZFW3,congruent,45,-1.3975050395952534e-06,-3.7699378559563602e-06
0106-TZFW3,congruent,46,7.871209588647867e-06,-2.5706058361240293e-06
0106-TZFW3,congruent,47,8.840430696653421e-07,9.067598835284593e-07
0106-TZFW3,congruent,48,-2.95250855923605e-06,-5.918917836278362e-06
0106-TZFW3,congruent,49,2.203948750662287e-07,3.4900539262516672e-06
0106-TZFW3,congruent,50,6.730268524875948e-06,3.081238653878576e-06
0106-TZFW3,congruent,51,2.34248932200134e-06,-3.7251588009510333e-06
0106-TZFW3,congruent,52,-4.393383879325854e-07,-9.571827064127156e-08
0106-TZFW3,congruent,53,7.197136218300312e-06,9.04281973165889e-06
0106-TZFW3,congruent,54,-2.8641073394956408e-06,6.624683742163087e-06
0106-TZFW3,congruent,55,-7.666491635255871e-06,-6.565585530986526e-06
0106-TZFW3,congruent,56,6.162765067480438e-06,7.941454818036224e-06
0106-TZFW3,congruent,57,-4.651422724671513e-07,-7.2202363468800285e-06
0106-TZFW3,congruent,58,5.503045034376025e-06,5.970514030898406e-06
0106-TZFW3,congruent,59,-6.433588001426028e-06,-1.6084692670456353e-06
0106-TZFW3,congruent,60,-5.181196837882985e-07,2.005764296357945e-06
0106-TZFW3,congruent,61,5.27985872050139e-06,-1.5765528955678568e-06
0106-TZFW3,congruent,62,1.3635862998006584e-08,-1.3712639232270792e-06
0106-TZFW3,congruent,63,-4.3140639304833616e-07,-3.3376312033243842e-06
0106-TZFW3,congruent,64,1.1838912295465462e-05,1.1573709273529553e-05
0106-TZFW3,congruent,65,-6.211092838717376e-06,-8.164634949309118e-07
0106-TZFW3,congruent,66,1.2101844532258271e-06,-6.1377119570387354e-06
0106-TZFW3,congruent,67,2.607685530811222e-06,8.295461079250795e-07
0106-TZFW3,congruent,68,4.595809854373361e-06,8.183881123750947e-06
0106-TZFW3,congruent,69,8.908051432561682e-06,1.0154324494444718e-05
0106-TZFW3,congruent,70,-4.410709146189968e-06,-5.725134248123155e-06
0106-TZFW3,congruent,71,6.207539859875298e-06,-1.8781473120365062e-06
0106-TZFW3,congruent,72,8.872877276860625e-06,2.7905199742166317e-06
0106-TZFW3,congruent,73,7.682966053050369e-07,3.3783977562753247e-06
0106-TZFW3,congruent,74,-1.9901425158791774e-06,4.552130523070777e-06
0106-TZFW3,congruent,75,7.70277858055683e-06,-4.9565327286742976e-08
0106-TZFW3,congruent,76,9.715036014978896e-06,-5.716732099651231e-06
0106-TZFW3,congruent,77,2.018729706513666e-06,1.1052592496641067e-07
0106-TZFW3,congruent,78,6.879511931996936e-07,-7.537312227006203e-08
0106-TZFW3,congruent,79,4.927065767554116e-07,-2.762514266518568e-07
0106-TZFW3,congruent,80,-3.2119089668752538e-06,-1.0532778362031102e-06
0106-TZFW3,congruent,81,6.613920782534619e-06,6.567093219608177e-06
0106-TZFW3,congruent,82,5.930819551111166e-06,1.8222234360475594e-06
0106-TZFW3,congruent,83,5.397561062766188e-06,8.709181790043402e-07
0106-TZFW3,congruent,84,6.1059276247652025e-06,1.8235163170854097e-06
0106-TZFW3,congruent,85,3.0525098023648118e-06,-1.8786379257012285e-09
0106-TZFW3,congruent,86,-1.7737082613029429e-06,-3.6283879719790184e-06
0106-TZFW3,congruent,87,-1.6803325514171267e-06,-1.1112105694474087e-06
0106-TZFW3,congruent,88,-2.0201547408878217e-06,-9.402496942292857e-06
0106-TZFW3,congruent,89,5.988346257451756e-06,6.975136696029856e-06
0106-TZFW3,congruent,90,-1.0154348351627285e-06,-9.735675497102282e-06
0106-TZFW3,congruent,91,1.856729175712428e-06,-7.196705235118784e-07
0106-TZFW3,congruent,92,1.5627726373914963e-06,1.4391486657440189e-06
0106-TZFW3,congruent,93,5.322540737528283e-06,-1.3234374524708589e-06
0106-TZFW3,congruent,94,9.270611969760992e-06,3.043151565478099e-06
0106-TZFW3,congruent,95,7.256722602532244e-06,-1.5915458354395388e-06
0106-TZFW3,congruent,96,-1.2007117837446073e-06,-5.310835923644951e-06
0106-TZFW3,congruent,97,1.3502070596309784e-06,-2.493674629048698e-07
0106-TZFW3,congruent,98,4.9658704437990255e-06,2.79621203687458e-06
0106-TZFW3,congruent,99,1.1603145423492359e-05,8.53579263079865e-06
0106-TZFW3,congruent,100,2.243969514222151e-06,3.1928228670482955e-06
0106-TZFW3,congruent,101,8.253196600333534e-07,-5.077636725132218e-07
0106-TZFW3,congruent,102,6.884788896917522e-06,1.5693777436666567e-06
0106-TZFW3,congruent,103,3.641907828616251e-06,5.795119201838307e-06
0106-TZFW3,congruent,104,4.2777143020967186e-07,2.4036221162097403e-07
0106-TZFW3,congruent,105,1.8508811729361063e-06,3.9937440316197736e-07
0106-TZFW3,congruent,106,4.512694592593308e-07,4.91222877088801e-06
0106-TZFW3,congruent,107,-1.3583661679356497e-06,-9.82721843206462e-06
0106-TZFW3,congruent,108,1.0320896679058427e-05,6.983913181197827e-06
0106-TZFW3,congruent,109,9.2690233410247e-06,2.856732367106929e-06
0106-TZFW3,congruent,110,6.341546871499125e-06,-2.953609451082915e-06
0106-TZFW3,congruent,111,4.894025896941445e-06,4.7278670511825315e-06
0106-TZFW3,congruent,112,7.2629225484994e-07,3.306420517610913e-06
0106-TZFW3,congruent,113,5.578431406376404e-06,-4.787986369730909e-07
0106-TZFW3,congruent,114,4.94792576969801e-06,4.180881361148865e-06
0106-TZFW3,congruent,115,5.303600410289306e-06,1.4920608295208374e-06
0106-TZFW3,congruent,116,4.151180937470388e-06,1.2419931710170838e-06
0106-TZFW3,congruent,117,4.901236815305617e-06,1.2146409721603723e-07
0106-TZFW3,congruent,118,-8.167340582900542e-06,-6.997177891558658e-06
0106-TZFW3,congruent,119,5.80613869865365e-06,3.746903582481151e-06
0106-TZFW3,congruent,120,4.736144802552478e-06,-4.192520169778985e-07
0106-TZFW3,congruent,121,2.1245238582744964e-06,-9.208128553409502e-06
0106-TZFW3,congruent,122,9.489755020138785e-06,3.8665697776110635e-06
0106-TZFW3,congruent,123,1.7195031663805516e-06,-2.333986588270884e-06
0106-TZFW3,congruent,124,3.290997112754609e-06,9.443397550266086e-06
0106-TZFW3,congruent,125,-9.778424315328257e-07,-1.8860270814556155e-06
0106-TZFW3,congruent,126,7.006628698679677e-06,7.807104338930772e-07
0106-TZFW3,congruent,127,1.147466251473075e-05,9.363961380472775e-06
0106-TZFW3,congruent,128,7.556567939775695e-07,1.654932296835254e-06
0106-TZFW3,congruent,129,-2.091395879400879e-08,-1.474828203104499e-06
0106-TZFW3,congruent,130,6.39518780815225e-07,-1.9737520648757343e-07
0106-TZFW3,congruent,131,-1.205100289950123e-06,1.3704013049949263e-06
0106-TZFW3,congruent,132,1.6846953373769812e-06,-2.4122435660972824e-06
0106-TZFW3,congruent,133,9.021691871338418e-06,4.575081751519349e-06
0106-TZFW3,congruent,134,7.885850695567166e-06,3.6750173260976116e-06
0106-TZFW3,congruent,135,1.3872261647176316e-06,2.6667323488304796e-06
0106-TZFW3,congruent,136,1.559024778762816e-06,6.600799785400635e-07
0106-TZFW3,congruent,137,-3.818520281921442e-06,-2.5540513147174767e-06
0106-TZFW3,congruent,138,8.655620768653304e-07,1.268462886826531e-06
0106-TZFW3,congruent,139,-2.222192260734474e-06,-3.1170225460784003e-06
0106-TZFW3,congruent,140,1.0605514396919883e-05,-7.565648719095281e-08
0106-TZFW3,congruent,141,5.847402259283059e-07,2.3201452665922997e-07
0106-TZFW3,congruent,142,-5.604394416277945e-06,9.139512760597742e-06
0106-TZFW3,congruent,143,9.683988179377505e-06,7.958790043717454e-06
0106-TZFW3,congruent,144,-1.761127813650037e-06,6.993283446543988e-07
0106-TZFW3,congruent,145,4.634594534264903e-06,2.9655969480952645e-06
0106-TZFW3,congruent,146,2.582968570402911e-06,4.284508836835723e-06
0106-TZFW3,congruent,147,-3.170726162443287e-07,-8.2629755804972e-06
0106-TZFW3,congruent,148,3.657846956230396e-06,9.514928019035041e-07
0106-TZFW3,congruent,149,3.0992145809803977e-06,-2.408358845451521e-06
0106-TZFW3,congruent,150,3.465751587566417e-06,2.9842701301776993e-06
0106-TZFW3,congruent,151,5.147930650764478e-06,8.057113604399734e-06
0106-TZFW3,congruent,152,-1.3982419889465183e-06,-2.6655157930112958e-06
0106-TZFW3,congruent,153,4.291660543154198e-06,5.2726754190111675e-06
0106-TZFW3,congruent,154,2.855626432805875e-06,1.6388291245125562e-06
0106-TZFW3,congruent,155,8.45804932439305e-06,4.464436264769253e-06
0106-TZFW3,congruent,156,6.53738289955779e-07,7.397457537527757e-07
0106-TZFW3,congruent,157,2.3879449495543957e-06,2.7004508493754445e-06
0106-TZFW3,congruent,158,1.0086646757796317e-05,-8.141911877779178e-07
0106-TZFW3,congruent,159,1.671140510473198e-05,1.351328486620014e-05
0106-TZFW3,congruent,160,-1.2259811488090118e-05,-4.384005773819919e-06
0106-TZFW3,congruent,161,1.27508821747427e-06,-4.535412185538851e-06
0106-TZFW3,congruent,162,4.512255914145999e-06,-5.373292694832526e-06
0106-TZFW3,congruent,163,2.016132739831974e-06,-7.988717886985996e-07
0106-TZFW3,congruent,164,1.3664848085130279e-06,3.2704266478123917e-06
0106-TZFW3,congruent,165,2.5835826892003668e-08,-7.0163377667713345e-06
0106-TZFW3,congruent,166,1.091643257591331e-05,5.9424734714198415e-06
0106-TZFW3,congruent,167,8.250962216734757e-06,3.1716999382902986e-06
0106-TZFW3,congruent,168,-1.1994216330471388e-06,-2.9830859393444898e-06
0106-TZFW3,congruent,169,4.0744566994582595e-06,3.008461349263754e-06
0106-TZFW3,congruent,170,3.4223071307609266e-06,2.4826558299633646e-06
0106-TZFW3,congruent,171,2.2910829050294383e-06,1.7617930106334945e-06
0106-TZFW3,congruent,172,2.5796236404463114e-06,1.2397595565635156e-06
0106-TZFW3,congruent,173,4.933613638474086e-06,-3.843211592020419e-07
0106-TZFW3,congruent,174,-2.5097248843129054e-07,-2.633303183462647e-06
0106-TZFW3,congruent,175,1.5909581110982767e-06,-3.028032630326243e-08
0106-TZFW3,congruent,176,8.507243565111598e-06,2.466519103123483e-08
0106-TZFW3,congruent,177,-8.232606000437626e-06,-1.1553532432011852e-06
0106-TZFW3,congruent,178,9.678705816025373e-06,1.939580036105281e-06
0106-TZFW3,congruent,179,4.660614591356339e-06,1.0677674251461775e-05
0106-TZFW3,congruent,180,-2.2855253644792284e-06,-3.968519093330718e-06
0106-TZFW3,congruent,181,3.041772959227297e-06,6.783966104443715e-06
0106-TZFW3,congruent,182,7.533004514862502e-06,2.1944062107348006e-06
0106-TZFW3,congruent,183,9.245431702388252e-06,7.815170797378165e-06
0106-TZFW3,congruent,184,-7.347007461275931e-06,3.846307209635478e-06
0106-TZFW3,congruent,185,5.029867775737512e-06,-1.1282606564272844e-06
0106-TZFW3,congruent,186,5.834979296587407e-06,7.503803313415503e-07
0106-TZFW3,congruent,187,-7.735680329345481e-06,-9.580689603946471e-06
0106-TZFW3,congruent,188,-3.4879217437279506e-06,-2.352159453624024e-06
0106-TZFW3,congruent,189,3.6429057409260357e-06,-3.187968536952908e-06
0106-TZFW3,congruent,190,7.591757236601963e-06,5.2174715265524475e-06
0106-TZFW3,congruent,191,8.081928094660309e-06,5.398589152430713e-06
0106-TZFW3,congruent,192,-2.2374352972999233e-06,-1.4870326595397558e-06
0106-TZFW3,congruent,193,-4.129765252513805e-06,-4.496809256766102e-06
0106-TZFW3,congruent,194,8.716146207575046e-06,4.52293658438354e-06
0106-TZFW3,congruent,195,3.3952846215452943e-06,1.6704329762324783e-06
0106-TZFW3,congruent,196,-3.5582295726365976e-06,-1.5130491052764185e-05
0106-TZFW3,congruent,197,2.4318210928660522e-06,2.8720456783081583e-06
0106-TZFW3,congruent,198,-1.6060272649240922e-06,-5.788205451200965e-07
0106-TZFW3,congruent,199,-7.638708658673569e-07,8.567703813514928e-07
0106-TZFW3,congruent,200,3.7240531325992706e-06,7.453681024076113e-06
0106-TZFW3,congruent,201,2.3550491550426e-06,2.61854490382037e-06
0106-TZFW3,congruent,202,-4.102365400505415e-06,-4.6453966541742435e-06
0106-TZFW3,incongruent,0,7.37807155788697e-06,5.401456643257646e-06
0106-TZFW3,incongruent,1,-1.0729275910224664e-06,-1.4413187156104745e-06
0106-TZFW3,incongruent,2,1.5053174827833904e-06,1.4021413215040428e-06
0106-TZFW3,incongruent,3,9.162753771675663e-06,1.1945848047513488e-05
0106-TZFW3,incongruent,4,-7.848959885045343e-06,-1.4737209092662665e-05
0106-TZFW3,incongruent,5,8.77819861781221e-06,1.5455701261195089e-06
0106-TZFW3,incongruent,6,-3.963032486418363e-06,-3.636411256945131e-07
0106-TZFW3,incongruent,7,-5.143406282831611e-07,2.1105475451367547e-06
0106-TZFW3,incongruent,8,-2.221104810485526e-06,-3.4345207069002476e-06
0106-TZFW3,incongruent,9,7.880015268654099e-06,4.998659477686568e-06
0106-TZFW3,incongruent,10,9.59629843528626e-07,1.9750801982934494e-06
0106-TZFW3,incongruent,11,9.292719116983292e-06,7.172548057364016e-06
0106-TZFW3,incongruent,12,4.551831402448875e-06,1.0804789149537e-06
0106-TZFW3,incongruent,13,5.9241974846789585e-06,1.117137728460851e-06
0106-TZFW3,incongruent,14,-1.8422326677497262e-06,5.632330914481967e-06
0106-TZFW3,incongruent,15,7.181732914149688e-07,8.761338436346794e-06
0106-TZFW3,incongruent,16,3.50314632740787e-06,-6.871373237751493e-07
0106-TZFW3,incongruent,17,1.546365374675034e-06,2.471308682917893e-07
0106-TZFW3,incongruent,18,6.865645289048636e-06,7.496634045922086e-06
0106-TZFW3,incongruent,19,-2.9688576776620576e-06,5.469680235373244e-06
0106-TZFW3,incongruent,20,7.3794785895053775e-06,3.0975741055225924e-06
0106-TZFW3,incongruent,21,5.500638948464603e-06,2.9788477298101866e-06
0106-TZFW3,incongruent,22,3.54478639515466e-06,-1.431720080837872e-07
0106-TZFW3,incongruent,23,-1.1395960542556652e-06,-1.2015137029855753e-06
0106-TZFW3,incongruent,24,-2.3592455351034218e-06,3.748080756852737e-07
0106-TZFW3,incongruent,25,7.3204840756920255e-06,8.731803709385089e-06
0106-TZFW3,incongruent,26,8.69939921743202e-06,-1.7281637804598761e-06
0106-TZFW3,incongruent,27,8.455635525343315e-06,2.1293356788720036e-06
0106-TZFW3,incongruent,28,1.9803407031568473e-07,5.0611724408421455e-06
0106-TZFW3,incongruent,29,2.6698512942323528e-06,3.8658567348178345e-06
0106-TZFW3,incongruent,30,1.5622061376760843e-06,6.615024083628889e-06
0106-TZFW3,incongruent,31,-3.0057814284804244e-07,6.032260399157578e-06
0106-TZFW3,incongruent,32,2.656374871597971e-06,2.8451218806455787e-06
0106-TZFW3,incongruent,33,-5.215630245704598e-07,-1.8208977766977953e-06
0106-TZFW3,incongruent,34,8.250717336986861e-06,6.879443165600113e-06
0106-TZFW3,incongruent,35,3.577569979094556e-06,5.155483944645992e-06
0106-TZFW3,incongruent,36,-1.3111688747994521e-06,3.814867107902533e-06
0106-TZFW3,incongruent,37,-1.5348225882476771e-07,4.840112036409811e-06
0106-TZFW3,incongruent,38,7.914791389460478e-06,9.276214506031399e-06
0106-TZFW3,incongruent,39,-3.4997997160982133e-07,8.179923779086657e-07
0106-TZFW3,incongruent,40,1.087240770468093e-06,2.6976675777280698e-06
0106-TZFW3,incongruent,41,5.672534063004458e-06,7.529216554892485e-06
0106-TZFW3,incongruent,42,1.0665076491505968e-05,9.277734633582754e-06
0106-TZFW3,incongruent,43,7.536347270741239e-06,9.269798584420875e-06
0106-TZFW3,incongruent,44,4.1137154670362477e-07,4.4907489559763506e-07
0106-TZFW3,incongruent,45,-1.6903396880303084e-06,-1.560630238712503e-06
0106-TZFW3,incongruent,46,3.792822006541569e-07,-6.563938513221311e-07
0106-TZFW3,incongruent,47,-4.775557465836786e-06,-4.637024147406376e-06
0106-TZFW3,incongruent,48,-4.032875279755631e-06,5.449135107296903e-06
0106-TZFW3,incongruent,49,3.7527943072576527e-06,5.1414713686311955e-06
0106-TZFW3,incongruent,50,-1.7054554843662212e-06,-1.7059767247458778e-06
0106-TZFW3,incongruent,51,9.667894503828202e-06,2.8503337869592403e-06
0106-TZFW3,incongruent,52,1.2318227327142917e-05,1.355866069450456e-05
0106-TZFW3,incongruent,53,-7.767495345087767e-07,-1.2812815808179882e-06
0106-TZFW3,incongruent,54,7.911173769154503e-06,6.9931538678034445e-06
0106-TZFW3,incongruent,55,5.652172210703728e-06,5.26822235562869e-06
0106-TZFW3,incongruent,56,6.582422813923615e-06,6.417845599589995e-06
0106-TZFW3,incongruent,57,1.765238858616452e-06,1.2890330830362787e-06
0106-TZFW3,incongruent,58,-5.413899281758965e-07,-9.345894949716496e-07
0106-TZFW3,incongruent,59,1.1779050178042047e-05,1.2886115721100952e-05
0106-TZFW3,incongruent,60,3.927748090459239e-06,-8.259190066195259e-08
0106-TZFW3,incongruent,61,7.529417438476835e-06,1.0875928462501035e-05
0106-TZFW3,incongruent,62,1.1677879758807116e-06,-4.880572488121158e-06
0106-TZFW3,incongruent,63,-7.287973380260869e-07,4.427575622720385e-06
0106-TZFW3,incongruent,64,4.8045978730973266e-06,5.064788174685172e-06
0106-TZFW3,incongruent,65,5.8551447356104095e-06,2.162288552427414e-06
0106-TZFW3,incongruent,66,3.859840996721754e-06,-6.400212986067758e-07
0106-TZFW3,incongruent,67,6.6666652563802325e-06,5.631391182096882e-06
0106-TZFW3,incongruent,68,4.906046368508236e-06,1.0752533996719117e-05
0106-TZFW3,incongruent,69,1.0116527114192045e-05,1.12579143234634e-05
0106-TZFW3,incongruent,70,2.462132625961361e-06,1.9811744235613527e-06
0106-TZFW3,incongruent,71,3.764359793585668e-06,2.553630447545401e-06
0206-6P6O4,congruent,0,1.085777698294682e-06,-1.2830952930577528e-06
0206-6P6O4,congruent,1,1.8695441992680478e-06,1.9593548625806176e-06
0206-6P6O4,congruent,2,-1.3019528355523024e-06,-2.4451308943323365e-06
0206-6P6O4,congruent,3,1.632424483067866e-07,-6.287990765781926e-07
0206-6P6O4,congruent,4,-3.632371706177445e-07,-2.5735036620339965e-06
0206-6P6O4,congruent,5,-8.484193697257168e-07,-8.358128223798001e-07
0206-6P6O4,congruent,6,4.318688581604291e-06,8.894655593664662e-07
0206-6P6O4,congruent,7,1.2268349477768805e-06,1.1352810985242507e-06
0206-6P6O4,congruent,8,-1.993857349838896e-06,8.743787699642873e-07
0206-6P6O4,congruent,9,1.091837922050713e-06,-1.2999519822551974e-06
0206-6P6O4,congruent,10,5.5898660923759554e-06,1.6465803816930906e-06
0206-6P6O4,congruent,11,3.5317234457316144e-06,3.92919584077796e-06
0206-6P6O4,congruent,12,2.027407908509864e-06,9.513122254249762e-07
0206-6P6O4,congruent,13,-6.082883726405307e-06,-4.554226327531697e-07
0206-6P6O4,congruent,14,5.490087479795286e-07,8.456750795049627e-07
0206-6P6O4,congruent,15,-1.1373717117120736e-06,-3.42767089408599e-07
0206-6P6O4,congruent,16,7.970824175633379e-07,2.6501502722417133e-07
0206-6P6O4,congruent,17,-7.882951304686824e-07,-2.831298133770285e-07
0206-6P6O4,congruent,18,-1.2043753078541215e-06,-2.007001913518009e-06
0206-6P6O4,congruent,19,-2.884547864086656e-06,-2.689579180636e-07
0206-6P6O4,congruent,20,2.40302144195358e-06,2.3829351483538367e-06
0206-6P6O4,congruent,21,1.6168118194789841e-06,-1.7724081201150768e-06
0206-6P6O4,congruent,22,2.332961893962506e-06,-2.166383900528459e-06
0206-6P6O4,congruent,23,1.8982069903334204e-06,4.254735243844544e-06
0206-6P6O4,congruent,24,-1.6271705212308446e-06,-2.468070957386799e-06
0206-6P6O4,congruent,25,-2.638571659154227e-06,-2.9135494216127993e-06
0206-6P6O4,congruent,26,-4.7576871374138075e-07,-1.0891160834474156e-06
0206-6P6O4,congruent,27,7.996239464751896e-07,-5.721317672191342e-07
0206-6P6O4,congruent,28,1.4460881211826656e-06,-1.5971096371895116e-06
0206-6P6O4,congruent,29,1.8752042644320817e-07,8.147924391852685e-07
0206-6P6O4,congruent,30,2.3837732258350908e-06,2.081568916426332e-07
0206-6P6O4,congruent,31,1.7193756348674754e-06,1.1813122826778818e-06
0206-6P6O4,congruent,32,2.1124743451203885e-06,8.596172377026449e-07
0206-6P6O4,congruent,33,1.5763652612544929e-06,4.319605308039314e-06
0206-6P6O4,congruent,34,1.0935955365269582e-06,-1.2253429630662935e-06
0206-6P6O4,congruent,35,2.8480224007478687e-06,4.71938125083318e-08
0206-6P6O4,congruent,36,4.425934305152443e-06,4.60623532454265e-06
0206-6P6O4,congruent,37,-6.198905939860578e-06,-2.921646577013728e-06
0206-6P6O4,congruent,38,9.017353023600923e-07,1.4606472338381848e-06
0206-6P6O4,congruent,39,-1.7368176579643898e-06,-1.7801374537727294e-06
0206-6P6O4,congruent,40,3.970428241162091e-06,3.0296316283643217e-06
0206-6P6O4,congruent,41,-8.037678571560834e-07,-1.1649416366125346e-07
0206-6P6O4,congruent,42,4.5912485885461473e-07,-2.697584871753245e-06
0206-6P6O4,congruent,43,2.6044127451719413e-06,-2.2571635120290506e-06
0206-6P6O4,congruent,44,3.68494809899674e-06,2.6167265320872414e-06
0206-6P6O4,congruent,45,7.359699987763197e-07,-2.632498758375396e-07
0206-6P6O4,congruent,46,1.432370354172124e-06,4.441949298793715e-07
0206-6P6O4,congruent,47,1.7480759961415936e-06,5.898044800768905e-07
0206-6P6O4,congruent,48,4.071841266493849e-06,1.6041152448143403e-06
0206-6P6O4,congruent,49,3.2483492665336656e-06,1.7111067833727997e-06
0206-6P6O4,congruent,50,2.5615333236725643e-06,2.218409893242958e-06
0206-6P6O4,congruent,51,5.559320285167242e-07,-4.5625774844570357e-07
0206-6P6O4,congruent,52,1.3738715399761795e-06,-1.6620956206395107e-06
0206-6P6O4,congruent,53,1.1583032734859683e-07,-3.0587190060487013e-07
0206-6P6O4,congruent,54,-2.3837564574566094e-07,-4.855820539945886e-06
0206-6P6O4,congruent,55,3.0101541777229e-06,1.3237812837167497e-06
0206-6P6O4,congruent,56,1.3270853427657838e-06,-2.4605542293667353e-07
0206-6P6O4,congruent,57,4.71199087082783e-06,5.1843019284762086e-06
0206-6P6O4,congruent,58,-1.1233901855690829e-06,-1.143915137011096e-09
0206-6P6O4,congruent,59,3.085393928042496e-06,1.7765140575167393e-06
0206-6P6O4,congruent,60,-1.0762883977648315e-06,-2.1234872450275958e-06
0206-6P6O4,congruent,61,9.815397971560581e-06,7.353135833096663e-06
0206-6P6O4,congruent,62,3.00034066409883e-06,1.7758432775285985e-06
0206-6P6O4,congruent,63,-2.656408038101528e-06,-4.6550895750487574e-06
0206-6P6O4,congruent,64,6.401331469125322e-06,4.648948756580571e-06
0206-6P6O4,congruent,65,-8.840175908450929e-07,3.216537092240369e-07
0206-6P6O4,congruent,66,-2.414513044171314e-07,-1.509855445669472e-06
0206-6P6O4,congruent,67,1.5903535419754154e-06,-1.0644231754577883e-06
0206-6P6O4,congruent,68,-8.876026518140666e-07,-2.772240638379805e-06
0206-6P6O4,congruent,69,2.7423553679116812e-06,6.679560896346534e-07
0206-6P6O4,congruent,70,3.2794069459237966e-06,6.885514635752557e-07
0206-6P6O4,congruent,71,1.3999713119977988e-06,1.2200611302712056e-06
0206-6P6O4,congruent,72,1.2911752715729172e-06,-7.945169016947138e-08
0206-6P6O4,congruent,73,-5.928717571457958e-07,-6.093573884131565e-06
0206-6P6O4,congruent,74,-7.43491029810729e-07,-1.0240494848802783e-07
0206-6P6O4,congruent,75,3.280205634239446e-06,-7.534511756369534e-08
0206-6P6O4,congruent,76,4.6827956658300975e-06,-2.112369467905251e-06
0206-6P6O4,congruent,77,-2.267663121487976e-06,-2.3897712299338455e-06
0206-6P6O4,congruent,78,-7.376789453046206e-07,1.8600390456547667e-06
0206-6P6O4,congruent,79,3.0043071339040843e-07,-7.615207411466773e-07
0206-6P6O4,congruent,80,-5.196389432358793e-07,-1.4193006382000996e-06
0206-6P6O4,congruent,81,1.3380316547527743e-06,-1.6951317270251558e-07
0206-6P6O4,congruent,82,4.286942169118044e-06,6.69966932537685e-07
0206-6P6O4,congruent,83,1.7255792125021608e-07,-1.058799925837565e-06
0206-6P6O4,congruent,84,1.5458607385202783e-06,-7.430251095518767e-07
0206-6P6O4,congruent,85,-1.3704266631166304e-06,-2.6722090513958574e-06
0206-6P6O4,congruent,86,2.5158916685299692e-06,1.7382365062248752e-06
0206-6P6O4,congruent,87,6.13918897464158e-07,2.3592575431514255e-07
0206-6P6O4,congruent,88,-9.462485386918117e-07,2.593785654162653e-08
0206-6P6O4,congruent,89,9.918440684983783e-07,2.1162399691737394e-06
0206-6P6O4,congruent,90,-1.6097465128261212e-07,-3.2939471251217518e-06
0206-6P6O4,congruent,91,-7.696775268071072e-07,-1.9124855940512785e-06
0206-6P6O4,congruent,92,-2.009452225795146e-06,-7.146432994503919e-07
0206-6P6O4,congruent,93,5.237180046786519e-06,-9.345760270353391e-08
0206-6P6O4,congruent,94,-1.119872156572537e-06,-3.7825784154015366e-06
0206-6P6O4,congruent,95,3.251803612000107e-06,2.503583053799345e-06
0206-6P6O4,congruent,96,-3.0142452801308876e-06,1.6568824875891405e-06
0206-6P6O4,congruent,97,9.12794956259443e-07,5.106304568702284e-07
0206-6P6O4,congruent,98,-3.340140620811219e-07,-7.778234349431355e-07
0206-6P6O4,congruent,99,-1.1004517687811283e-06,1.4002582322787777e-06
0206-6P6O4,congruent,100,2.9513534817050033e-06,-1.193151421804731e-07
0206-6P6O4,congruent,101,1.1693810283587294e-06,2.447759080760874e-07
0206-6P6O4,congruent,102,-6.569741759762633e-08,-1.758260613270629e-07
0206-6P6O4,congruent,103,2.7524707111747493e-06,1.3439832232521157e-06
0206-6P6O4,congruent,104,5.4143255987634925e-06,2.0947039101341603e-06
0206-6P6O4,congruent,105,-1.5478592241792425e-06,-3.7971823827261995e-06
0206-6P6O4,congruent,106,2.384739298909442e-06,2.182284737401793e-06
0206-6P6O4,congruent,107,5.258162179787274e-07,1.9026361041611277e-07
0206-6P6O4,congruent,108,4.389195597584228e-06,2.1594541960414562e-07
0206-6P6O4,congruent,109,3.7667055059397714e-06,3.481316590402404e-07
0206-6P6O4,congruent,110,-1.858739298770332e-07,-1.1749185743366662e-06
0206-6P6O4,congruent,111,-2.8911702571267034e-06,-1.493837048943052e-06
0206-6P6O4,congruent,112,2.7282155323915393e-07,-1.1352815593191244e-06
0206-6P6O4,congruent,113,3.6714887342027466e-06,3.94465370847748e-07
0206-6P6O4,congruent,114,2.777853023223675e-06,3.328346574690127e-06
0206-6P6O4,congruent,115,-1.1478933154689507e-06,-7.75593096425264e-07
0206-6P6O4,congruent,116,-9.771636907615493e-07,-2.0420777665238707e-06
0206-6P6O4,congruent,117,2.0810428065036468e-06,-8.094937201377345e-07
0206-6P6O4,congruent,118,2.9427832019267366e-06,7.591784836628535e-08
0206-6P6O4,congruent,119,1.8680772804550764e-06,1.984152889092254e-06
0206-6P6O4,congruent,120,8.805041165151271e-07,1.649061173526439e-07
0206-6P6O4,congruent,121,1.9970319456454953e-06,-8.315474955513106e-07
0206-6P6O4,congruent,122,-1.118846848171997e-06,-6.032210803047221e-07
0206-6P6O4,congruent,123,-9.289620314927271e-07,-1.1695655001704988e-06
0206-6P6O4,congruent,124,3.48207213457632e-07,2.863219970453655e-06
0206-6P6O4,congruent,125,2.620573754477832e-06,-2.724444279940832e-07
0206-6P6O4,congruent,126,1.408423441774945e-06,2.0846179947822347e-06
0206-6P6O4,congruent,127,1.9194550180104783e-06,1.2918902018095532e-06
0206-6P6O4,congruent,128,-1.3059459220472121e-06,-1.2053545552517834e-06
0206-6P6O4,congruent,129,2.7952333958902092e-06,-1.3783385271315314e-08
0206-6P6O4,congruent,130,4.900685588342965e-06,3.507444772569832e-06
0206-6P6O4,congruent,131,-1.4336656548568112e-06,-1.840267765014052e-08
0206-6P6O4,congruent,132,2.368558280497656e-06,6.846374888016171e-07
0206-6P6O4,congruent,133,1.963124224168678e-06,-9.282039796714538e-07
0206-6P6O4,congruent,134,2.168502842180212e-06,2.787736926121623e-06
0206-6P6O4,congruent,135,-1.142196071907265e-06,9.045168176404096e-07
0206-6P6O4,congruent,136,-6.247785904047303e-06,-2.7759204834063656e-06
0206-6P6O4,congruent,137,-2.357479463560626e-06,-7.155803469672757e-06
0206-6P6O4,congruent,138,4.206667951615995e-06,7.223650101143014e-06
0206-6P6O4,congruent,139,3.640000114278482e-07,5.194970517107059e-07
0206-6P6O4,congruent,140,2.476027757033086e-06,2.160817990915231e-08
0206-6P6O4,congruent,141,-1.5514331570559529e-06,-4.581852365418607e-06
0206-6P6O4,congruent,142,2.2752023765033574e-06,-1.9058060031766363e-06
0206-6P6O4,congruent,143,5.3878711081563025e-06,5.183916006601665e-06
0206-6P6O4,congruent,144,-2.869450310631872e-06,-2.162860183586231e-06
0206-6P6O4,congruent,145,-1.1992673434159748e-06,8.023453931210455e-07
0206-6P6O4,congruent,146,3.1472754015038947e-07,-5.283646927490468e-07
0206-6P6O4,congruent,147,1.884406396247645e-06,9.349251084167447e-07
0206-6P6O4,congruent,148,-4.375965953613922e-06,-6.075000612450021e-06
0206-6P6O4,congruent,149,-1.474579525266746e-07,-2.91599751609524e-06
0206-6P6O4,congruent,150,2.3723097492717077e-06,2.3890781273078415e-06
0206-6P6O4,congruent,151,-7.338355186635621e-07,-3.1287074692307403e-06
0206-6P6O4,congruent,152,1.2231699147770542e-06,2.4398913459088824e-06
0206-6P6O4,congruent,153,-2.193636268732253e-06,-1.021032176171888e-06
0206-6P6O4,congruent,154,-6.133809167697393e-07,1.3076296847732677e-06
0206-6P6O4,congruent,155,1.8003750198342528e-06,1.074199239896897e-06
0206-6P6O4,congruent,156,2.6266774443426413e-07,9.42443385575074e-07
0206-6P6O4,congruent,157,2.8656730903394005e-06,6.321825856940369e-07
0206-6P6O4,congruent,158,8.977842586551442e-07,1.9013132144268633e-06
0206-6P6O4,congruent,159,4.500410216851598e-06,3.4856413459880056e-06
0206-6P6O4,congruent,160,-2.650162796127991e-07,-2.8876906502672025e-06
0206-6P6O4,congruent,161,1.3665131599838588e-06,3.1121259952825666e-06
0206-6P6O4,congruent,162,6.59185104088879e-06,9.879416948232486e-07
0206-6P6O4,congruent,163,3.9906740451926716e-06,3.583671209576431e-06
0206-6P6O4,congruent,164,-5.335997835432241e-07,-1.2311874596800318e-07
0206-6P6O4,congruent,165,3.1486661479638605e-06,1.4719503130117015e-06
0206-6P6O4,congruent,166,5.115161358213516e-07,7.786919871458781e-07
0206-6P6O4,congruent,167,-1.8229203761129998e-07,-3.3641699148405263e-06
0206-6P6O4,congruent,168,2.243378892407245e-06,-9.500420147581692e-07
0206-6P6O4,congruent,169,5.458050518312509e-06,2.7939766905177906e-06
0206-6P6O4,congruent,170,1.7462065312515486e-06,4.4257655621217623e-07
0206-6P6O4,congruent,171,1.842080946739203e-06,9.881100616951257e-07
0206-6P6O4,congruent,172,4.022418183436282e-06,1.7873828585299255e-06
0206-6P6O4,congruent,173,-3.6063580305144805e-06,-3.4145922581475717e-06
0206-6P6O4,congruent,174,2.8739801048541304e-06,3.4125039325604904e-06
0206-6P6O4,congruent,175,-1.3545851055987881e-06,3.351021028950303e-07
0206-6P6O4,congruent,176,-2.8772279285882645e-07,-1.5748850567591344e-06
0206-6P6O4,congruent,177,1.5726423926020933e-06,2.5072895859936873e-06
0206-6P6O4,congruent,178,-6.735773981564016e-07,-1.0487977452011585e-06
0206-6P6O4,congruent,179,4.706202145451648e-06,5.176984448346234e-06
0206-6P6O4,congruent,180,-1.3302046592629083e-06,7.5730012117195e-07
0206-6P6O4,congruent,181,2.462211613497312e-06,1.2867769229513004e-06
0206-6P6O4,congruent,182,-1.8326988093353858e-07,-1.0183051729318864e-06
0206-6P6O4,congruent,183,1.2573785626075898e-06,-3.3149216754508483e-06
0206-6P6O4,congruent,184,-4.3909407648404505e-06,-1.8949425161293736e-06
0206-6P6O4,congruent,185,-1.8338241718757084e-06,-1.5795932842911613e-06
0206-6P6O4,congruent,186,-2.073704042140587e-07,8.378685916093539e-07
0206-6P6O4,congruent,187,-1.0785970673106171e-06,3.4712360343871446e-07
0206-6P6O4,congruent,188,8.919850065982186e-07,-7.453212371351157e-07
0206-6P6O4,congruent,189,1.7269145004015832e-06,1.0225428998540945e-06
0206-6P6O4,congruent,190,3.669446878919255e-06,6.682514179519381e-06
0206-6P6O4,congruent,191,-3.995228062348628e-06,-2.7515744319416873e-06
0206-6P6O4,congruent,192,7.820257405816269e-08,-5.229766010825393e-07
0206-6P6O4,congruent,193,1.6520495074641945e-06,1.1929174253086697e-06
0206-6P6O4,congruent,194,2.3207840428736025e-06,1.1587279825314722e-06
0206-6P6O4,congruent,195,-1.2308561134913467e-06,1.970075248362143e-06
0206-6P6O4,congruent,196,3.40666380779163e-06,9.919529697400927e-07
0206-6P6O4,congruent,197,4.696108897306317e-06,3.5306359177702984e-06
0206-6P6O4,congruent,198,-3.880449434297049e-06,-5.814843386251465e-06
0206-6P6O4,congruent,199,6.017423978471881e-06,2.4548592130986414e-06
0206-6P6O4,congruent,200,2.010379950484218e-06,2.528712218814941e-06
0206-6P6O4,congruent,201,2.0517600643356575e-06,4.33870169644393e-07
0206-6P6O4,congruent,202,-7.95584170524201e-08,-1.2816136166344755e-07
0206-6P6O4,congruent,203,-7.420877015193918e-07,1.2982315020780925e-06
0206-6P6O4,congruent,204,-3.845825938067013e-06,-6.459979129058486e-06
0206-6P6O4,congruent,205,4.381130817752851e-06,1.4094102603953733e-06
0206-6P6O4,congruent,206,2.85438115063989e-06,5.098790643262899e-07
0206-6P6O4,congruent,207,2.4045097588197424e-06,2.638608778354952e-06
0206-6P6O4,congruent,208,-2.5167174961065657e-07,8.90289710134299e-07
0206-6P6O4,congruent,209,-1.1114150291190304e-06,-2.513970404551302e-06
0206-6P6O4,congruent,210,-2.2849083708657412e-07,1.226828486329548e-06
0206-6P6O4,congruent,211,-2.149034243636932e-07,-8.234916506737207e-07
0206-6P6O4,congruent,212,2.7178428820874085e-07,3.2417378813479043e-06
0206-6P6O4,incongruent,0,1.5878151458945765e-06,-2.6693227039070723e-07
0206-6P6O4,incongruent,1,2.114788422060352e-06,5.350956582153447e-07
0206-6P6O4,incongruent,2,8.559465635727075e-07,-2.8622672803512137e-06
0206-6P6O4,incongruent,3,-1.5633573410461922e-06,-5.095828889097952e-07
0206-6P6O4,incongruent,4,4.426893954699654e-06,4.2002349372671966e-06
0206-6P6O4,incongruent,5,-2.6768722945117746e-06,-6.195262017564536e-07
0206-6P6O4,incongruent,6,-1.127492264715451e-06,-2.320828817320585e-06
0206-6P6O4,incongruent,7,-2.1256572448539928e-06,-2.8985972502045525e-07
0206-6P6O4,incongruent,8,9.598918436290703e-07,3.0123096514296574e-06
0206-6P6O4,incongruent,9,1.1157893658519009e-06,2.434713562530063e-06
0206-6P6O4,incongruent,10,4.935399844309152e-06,3.251448671610102e-06
0206-6P6O4,incongruent,11,6.664744529637046e-06,2.2930009331141777e-06
0206-6P6O4,incongruent,12,1.264005645144624e-07,-1.4973663437285591e-06
0206-6P6O4,incongruent,13,-5.425835228294944e-06,4.016937187463387e-07
0206-6P6O4,incongruent,14,1.1907010624776191e-06,1.5376631693793594e-06
0206-6P6O4,incongruent,15,6.539120306910388e-07,-1.1562077650931041e-06
0206-6P6O4,incongruent,16,2.9072753488779425e-06,-1.7601140106872043e-06
0206-6P6O4,incongruent,17,1.7182580840264921e-06,5.052443508933793e-06
0206-6P6O4,incongruent,18,2.325900105775105e-06,2.89333135209945e-06
0206-6P6O4,incongruent,19,-7.390378110163903e-07,1.7067321176579833e-06
0206-6P6O4,incongruent,20,2.661399634221169e-06,1.2382401379890487e-06
0206-6P6O4,incongruent,21,5.627800204910692e-08,-1.0781118370098209e-06
0206-6P6O4,incongruent,22,3.7639307431874896e-07,3.819003752253857e-06
0206-6P6O4,incongruent,23,4.295570570562211e-06,5.634875068877266e-06
0206-6P6O4,incongruent,24,-1.7733795361610099e-06,-5.595132304357393e-07
0206-6P6O4,incongruent,25,-1.3319685686813544e-06,5.313850518427782e-07
0206-6P6O4,incongruent,26,-3.0163890778886313e-06,-1.0413859314105325e-06
0206-6P6O4,incongruent,27,-1.5949489545531975e-06,-2.445787710852083e-06
0206-6P6O4,incongruent,28,4.58197361557509e-06,1.6920286351487302e-07
0206-6P6O4,incongruent,29,9.309683039791513e-07,6.481824763852913e-06
0206-6P6O4,incongruent,30,-9.94026977787647e-07,-6.53104828510864e-07
0206-6P6O4,incongruent,31,3.0288419853928207e-06,2.4373083645055963e-06
0206-6P6O4,incongruent,32,-9.978027999525759e-07,3.3171994424227923e-06
0206-6P6O4,incongruent,33,2.203176314510552e-06,5.6193283555423e-06
0206-6P6O4,incongruent,34,1.6611669704208412e-06,2.981404218530348e-06
0206-6P6O4,incongruent,35,-1.7313992255788707e-06,-2.9149448559902074e-06
0206-6P6O4,incongruent,36,-8.418235743699388e-08,1.5695317766863498e-06
0206-6P6O4,incongruent,37,2.2700753488071264e-07,-1.9662846069707662e-06
0206-6P6O4,incongruent,38,2.055014684343293e-06,2.078430238372529e-07
0206-6P6O4,incongruent,39,3.0001185937210765e-06,1.8634294740887494e-06
0206-6P6O4,incongruent,40,-1.6370176371607627e-06,1.8693155995710527e-06
0206-6P6O4,incongruent,41,1.0427210133256836e-06,-3.970896145892513e-08
0206-6P6O4,incongruent,42,-8.190221848175538e-07,1.746779671990705e-06
0206-6P6O4,incongruent,43,3.7522072660406857e-07,-1.7141259684215429e-06
0206-6P6O4,incongruent,44,-1.259680609736681e-06,-1.4899911001889703e-06
0206-6P6O4,incongruent,45,-8.425959413335636e-07,2.435193432208689e-06
0206-6P6O4,incongruent,46,-3.671548931137794e-06,1.6396348355610437e-06
0206-6P6O4,incongruent,47,-2.597392558374364e-06,1.7334058152055484e-06
0206-6P6O4,incongruent,48,1.444263123683841e-06,1.4479346846685817e-06
0206-6P6O4,incongruent,49,-6.332889440216025e-07,-4.068233492191471e-06
0206-6P6O4,incongruent,50,-4.0154783619437154e-07,2.5930850933362346e-06
0206-6P6O4,incongruent,51,-4.048225159857521e-06,-9.889009806510985e-07
0206-6P6O4,incongruent,52,-2.8497009695128882e-06,-2.7265819481403664e-07
0206-6P6O4,incongruent,53,-2.643108364190192e-06,-3.5533036463850784e-06
0206-6P6O4,incongruent,54,1.6124806405720147e-07,3.3657088847959156e-06
0206-6P6O4,incongruent,55,2.5393191831360346e-06,-1.802501692585986e-06
0206-6P6O4,incongruent,56,1.355467598902124e-06,-4.101882911379459e-07
0206-6P6O4,incongruent,57,2.1181551960512637e-06,6.851666311532797e-07
0206-6P6O4,incongruent,58,-1.9622114914396604e-06,-1.8638142925948145e-08
0206-6P6O4,incongruent,59,2.023873648676838e-06,2.206522283223946e-06
0206-6P6O4,incongruent,60,-4.661322148893123e-06,1.3652022506493628e-07
0206-6P6O4,incongruent,61,1.4025677017865977e-06,-1.437455613201907e-06
0206-6P6O4,incongruent,62,3.952839741382405e-06,1.712775987769025e-06
0206-6P6O4,incongruent,63,2.3929720807703406e-06,2.984308534121093e-07
0206-6P6O4,incongruent,64,1.4319061606484716e-07,2.262374398984954e-06
0206-6P6O4,incongruent,65,-2.3554970519001124e-06,-2.4566426807546154e-06
0206-6P6O4,incongruent,66,-2.3085945445313456e-07,7.130883936503159e-07
0206-6P6O4,incongruent,67,1.5439047253366548e-06,7.786837236294351e-07
0206-6P6O4,incongruent,68,3.3626317859517887e-06,3.635721548286362e-06
0206-6P6O4,incongruent,69,-1.5595333745405537e-07,1.7159423900872708e-06
0206-6P6O4,incongruent,70,4.092138070004476e-06,5.783821761272903e-06
0206-6P6O4,incongruent,71,-1.5485591018522714e-07,4.387085954742444e-06
0206-6P6O4,incongruent,72,-1.5885872454571752e-06,1.3802599967412166e-06
0227-EO5XV,congruent,0,4.690859995160984e-06,1.9735089952206275e-06
0227-EO5XV,congruent,1,2.8985071632643773e-07,-6.923322357486613e-07
0227-EO5XV,congruent,2,-1.2883347483680996e-06,-3.940663697251506e-06
0227-EO5XV,congruent,3,5.421027114334372e-06,2.1950545728013714e-06
0227-EO5XV,congruent,4,4.919301158083374e-06,5.499578102513012e-07
0227-EO5XV,congruent,5,-5.629906107483197e-07,5.828433584782211e-06
0227-EO5XV,congruent,6,5.097663923709949e-06,3.574948098170683e-06
0227-EO5XV,congruent,7,6.250283810819266e-06,2.365590640436939e-06
0227-EO5XV,congruent,8,1.633569232000083e-06,7.748643440989996e-07
0227-EO5XV,congruent,9,3.180594835750815e-06,8.49280942162941e-06
0227-EO5XV,congruent,10,7.230564250553516e-07,-4.034200039186213e-06
0227-EO5XV,congruent,11,5.266290828940767e-06,2.2407531339761105e-06
0227-EO5XV,congruent,12,4.295944127055309e-06,1.3282038229174052e-06
0227-EO5XV,congruent,13,-2.79211730946483e-06,-5.5470050351262995e-06
0227-EO5XV,congruent,14,6.015508098590835e-06,7.190045887204202e-06
0227-EO5XV,congruent,15,-4.726893647830793e-06,-4.0139522777455165e-06
0227-EO5XV,congruent,16,-1.1702547907707716e-06,3.3260719381948894e-06
0227-EO5XV,congruent,17,-3.2111033735227653e-06,-1.3482512096316016e-06
0227-EO5XV,congruent,18,-2.276183045049932e-06,-4.02730519857316e-06
0227-EO5XV,congruent,19,2.5335472127480962e-06,5.587046302172107e-06
0227-EO5XV,congruent,20,3.2708561382955614e-06,3.138804471035586e-06
0227-EO5XV,congruent,21,2.6644385896005124e-07,-3.630704013999729e-06
0227-EO5XV,congruent,22,1.2536735459749909e-06,8.008991514944855e-07
0227-EO5XV,congruent,23,6.439984256462679e-06,4.3011100357966975e-06
0227-EO5XV,congruent,24,5.71737864771472e-07,-2.061628572753645e-06
0227-EO5XV,congruent,25,8.1027636354187e-06,5.381195353788531e-07
0227-EO5XV,congruent,26,4.646580926319858e-06,9.65132510961036e-06
0227-EO5XV,congruent,27,-2.6506053414019695e-06,-2.452344110108203e-06
0227-EO5XV,congruent,28,-1.3431774050121103e-07,2.0421020231238973e-06
0227-EO5XV,congruent,29,1.2716416486294763e-06,1.5297515100887604e-06
0227-EO5XV,congruent,30,7.100790712531876e-07,1.660888741158392e-06
0227-EO5XV,congruent,31,7.791028799919091e-06,6.574004227309975e-06
0227-EO5XV,congruent,32,-1.7451455153769253e-06,-1.9190230845662e-06
0227-EO5XV,congruent,33,7.573878268052645e-07,-2.6619000649455485e-06
0227-EO5XV,congruent,34,6.747075917350638e-06,5.5619577688272865e-06
0227-EO5XV,congruent,35,2.544156609981235e-06,2.1526093835134584e-06
0227-EO5XV,congruent,36,3.3542365820793665e-06,3.41739657183875e-06
0227-EO5XV,congruent,37,1.4754702791171414e-06,2.6286999844911955e-06
0227-EO5XV,congruent,38,9.692731820694358e-07,-1.489763599656247e-07
0227-EO5XV,congruent,39,-1.1897958883535492e-06,1.7302230232260809e-06
0227-EO5XV,congruent,40,1.8249516123702187e-06,7.619555697980148e-07
0227-EO5XV,congruent,41,-4.420023115636421e-06,-2.993328969026819e-06
0227-EO5XV,congruent,42,7.971562760416642e-06,2.54873055379224e-06
0227-EO5XV,congruent,43,1.529562550578693e-06,9.18134042852688e-06
0227-EO5XV,congruent,44,-5.0323756202241134e-06,-3.787760239469289e-06
0227-EO5XV,congruent,45,5.3111022955573166e-06,2.1547159643816135e-06
0227-EO5XV,congruent,46,5.667472019422791e-06,6.029081337166805e-06
0227-EO5XV,congruent,47,9.365952647540316e-08,1.2232122147768794e-06
0227-EO5XV,congruent,48,8.387692849828768e-06,7.4470872599827326e-06
0227-EO5XV,congruent,49,-5.534624481562719e-07,-2.5385738929061735e-06
0227-EO5XV,congruent,50,1.956807277435715e-06,1.2670752539607757e-06
0227-EO5XV,congruent,51,7.081900651690828e-07,4.635248050191909e-06
0227-EO5XV,congruent,52,-3.2270579853329834e-06,-3.320580481103319e-06
0227-EO5XV,congruent,53,4.286004879009396e-06,6.42397566852648e-07
0227-EO5XV,congruent,54,6.946532800528646e-06,4.983946099944671e-06
0227-EO5XV,congruent,55,2.98908308418253e-06,2.3779191755540742e-06
0227-EO5XV,congruent,56,-2.4087560161098697e-06,-3.5542380388820763e-06
0227-EO5XV,congruent,57,1.1000460471619742e-06,-2.522568754319212e-06
0227-EO5XV,congruent,58,3.2427704990844296e-06,2.9425432935012055e-06
0227-EO5XV,congruent,59,1.6717722395214915e-06,1.1904030410572552e-06
0227-EO5XV,congruent,60,1.8583352611531162e-06,-2.672547060341365e-07
0227-EO5XV,congruent,61,9.442456403053974e-07,2.878589282940538e-06
0227-EO5XV,congruent,62,-2.8013154067991302e-06,-5.658493161055195e-06
0227-EO5XV,congruent,63,7.298290872793431e-06,6.842779561227463e-06
0227-EO5XV,congruent,64,1.623914149108986e-06,-8.621958437215223e-07
0227-EO5XV,congruent,65,-1.8356650387067678e-06,-2.807674844997191e-06
0227-EO5XV,congruent,66,5.74966009759569e-06,3.53414303530587e-06
0227-EO5XV,congruent,67,-1.5491320103212362e-06,-2.035991866782589e-06
0227-EO5XV,congruent,68,2.593848382897043e-06,-2.3503744024110165e-06
0227-EO5XV,congruent,69,8.147043314691341e-07,2.9874278884181187e-06
0227-EO5XV,congruent,70,5.654882793126437e-06,5.107135659899383e-06
0227-EO5XV,congruent,71,-5.726882001184788e-07,1.5665096677970925e-06
0227-EO5XV,congruent,72,2.7967199937410067e-06,4.399638100925339e-06
0227-EO5XV,congruent,73,4.743973498326171e-06,2.2001729974069857e-06
0227-EO5XV,congruent,74,7.22645768220078e-07,-1.1834908564123536e-07
0227-EO5XV,congruent,75,6.378192411626148e-06,2.981492660061503e-06
0227-EO5XV,congruent,76,3.788980126423058e-06,3.0196809543907954e-06
0227-EO5XV,congruent,77,5.858243855361589e-06,-1.8417908414553545e-06
0227-EO5XV,congruent,78,8.742152230488417e-07,2.2156279928073748e-06
0227-EO5XV,congruent,79,-4.072858733509045e-07,2.418635754531488e-06
0227-EO5XV,congruent,80,2.0883400343025777e-06,-5.036248970033218e-07
0227-EO5XV,congruent,81,-7.262281983120058e-06,-1.196894958670509e-06
0227-EO5XV,congruent,82,7.739352808426578e-08,1.4854189389615445e-06
0227-EO5XV,congruent,83,1.7893756659793896e-06,4.095076868842236e-06
0227-EO5XV,congruent,84,-2.6239749487988626e-06,-8.439917169350728e-06
0227-EO5XV,congruent,85,1.038871714238002e-06,2.9439240403641643e-06
0227-EO5XV,congruent,86,5.221974200933392e-06,-1.510581519269525e-06
0227-EO5XV,congruent,87,5.48492742835679e-06,7.75878574732265e-06
0227-EO5XV,congruent,88,-2.8085673250215215e-06,1.4945688740374952e-06
0227-EO5XV,congruent,89,2.90492276016577e-06,4.645020625106949e-06
0227-EO5XV,congruent,90,-1.0584384164136433e-05,-1.279109857702362e-05
0227-EO5XV,congruent,91,5.9643139867608596e-06,5.777450828512789e-06
0227-EO5XV,congruent,92,6.60822547315776e-06,-1.761593721722415e-06
0227-EO5XV,congruent,93,5.939853748142119e-06,4.449992570635722e-06
0227-EO5XV,congruent,94,7.015707527557806e-06,7.428061742297016e-06
0227-EO5XV,congruent,95,2.3582912330800927e-06,-1.539853747481286e-06
0227-EO5XV,congruent,96,3.585264580928988e-06,2.20754447040568e-07
0227-EO5XV,congruent,97,-2.689628262339451e-07,3.422499131803079e-06
0227-EO5XV,congruent,98,-9.166284631380256e-06,-3.7371078791158115e-06
0227-EO5XV,congruent,99,2.1040494813387233e-06,8.018549019841617e-06
0227-EO5XV,congruent,100,-9.440641093932233e-06,2.721357608787155e-06
0227-EO5XV,congruent,101,-8.430697224972773e-06,-1.49179974524901e-05
0227-EO5XV,congruent,102,1.125654807268381e-06,2.074457227452789e-06
0227-EO5XV,congruent,103,3.1350499556101675e-06,3.152891003892682e-06
0227-EO5XV,congruent,104,1.2199992783516185e-06,1.0402518467385554e-06
0227-EO5XV,congruent,105,1.2471205865869276e-06,-9.993312753701351e-07
0227-EO5XV,congruent,106,-1.3568173660260035e-06,-1.7457419353044914e-06
0227-EO5XV,congruent,107,4.2250816406698395e-06,3.6362086226869642e-06
0227-EO5XV,congruent,108,4.975336290912384e-06,2.339555883544448e-06
0227-EO5XV,congruent,109,-2.1805472074643006e-06,1.6594824472034714e-06
0227-EO5XV,congruent,110,5.155211674606042e-06,3.7213836300221272e-06
0227-EO5XV,congruent,111,1.256233761141638e-06,9.936139691094725e-07
0227-EO5XV,congruent,112,-2.5668476437915534e-06,4.591599978452394e-06
0227-EO5XV,congruent,113,-4.058632810493495e-06,-7.178215513579334e-06
0227-EO5XV,congruent,114,1.9720209128294485e-06,3.6557660453367873e-06
0227-EO5XV,congruent,115,1.5347450895915762e-05,8.937740843176681e-06
0227-EO5XV,congruent,116,4.820123407169455e-07,-1.1628276187103052e-05
0227-EO5XV,congruent,117,1.0291511906687558e-05,6.118718802925158e-06
0227-EO5XV,congruent,118,6.275753693899221e-06,1.5333519959796385e-06
0227-EO5XV,congruent,119,-4.74943855177162e-06,-8.861367071193869e-06
0227-EO5XV,congruent,120,-6.516176189403625e-06,-7.857411027999622e-06
0227-EO5XV,congruent,121,7.738105340710975e-06,-7.043559660521411e-07
0227-EO5XV,congruent,122,6.583628316681221e-06,3.5042418349573156e-06
0227-EO5XV,congruent,123,-1.2983555797390602e-05,-1.874909416190362e-05
0227-EO5XV,congruent,124,1.2203332497858409e-05,5.0633257438919276e-06
0227-EO5XV,congruent,125,-7.323600841102206e-07,8.48889112818378e-06
0227-EO5XV,congruent,126,8.485892596155455e-06,3.951163587929306e-06
0227-EO5XV,congruent,127,6.9917756830311e-06,6.166925854122895e-06
0227-EO5XV,congruent,128,-4.100883038312824e-06,-2.3154446380223424e-06
0227-EO5XV,congruent,129,1.5350481920718996e-06,-3.9638322011864865e-06
0227-EO5XV,congruent,130,6.160282561722272e-06,2.6674916360387264e-06
0227-EO5XV,congruent,131,8.959370187393e-06,6.430781731587381e-06
0227-EO5XV,congruent,132,6.419065662749958e-06,3.5082684292616418e-06
0227-EO5XV,congruent,133,1.0589571316607746e-05,1.8258735406668586e-06
0227-EO5XV,congruent,134,5.294852404569366e-06,-3.8684179564949617e-07
0227-EO5XV,congruent,135,-4.564678157275167e-06,-6.61239617205429e-06
0227-EO5XV,congruent,136,1.966107214344925e-06,2.1698756028669794e-07
0227-EO5XV,congruent,137,-5.804958736884458e-06,-6.6197066554277605e-06
0227-EO5XV,congruent,138,2.576473750796025e-06,4.356778093283414e-06
0227-EO5XV,congruent,139,1.2156486011585464e-06,1.2359853482146558e-06
0227-EO5XV,congruent,140,-2.2375016404753622e-07,-5.127238081211773e-06
0227-EO5XV,congruent,141,2.698139289945079e-06,2.743126173356715e-06
0227-EO5XV,congruent,142,3.3300712687239744e-06,3.945003308429436e-06
0227-EO5XV,congruent,143,-3.7885288262038465e-06,-5.95093260152742e-06
0227-EO5XV,congruent,144,8.619951805642713e-06,9.06775699359479e-06
0227-EO5XV,congruent,145,-4.262141155884015e-06,4.468277626451924e-06
0227-EO5XV,congruent,146,2.3326980637959696e-06,-3.2408423250229703e-06
0227-EO5XV,congruent,147,5.541993929383614e-06,-4.004414255610066e-06
0227-EO5XV,congruent,148,8.443450028982035e-06,7.950589668184845e-06
0227-EO5XV,congruent,149,1.6650501611165546e-06,2.0556393651445045e-06
0227-EO5XV,congruent,150,-5.8998824869914346e-08,-2.6724905672042544e-06
0227-EO5XV,congruent,151,-5.269655252904271e-06,1.254828598451661e-06
0227-EO5XV,congruent,152,4.63594115201192e-06,1.6628375688204087e-06
0227-EO5XV,congruent,153,-9.285222451480944e-08,4.294465462983892e-07
0227-EO5XV,congruent,154,6.060132863795683e-06,-4.3960238826912246e-07
0227-EO5XV,congruent,155,-2.550082091435946e-06,-3.7078575146599606e-06
0227-EO5XV,congruent,156,5.752337819974297e-06,5.325507642544837e-06
0227-EO5XV,congruent,157,-4.150123677218665e-06,-7.671171906209597e-06
0227-EO5XV,congruent,158,7.074698478666709e-06,9.846389854843334e-06
0227-EO5XV,congruent,159,-5.057040414937861e-06,-5.049401411987975e-06
0227-EO5XV,congruent,160,2.4767208019800166e-06,7.806539163910403e-06
0227-EO5XV,congruent,161,7.328536282471341e-07,-2.622175927373114e-06
0227-EO5XV,congruent,162,-4.648884181822074e-06,-4.214069648449669e-06
0227-EO5XV,congruent,163,3.6646018983952835e-06,-3.4329551323920368e-06
0227-EO5XV,congruent,164,7.333208370315959e-06,3.975049221051901e-06
0227-EO5XV,congruent,165,2.475220281196324e-06,2.168805069743689e-06
0227-EO5XV,congruent,166,7.272545132418112e-06,3.876238017832261e-06
0227-EO5XV,congruent,167,2.2004936791211104e-06,1.4876256297990242e-06
0227-EO5XV,congruent,168,2.9059752832758723e-06,-8.589992682463743e-07
0227-EO5XV,congruent,169,8.501396353794115e-07,-2.69855890633042e-06
0227-EO5XV,congruent,170,-3.2504651899701287e-06,-9.474094065409078e-06
0227-EO5XV,congruent,171,1.9959983129929275e-07,-2.54643149792345e-06
0227-EO5XV,congruent,172,2.558125009027825e-06,1.4913866648816543e-06
0227-EO5XV,congruent,173,-5.670237706141806e-07,-5.323196046013557e-06
0227-EO5XV,congruent,174,1.2149744827311713e-05,3.1333245564116778e-06
0227-EO5XV,congruent,175,7.054543678131941e-06,6.1512086035503305e-06
0227-EO5XV,congruent,176,2.0586276683727496e-06,3.847594199959314e-06
0227-EO5XV,congruent,177,5.307170118891819e-07,1.9410926128142e-06
0227-EO5XV,congruent,178,-4.948887847252923e-06,-5.865624583794055e-07
0227-EO5XV,congruent,179,-2.8230597746514974e-07,-2.088706957822387e-06
0227-EO5XV,congruent,180,-1.350401628797364e-06,8.4148133874729e-07
0227-EO5XV,congruent,181,3.821232995697995e-06,7.195777575800633e-07
0227-EO5XV,congruent,182,3.8221757061412014e-06,4.2069294781542065e-06
0227-EO5XV,congruent,183,7.017076359701709e-06,1.5296429034767038e-06
0227-EO5XV,congruent,184,-2.1497624489952418e-07,5.4366655306171915e-06
0227-EO5XV,congruent,185,7.026537438152999e-06,-2.700272046017837e-06
0227-EO5XV,congruent,186,5.765231839665874e-06,7.62845914433798e-06
0227-EO5XV,congruent,187,-1.04857343289695e-05,-1.4198188911495395e-05
0227-EO5XV,congruent,188,-1.1420415099268995e-05,-5.79375013422537e-06
0227-EO5XV,congruent,189,-2.4895678743515155e-07,4.30065918401943e-06
0227-EO5XV,congruent,190,-3.575628125444919e-06,-9.895194667747624e-06
0227-EO5XV,congruent,191,-3.859567445920283e-06,-5.350742268853296e-06
0227-EO5XV,congruent,192,9.320545265984029e-06,2.9092941887347227e-06
0227-EO5XV,congruent,193,1.5345393091699724e-05,1.3163164251191516e-05
0227-EO5XV,congruent,194,6.2928522849328895e-06,6.866288165662052e-06
0227-EO5XV,congruent,195,1.1456651354784044e-06,6.254299620337212e-06
0227-EO5XV,congruent,196,3.83536729134325e-06,-3.1285289398728796e-06
0227-EO5XV,congruent,197,5.202580559933118e-06,6.66420803727754e-06
0227-EO5XV,congruent,198,4.645977992920093e-06,4.981530362661401e-06
0227-EO5XV,congruent,199,-9.695498703517814e-06,-7.595156216911707e-06
0227-EO5XV,congruent,200,2.114741405523739e-06,-5.011262755507244e-06
0227-EO5XV,congruent,201,5.14317482217598e-06,-2.321508161983154e-06
0227-EO5XV,incongruent,0,-2.3091441424404786e-06,-5.82326236290149e-06
0227-EO5XV,incongruent,1,9.618208526505218e-06,2.986863701349997e-06
0227-EO5XV,incongruent,2,-1.8289123210391104e-06,4.4990547012000796e-07
0227-EO5XV,incongruent,3,7.950074984058152e-06,1.9984414637366903e-06
0227-EO5XV,incongruent,4,-7.971171474161957e-07,1.4753925967453715e-06
0227-EO5XV,incongruent,5,4.614155819957413e-06,6.18371114139577e-06
0227-EO5XV,incongruent,6,-3.456350695571646e-08,8.803057344036262e-07
0227-EO5XV,incongruent,7,4.336766025115079e-06,3.0450438811271535e-06
0227-EO5XV,incongruent,8,2.277214917617946e-06,3.0018934833053815e-07
0227-EO5XV,incongruent,9,7.74688450173848e-06,6.219467587746867e-06
0227-EO5XV,incongruent,10,5.706197183707708e-06,4.220916147064258e-06
0227-EO5XV,incongruent,11,-6.8706405262619904e-06,-5.524733803571813e-06
0227-EO5XV,incongruent,12,5.324825707884272e-06,4.986155986145728e-06
0227-EO5XV,incongruent,13,7.69531493809333e-06,4.0412635622793815e-06
0227-EO5XV,incongruent,14,-3.8176969547636e-06,1.378472747465088e-06
0227-EO5XV,incongruent,15,2.9833764221816144e-06,2.6111479281196846e-06
0227-EO5XV,incongruent,16,6.189887849712924e-07,2.472524605753203e-06
0227-EO5XV,incongruent,17,-6.869343609260658e-06,-9.751928514301953e-07
0227-EO5XV,incongruent,18,-6.637400438158636e-07,5.4460414540874975e-06
0227-EO5XV,incongruent,19,5.1759720447529935e-06,4.886843076058737e-06
0227-EO5XV,incongruent,20,2.3343833123608687e-06,1.940534670115548e-06
0227-EO5XV,incongruent,21,1.122908721394102e-05,9.47035884558238e-06
0227-EO5XV,incongruent,22,2.3077548514593137e-06,2.2794792697416024e-06
0227-EO5XV,incongruent,23,8.234293595415013e-06,9.560553913623365e-06
0227-EO5XV,incongruent,24,3.478299333509914e-06,6.240180491501838e-07
0227-EO5XV,incongruent,25,1.1232779257167103e-05,6.841343718949983e-06
0227-EO5XV,incongruent,26,5.2675037005744445e-06,2.144379076049304e-06
0227-EO5XV,incongruent,27,6.299768281303e-06,2.4565983964966396e-06
0227-EO5XV,incongruent,28,7.47037272604848e-06,1.659555166417589e-05
0227-EO5XV,incongruent,29,2.986276581285207e-06,1.9410792510384732e-06
0227-EO5XV,incongruent,30,3.4602051033956846e-06,6.624198581436404e-06
0227-EO5XV,incongruent,31,2.557670908377937e-08,-2.913626042934744e-06
0227-EO5XV,incongruent,32,-2.482933277916299e-06,-5.444672092873095e-06
0227-EO5XV,incongruent,33,5.3385677288574945e-06,9.212788227136562e-06
0227-EO5XV,incongruent,34,2.6127148191966833e-07,-1.3721584258687952e-06
0227-EO5XV,incongruent,35,-8.737243668174849e-07,-3.7186820321550453e-06
0227-EO5XV,incongruent,36,3.438144112541742e-06,9.770004676388794e-06
0227-EO5XV,incongruent,37,1.161845254513143e-07,1.3131678126796494e-06
0227-EO5XV,incongruent,38,1.6531931456633845e-06,-3.1457970169503837e-07
0227-EO5XV,incongruent,39,2.9821954871303616e-06,5.490801199738049e-07
0227-EO5XV,incongruent,40,2.4140217908401645e-06,-5.995608779025781e-08
0227-EO5XV,incongruent,41,6.6179497899521504e-06,1.0294945801498606e-05
0227-EO5XV,incongruent,42,4.5866936696139075e-07,2.702305582383315e-06
0227-EO5XV,incongruent,43,8.567593354810283e-07,1.150790716014783e-06
0227-EO5XV,incongruent,44,5.700826364179981e-08,2.1638938549001013e-06
0227-EO5XV,incongruent,45,-1.1296800478385342e-05,-1.2133402544738554e-05
0227-EO5XV,incongruent,46,-1.9730523904612654e-06,-4.12234015276375e-06
0227-EO5XV,incongruent,47,-2.226515954180265e-06,-1.4525946670870253e-06
0227-EO5XV,incongruent,48,-1.5015559888051094e-06,-5.4105274627079815e-06
0227-EO5XV,incongruent,49,4.936544639413464e-06,7.644253584982648e-06
0227-EO5XV,incongruent,50,7.027424772180322e-06,4.657137765029188e-06
0227-EO5XV,incongruent,51,5.952984190850913e-06,1.612198487583142e-06
0227-EO5XV,incongruent,52,5.297944932977942e-06,1.1666871879925763e-05
0227-EO5XV,incongruent,53,3.4254626083948037e-06,7.917231315073504e-07
0227-EO5XV,incongruent,54,2.025594221731308e-06,1.1566570544826762e-05
0227-EO5XV,incongruent,55,6.272115149931348e-06,6.712757558395769e-06
0227-EO5XV,incongruent,56,6.2437614811760784e-06,4.264832357169336e-07
0227-EO5XV,incongruent,57,7.5296387471204785e-06,6.284573790565443e-07
0227-EO5XV,incongruent,58,6.847730269564664e-06,3.103698797181398e-06
0227-EO5XV,incongruent,59,-5.197679437203029e-06,-7.682482255855113e-07
0227-EO5XV,incongruent,60,-1.518684158793607e-06,-2.481887572490935e-06
0227-EO5XV,incongruent,61,-7.261118453287692e-07,1.1025559493487002e-06
0227-EO5XV,incongruent,62,6.943786588631715e-06,2.5123863435080715e-06
0227-EO5XV,incongruent,63,-3.498221916232603e-07,8.241007552112974e-06
0227-EO5XV,incongruent,64,-3.1637940722414875e-08,-3.176220407184169e-06
0227-EO5XV,incongruent,65,5.965546153507148e-06,7.99903182202577e-06
0227-EO5XV,incongruent,66,1.4489027396030844e-06,1.7802746786822725e-06
0227-EO5XV,incongruent,67,6.0982963119615065e-06,7.033089799827471e-06
0127-jpjw9,congruent,0,5.51669429089718e-06,2.7314237380802802e-06
0127-jpjw9,congruent,1,-2.6288845892489797e-06,-1.2118803304595638e-07
0127-jpjw9,congruent,2,1.6911274054837259e-06,4.198453729782246e-06
0127-jpjw9,congruent,3,1.1793559587318655e-06,-2.127448825653704e-06
0127-jpjw9,congruent,4,3.2144110078178564e-06,1.5899553333742982e-06
0127-jpjw9,congruent,5,1.9714443510354694e-06,4.117212664455555e-07
0127-jpjw9,congruent,6,8.053546488317937e-06,1.3483032541513983e-06
0127-jpjw9,congruent,7,3.9243498414770885e-06,3.5535439773086594e-06
0127-jpjw9,congruent,8,2.445272796785225e-06,1.164356584387357e-06
0127-jpjw9,congruent,9,2.498819195981535e-06,2.993128559810489e-06
0127-jpjw9,congruent,10,6.26109171883412e-07,-2.948263304797404e-06
0127-jpjw9,congruent,11,2.0919700490831995e-06,8.344806917126352e-07
0127-jpjw9,congruent,12,3.804794562632609e-06,4.313371373334235e-06
0127-jpjw9,congruent,13,1.7883925515838906e-06,-5.905535993761567e-07
0127-jpjw9,congruent,14,3.5661112260687514e-06,1.7324618479705163e-06
0127-jpjw9,congruent,15,4.099740102487271e-06,3.311099713624873e-06
0127-jpjw9,congruent,16,-1.0958562532302638e-06,-3.930696969567568e-06
0127-jpjw9,congruent,17,2.1328713187032116e-07,-5.97923920891902e-07
0127-jpjw9,congruent,18,1.9957988915541755e-06,-5.260664172562263e-07
0127-jpjw9,congruent,19,1.9256163219062842e-06,1.0217370164536784e-06
0127-jpjw9,congruent,20,4.102437434639175e-06,2.4519615124690006e-06
0127-jpjw9,congruent,21,1.4192898274217292e-06,-1.5878321233278473e-06
0127-jpjw9,congruent,22,-7.053513351225227e-07,6.06942800559444e-07
0127-jpjw9,congruent,23,6.940417535975813e-06,4.968505229437095e-06
0127-jpjw9,congruent,24,2.608106436416376e-06,-1.8499228422885328e-06
0127-jpjw9,congruent,25,2.657261694520633e-06,-7.113717317018756e-07
0127-jpjw9,congruent,26,3.254398669846619e-06,1.959636971710531e-06
0127-jpjw9,congruent,27,-1.3735295731906373e-06,-3.8321742238787225e-07
0127-jpjw9,congruent,28,7.403530677300735e-07,-8.283566501911639e-07
0127-jpjw9,congruent,29,-3.584084130697351e-07,-5.65684911304141e-06
0127-jpjw9,congruent,30,3.80229838290041e-06,2.7463166838050065e-06
0127-jpjw9,congruent,31,5.019649108767813e-06,3.1704893392300105e-06
0127-jpjw9,congruent,32,1.321261028281565e-06,2.576331162705031e-07
0127-jpjw9,congruent,33,1.4825535377028738e-06,1.160728638482418e-07
0127-jpjw9,congruent,34,2.8845199777708474e-06,-9.813834008217911e-07
0127-jpjw9,congruent,35,4.822976087638542e-06,1.691526039664843e-06
0127-jpjw9,congruent,36,5.120122627684214e-06,-5.489698452934674e-07
0127-jpjw9,congruent,37,5.1466948167294945e-06,2.3272909142231064e-06
0127-jpjw9,congruent,38,-2.874968598788126e-07,1.490534333014232e-06
0127-jpjw9,congruent,39,-1.3698414412831551e-06,-3.520036707744041e-06
0127-jpjw9,congruent,40,2.4324313954510623e-06,1.2272923870585517e-06
0127-jpjw9,congruent,41,1.2547062323055851e-06,-1.9466789818486264e-06
0127-jpjw9,congruent,42,3.960200741623826e-06,2.2454503759765435e-06
0127-jpjw9,congruent,43,1.3218047570242796e-06,1.690606250222129e-06
0127-jpjw9,congruent,44,-1.7472224071597833e-08,-1.1440774923021296e-07
0127-jpjw9,congruent,45,-6.6145035115923705e-06,-3.765331557425133e-06
0127-jpjw9,congruent,46,3.655207842482409e-06,2.5968948580617375e-06
0127-jpjw9,congruent,47,1.075948400297422e-06,-6.353236259382668e-07
0127-jpjw9,congruent,48,3.174670572999453e-06,1.191321652837178e-06
0127-jpjw9,congruent,49,3.861015375742499e-06,3.231275075214569e-06
0127-jpjw9,congruent,50,7.559080819327631e-07,-2.508664238821454e-06
0127-jpjw9,congruent,51,-1.7752247045097764e-06,-4.0114104519727734e-06
0127-jpjw9,congruent,52,5.904362637904646e-06,3.186285099884952e-06
0127-jpjw9,congruent,53,1.5038823825667234e-07,-2.0277906179959253e-06
0127-jpjw9,congruent,54,7.198276144367684e-07,4.608392128269402e-07
0127-jpjw9,congruent,55,1.8249433908546045e-06,2.3565464016411026e-06
0127-jpjw9,congruent,56,7.628702827276166e-07,-2.3433103124589815e-06
0127-jpjw9,congruent,57,2.6508701839195007e-06,2.3755105446079686e-06
0127-jpjw9,congruent,58,1.0460163989129548e-06,9.199954070149759e-07
0127-jpjw9,congruent,59,1.7012808631139501e-06,-1.121728082005766e-06
0127-jpjw9,congruent,60,2.072115914585953e-06,-2.1645159883938646e-06
0127-jpjw9,congruent,61,5.428549478150739e-06,6.135405874014341e-07
0127-jpjw9,congruent,62,4.157665235110138e-06,2.8779174831736193e-06
0127-jpjw9,congruent,63,4.596730596925445e-06,1.5505763360052319e-06
0127-jpjw9,congruent,64,4.1788678833821595e-07,-2.868404276879985e-07
0127-jpjw9,congruent,65,9.958547932619681e-07,-1.0685034340723804e-06
0127-jpjw9,congruent,66,-5.891596197719708e-07,-1.5199218505559205e-06
0127-jpjw9,congruent,67,4.0263602770950014e-06,2.1483363681133284e-06
0127-jpjw9,congruent,68,9.031823589208372e-07,-8.818127188299683e-07
0127-jpjw9,congruent,69,7.456018415941824e-07,8.217165207267486e-07
0127-jpjw9,congruent,70,2.4126539953883306e-06,1.1476206337904357e-07
0127-jpjw9,congruent,71,1.6771823088474357e-06,-1.044569221233572e-06
0127-jpjw9,congruent,72,3.6823924904888394e-06,6.930200239846579e-07
0127-jpjw9,congruent,73,2.2087592193618147e-06,1.0051547652542256e-06
0127-jpjw9,congruent,74,1.4841557313345574e-07,5.970283085275854e-07
0127-jpjw9,congruent,75,-4.498942977731013e-07,-1.1478162768773038e-06
0127-jpjw9,congruent,76,3.1172390547512746e-06,-2.2536617759521052e-07
0127-jpjw9,congruent,77,2.4400241013745423e-06,2.047572782371699e-06
0127-jpjw9,congruent,78,6.376024228173539e-07,1.4576723930756728e-06
0127-jpjw9,congruent,79,1.974736777723793e-06,-1.7154273936196189e-06
0127-jpjw9,congruent,80,-7.535598550516274e-08,5.708876231495691e-07
0127-jpjw9,congruent,81,2.2164591039260254e-06,-5.681920328951587e-07
0127-jpjw9,congruent,82,1.1631247134827538e-06,1.6320769560745978e-06
0127-jpjw9,congruent,83,2.462129385382251e-06,-1.5773360261498845e-06
0127-jpjw9,congruent,84,2.894987715777532e-06,-1.6419426849943502e-07
0127-jpjw9,congruent,85,1.1670347317820461e-06,1.114026768744259e-06
0127-jpjw9,congruent,86,2.8358806994338518e-06,9.787909401489406e-07
0127-jpjw9,congruent,87,-5.683517766266525e-07,-1.3539781996735611e-06
0127-jpjw9,congruent,88,2.231921093989921e-06,3.7418425389373024e-06
0127-jpjw9,congruent,89,-9.440059114099324e-07,-1.5547731840392456e-06
0127-jpjw9,congruent,90,2.310631615105412e-06,-6.327845056229027e-08
0127-jpjw9,congruent,91,-2.615235666615349e-07,-1.5631042813332425e-06
0127-jpjw9,congruent,92,3.585578001168914e-06,-1.0647937367037144e-06
0127-jpjw9,congruent,93,5.942509347696847e-07,1.808432234070808e-06
0127-jpjw9,congruent,94,4.138897228355573e-06,1.1197566294899965e-06
0127-jpjw9,congruent,95,-7.040131749340363e-07,-6.25432184330609e-07
0127-jpjw9,congruent,96,3.0146857597869356e-07,-1.032765240000944e-06
0127-jpjw9,congruent,97,1.925968566348979e-06,1.4898109086198378e-07
0127-jpjw9,congruent,98,-7.002552242057613e-07,6.799025949360496e-07
0127-jpjw9,congruent,99,1.5652898004360825e-06,-2.0232759811106066e-06
0127-jpjw9,congruent,100,2.1500512331079234e-06,-1.43979112223071e-06
0127-jpjw9,congruent,101,1.8294059991441028e-06,-5.842106694101067e-08
0127-jpjw9,congruent,102,-1.5494465174865482e-06,-2.6906814872876462e-06
0127-jpjw9,congruent,103,3.796631097138004e-06,6.434359222459672e-07
0127-jpjw9,congruent,104,4.096628786682813e-07,-1.507001260309064e-06
0127-jpjw9,congruent,105,4.382907858348745e-06,4.577503646031128e-06
0127-jpjw9,congruent,106,-3.1983586851062193e-06,-2.4272886891208064e-06
0127-jpjw9,congruent,107,4.3564273422229774e-08,-6.807911533445134e-07
0127-jpjw9,congruent,108,2.4319249817999954e-07,7.716840397855526e-07
0127-jpjw9,congruent,109,-2.0385370298939836e-06,1.8872200180910931e-07
0127-jpjw9,congruent,110,2.0015761996962647e-06,-1.9630969827983145e-07
0127-jpjw9,congruent,111,1.2784910723218924e-06,9.594458453547089e-08
0127-jpjw9,congruent,112,-1.2367978981677662e-07,-2.4740894220538583e-06
0127-jpjw9,congruent,113,2.2069175134513825e-06,1.9340614896328795e-06
0127-jpjw9,congruent,114,-6.103506024540385e-07,1.3925725673563166e-06
0127-jpjw9,congruent,115,-2.549544271248468e-06,-4.399332341379024e-06
0127-jpjw9,congruent,116,1.553429543251457e-06,-2.6894469681349003e-07
0127-jpjw9,congruent,117,9.231238975716746e-07,-6.766378051831378e-07
0127-jpjw9,congruent,118,3.575062901967744e-06,2.601027369291057e-06
0127-jpjw9,congruent,119,-3.488500224572295e-07,-3.274261038564942e-06
0127-jpjw9,congruent,120,6.053817415073465e-06,8.448738488688059e-07
0127-jpjw9,congruent,121,2.5765728756634818e-06,3.205665711400409e-06
0127-jpjw9,congruent,122,1.1973148867092537e-06,-7.260169851480404e-07
0127-jpjw9,congruent,123,1.7229743822145982e-06,-1.5910580514651226e-06
0127-jpjw9,congruent,124,3.2627736155051552e-06,3.3901325322537167e-06
0127-jpjw9,congruent,125,5.772515209104252e-08,-7.357084141991913e-07
0127-jpjw9,congruent,126,7.96066256726946e-07,9.970224706770448e-07
0127-jpjw9,congruent,127,2.5186186288346186e-06,1.4557901192134393e-06
0127-jpjw9,congruent,128,-1.7491809395436748e-07,7.298212435150326e-07
0127-jpjw9,congruent,129,-2.3979964275782482e-06,-2.9237266679514005e-06
0127-jpjw9,congruent,130,2.733254100334539e-06,-1.1587905704873168e-08
0127-jpjw9,congruent,131,1.3568352804133548e-06,-6.435096540237108e-07
0127-jpjw9,congruent,132,7.934232623684281e-07,8.979688212252773e-07
0127-jpjw9,congruent,133,4.272181935728769e-06,3.3139304302334213e-06
0127-jpjw9,congruent,134,-1.1390612903337968e-07,-2.3620756084147377e-06
0127-jpjw9,congruent,135,1.4674649734297828e-06,9.078812534678506e-08
0127-jpjw9,congruent,136,6.684824607808699e-07,9.083644523039783e-07
0127-jpjw9,congruent,137,1.240210743354598e-07,1.7768261955559233e-09
0127-jpjw9,congruent,138,1.8102754472369088e-06,-2.8460674796732297e-07
0127-jpjw9,congruent,139,3.0822186162738725e-06,2.1552099555779436e-06
0127-jpjw9,congruent,140,3.0935324345955705e-07,1.1982694463308702e-07
0127-jpjw9,congruent,141,7.5360315052479144e-06,3.3188821169082137e-06
0127-jpjw9,congruent,142,3.740245489650011e-06,4.492303349282854e-07
0127-jpjw9,congruent,143,-9.782998509808465e-07,-2.7670447056868897e-06
0127-jpjw9,congruent,144,6.515203663818516e-07,-1.8893260007800938e-06
0127-jpjw9,congruent,145,-2.3275503793354577e-06,-1.7014637009231596e-06
0127-jpjw9,congruent,146,-4.866493449075859e-08,-2.0668965533681478e-06
0127-jpjw9,congruent,147,1.9373764373522135e-06,-1.16342058891122e-06
0127-jpjw9,congruent,148,2.0693873562674777e-06,8.95480186641361e-07
0127-jpjw9,congruent,149,3.518348712744028e-06,-5.819258816851872e-07
0127-jpjw9,congruent,150,3.9764707503357956e-07,1.4442841809869284e-06
0127-jpjw9,congruent,151,2.633757077113409e-06,1.988892204577148e-06
0127-jpjw9,congruent,152,-1.164499304451942e-06,-2.7174802305929217e-06
0127-jpjw9,congruent,153,1.0076867197745245e-06,-2.637640331230767e-06
0127-jpjw9,congruent,154,3.923470693836399e-06,3.545792198120621e-07
0127-jpjw9,congruent,155,-1.3682970045364503e-06,-1.075815079591885e-06
0127-jpjw9,congruent,156,6.046588725036065e-06,2.8716951997829625e-06
0127-jpjw9,congruent,157,9.500690552328318e-06,7.563808592063704e-06
0127-jpjw9,congruent,158,4.500799013215048e-06,-5.434048500656899e-07
0127-jpjw9,congruent,159,5.76646035925661e-06,4.286071635362882e-06
0127-jpjw9,congruent,160,1.2083011987590042e-06,-9.80387636134017e-07
0127-jpjw9,congruent,161,1.3256298066758595e-07,-1.03466587078795e-06
0127-jpjw9,congruent,162,-7.15017708505378e-07,1.191717852631857e-06
0127-jpjw9,congruent,163,1.7907447099843295e-06,2.668679814605188e-07
0127-jpjw9,congruent,164,7.886226429782707e-07,-2.4235512098421544e-06
0127-jpjw9,congruent,165,2.5447361573486597e-06,6.554641200699307e-07
0127-jpjw9,congruent,166,1.0164457757259014e-06,1.1563135245003142e-06
0127-jpjw9,congruent,167,4.198064031508183e-07,2.540747039112552e-07
0127-jpjw9,congruent,168,2.0493395962283276e-07,2.634383749844845e-06
0127-jpjw9,congruent,169,-1.023945928252153e-06,-3.061403443283973e-06
0127-jpjw9,congruent,170,4.4150127367837327e-07,-3.0978525388748275e-06
0127-jpjw9,congruent,171,1.6965321905592057e-06,4.07286673135468e-06
0127-jpjw9,congruent,172,2.4909199096688613e-07,-2.8182707552704815e-07
0127-jpjw9,congruent,173,1.8443072568983105e-06,-4.779356917583206e-07
0127-jpjw9,congruent,174,-5.06411110077638e-07,2.242884597432473e-06
0127-jpjw9,congruent,175,-1.2468748108284935e-05,-1.7839708554357646e-05
0127-jpjw9,congruent,176,6.657703483854758e-06,5.108788210552289e-06
0127-jpjw9,congruent,177,-2.1330841170362787e-06,-3.0435729131870387e-06
0127-jpjw9,congruent,178,2.7986540937285734e-07,-3.275892835643767e-06
0127-jpjw9,congruent,179,-2.8259199800326323e-07,9.984521645488902e-07
0127-jpjw9,congruent,180,1.074089766554941e-06,2.6446247666561663e-06
0127-jpjw9,congruent,181,-2.7293847725536617e-06,1.7783388385216622e-06
0127-jpjw9,congruent,182,-4.030834203768372e-06,-2.552710779305261e-06
0127-jpjw9,congruent,183,1.6367582434643826e-06,-3.590189383848458e-07
0127-jpjw9,congruent,184,-1.7016231872561844e-06,-4.5179263281637386e-07
0127-jpjw9,congruent,185,1.0489213059851088e-06,-3.012935402253315e-07
0127-jpjw9,congruent,186,-1.7830232052969875e-07,-5.887357052103023e-07
0127-jpjw9,congruent,187,1.8754198294808861e-06,2.662511310480873e-07
0127-jpjw9,congruent,188,-1.3343190609015094e-06,6.303520529912947e-07
0127-jpjw9,congruent,189,2.2439320431528197e-06,-4.637964408058233e-07
0127-jpjw9,congruent,190,1.4289125263208219e-06,5.101152130099732e-07
0127-jpjw9,congruent,191,-7.320252785956363e-07,-9.407873233561559e-07
0127-jpjw9,congruent,192,-1.9571818831649594e-06,-1.8161248257958351e-06
0127-jpjw9,congruent,193,6.649665732434636e-07,-1.6249481737745064e-06
0127-jpjw9,congruent,194,4.6239828364175204e-06,1.7768120815938114e-06
0127-jpjw9,congruent,195,-1.2055435950024475e-06,-1.888108453472839e-06
0127-jpjw9,congruent,196,1.3953816450725791e-06,-3.246972420818922e-06
0127-jpjw9,congruent,197,3.7533934776149212e-06,1.5008938653579237e-06
0127-jpjw9,congruent,198,2.913341112678072e-06,8.847276905724113e-07
0127-jpjw9,congruent,199,4.491977347550545e-06,3.969902654749315e-06
0127-jpjw9,congruent,200,1.99462183070794e-06,7.790605346883932e-07
0127-jpjw9,congruent,201,-1.1350648704626147e-06,-1.346322874592644e-06
0127-jpjw9,congruent,202,6.081408753085984e-07,-2.8176147584996625e-06
0127-jpjw9,congruent,203,2.6289862733403474e-06,4.0780194112527743e-07
0127-jpjw9,congruent,204,3.746097135376632e-06,-2.8197368292694383e-07
0127-jpjw9,congruent,205,4.573655383360328e-07,6.879268519911972e-08
0127-jpjw9,congruent,206,3.574720073834309e-06,-3.257856597637458e-07
0127-jpjw9,congruent,207,-1.116494805345157e-06,-1.085814387178318e-07
0127-jpjw9,congruent,208,5.380010777492478e-07,-3.97090368064126e-06
0127-jpjw9,congruent,209,4.913015773209495e-06,3.895640986671798e-06
0127-jpjw9,congruent,210,4.1460202559490175e-06,4.2053483467741876e-07
0127-jpjw9,congruent,211,5.409756420320344e-07,6.555883370498609e-07
0127-jpjw9,congruent,212,-1.5166707572549384e-06,-1.3828508395336344e-06
0127-jpjw9,congruent,213,5.762460960568482e-06,3.670639916267409e-06
0127-jpjw9,congruent,214,-6.533362423937667e-08,2.32332274619682e-06
0127-jpjw9,congruent,215,-8.497076941083696e-06,-8.196151027901994e-06
0127-jpjw9,incongruent,0,-1.5442079108669336e-06,3.5555571301386265e-07
0127-jpjw9,incongruent,1,5.703291767154723e-06,3.282163490323669e-06
0127-jpjw9,incongruent,2,4.4477933679341005e-06,-4.307383512792471e-07
0127-jpjw9,incongruent,3,3.980005579136931e-06,-2.5893076540274514e-06
0127-jpjw9,incongruent,4,4.101620623935994e-06,3.1448960991124225e-06
0127-jpjw9,incongruent,5,1.9350784431466516e-06,1.0119448486176605e-06
0127-jpjw9,incongruent,6,3.922285852513839e-06,7.188398386694346e-07
0127-jpjw9,incongruent,7,2.6494495312127092e-06,1.8919795492597838e-06
0127-jpjw9,incongruent,8,3.6830688122709157e-06,1.3661999328537877e-06
0127-jpjw9,incongruent,9,2.7809309753922217e-06,-5.543536667571482e-07
0127-jpjw9,incongruent,10,5.775124858876144e-06,1.6897335582667354e-06
0127-jpjw9,incongruent,11,3.0632742550298544e-06,1.296494964804704e-06
0127-jpjw9,incongruent,12,5.556953232668892e-06,3.3528951941122656e-06
0127-jpjw9,incongruent,13,1.971706288643746e-06,1.9526215353605667e-06
0127-jpjw9,incongruent,14,5.188029865282709e-06,4.799090566175547e-06
0127-jpjw9,incongruent,15,-3.4841108000403456e-07,-8.624437880178268e-07
0127-jpjw9,incongruent,16,-1.1802297566251115e-06,-1.3847943914232532e-06
0127-jpjw9,incongruent,17,2.3808019208882097e-06,3.2338370174095487e-06
0127-jpjw9,incongruent,18,4.580917699872246e-07,1.1895855736721915e-06
0127-jpjw9,incongruent,19,5.944530566695244e-06,3.070240476649577e-06
0127-jpjw9,incongruent,20,4.307425539002647e-06,1.2356277269623163e-06
0127-jpjw9,incongruent,21,2.6290686656617194e-07,1.0887802999948367e-06
0127-jpjw9,incongruent,22,2.6473049453852946e-06,1.895594740463696e-06
0127-jpjw9,incongruent,23,1.523687407928329e-06,1.4003659278018604e-06
0127-jpjw9,incongruent,24,1.0179651262410448e-06,1.8855978052376624e-06
0127-jpjw9,incongruent,25,7.966313938306237e-07,6.057154334402241e-08
0127-jpjw9,incongruent,26,1.4458019745182732e-07,-1.0391268995612972e-06
0127-jpjw9,incongruent,27,2.4402806405874206e-06,4.151427611818209e-07
0127-jpjw9,incongruent,28,3.007614260800476e-06,-1.3676193375798867e-07
0127-jpjw9,incongruent,29,3.4055855517617124e-06,1.7504799913864763e-06
0127-jpjw9,incongruent,30,1.022027577962154e-06,2.0543033615858454e-06
0127-jpjw9,incongruent,31,3.0039148494752724e-06,1.3636200977578763e-06
0127-jpjw9,incongruent,32,2.267598795881086e-06,-1.3909039323821516e-06
0127-jpjw9,incongruent,33,-6.054785583131044e-07,-8.589554547406751e-07
0127-jpjw9,incongruent,34,3.7292893363180837e-07,7.494782164269319e-07
0127-jpjw9,incongruent,35,8.907059977355766e-07,-4.772244108049103e-06
0127-jpjw9,incongruent,36,-1.0005668704867715e-06,-4.639496205925509e-06
0127-jpjw9,incongruent,37,-9.055224448055411e-07,-4.004637169576881e-06
0127-jpjw9,incongruent,38,7.015296899978866e-07,-1.117189804299622e-06
0127-jpjw9,incongruent,39,1.7092313664090413e-06,6.140374073001986e-07
0127-jpjw9,incongruent,40,-3.1999985331178775e-07,2.432238989108297e-06
0127-jpjw9,incongruent,41,1.8512807612383593e-06,5.670208770442371e-07
0127-jpjw9,incongruent,42,2.805982446951944e-06,9.533188531259183e-07
0127-jpjw9,incongruent,43,1.0711836064046467e-06,3.265963036525167e-06
0127-jpjw9,incongruent,44,1.6773988359051088e-06,-2.091243302855377e-06
0127-jpjw9,incongruent,45,1.5739320429061843e-06,1.5294061710211728e-06
0127-jpjw9,incongruent,46,3.1751671077777024e-06,2.770633314547384e-06
0127-jpjw9,incongruent,47,-1.233271115246816e-06,-2.9328770107494447e-06
0127-jpjw9,incongruent,48,2.1959936430156635e-06,4.844646224166874e-06
0127-jpjw9,incongruent,49,5.1525567425857805e-06,1.6128243765920785e-06
0127-jpjw9,incongruent,50,3.4043288974469885e-06,7.464278213790602e-07
0127-jpjw9,incongruent,51,1.242316824252403e-06,1.2600048039723514e-06
0127-jpjw9,incongruent,52,2.961072827069818e-06,3.0978673738635587e-06
0127-jpjw9,incongruent,53,2.6157284941100974e-06,9.636304781046662e-07
0127-jpjw9,incongruent,54,-4.0589848679408e-06,-8.096606921935372e-07
0127-jpjw9,incongruent,55,-1.5037560760677593e-06,-2.4208708747606678e-06
0127-jpjw9,incongruent,56,-3.763032346521833e-06,-4.2880757265605544e-06
0127-jpjw9,incongruent,57,1.568076260982015e-05,5.5600277190956245e-06
0127-jpjw9,incongruent,58,-1.6628391971392037e-06,-3.5782003984608226e-06
0127-jpjw9,incongruent,59,2.927640877250281e-07,-4.4018657899006997e-07
0127-jpjw9,incongruent,60,2.86040388970679e-06,-5.660758589726073e-08
0127-jpjw9,incongruent,61,-2.0771339481878735e-06,-2.716568436929468e-06
0127-jpjw9,incongruent,62,8.617084318411336e-07,-8.718365421429164e-07
0127-jpjw9,incongruent,63,1.8421550159583181e-06,2.532845413883352e-07
0127-jpjw9,incongruent,64,1.4988063312587238e-06,-3.287076187632201e-06
0127-jpjw9,incongruent,65,-4.011770484627874e-07,-2.9517408500448404e-06
0127-jpjw9,incongruent,66,4.913501924934432e-07,2.4467936641673707e-06
0127-jpjw9,incongruent,67,-2.312351456409621e-06,-3.802314855415887e-06
0127-jpjw9,incongruent,68,2.874853503745992e-06,8.861748271874456e-07
0127-jpjw9,incongruent,69,5.718763198802394e-06,1.3190723286586642e-06
0127-jpjw9,incongruent,70,1.4607028464514419e-06,-1.9482781352874445e-06
0127-jpjw9,incongruent,71,5.8502239641894826e-06,5.420604054315691e-06
0127-jpjw9,incongruent,72,-3.988917027752041e-06,-5.194872484108004e-06
0127-jpjw9,incongruent,73,5.8615023829919544e-06,2.426891560654022e-06
0213-RDGFS,congruent,0,3.85186584159898e-06,1.5879537484428977e-06
0213-RDGFS,congruent,1,7.541071624591852e-06,1.34941712275613e-05
0213-RDGFS,congruent,2,-1.817284772458572e-06,-6.539719608475266e-08
0213-RDGFS,congruent,3,5.884684085888546e-07,6.487261763522197e-08
0213-RDGFS,congruent,4,5.103758341905365e-06,2.471345826355672e-06
0213-RDGFS,congruent,5,5.793559410139495e-06,5.268493325550104e-06
0213-RDGFS,congruent,6,-1.595730096166351e-06,-3.631122043959171e-06
0213-RDGFS,congruent,7,2.642424291807861e-06,8.45277465071315e-06
0213-RDGFS,congruent,8,5.861795835078745e-06,3.4072656935116197e-06
0213-RDGFS,congruent,9,3.6205450882834096e-06,6.579075929274991e-07
0213-RDGFS,congruent,10,2.4649626478347724e-06,7.67807273321487e-06
0213-RDGFS,congruent,11,6.068882286226528e-06,1.858204408091479e-06
0213-RDGFS,congruent,12,-5.271540213969675e-07,-1.185730601961965e-06
0213-RDGFS,congruent,13,3.0706883032199115e-06,3.3748663572118204e-06
0213-RDGFS,congruent,14,-8.304860455222225e-07,1.0939627154926072e-06
0213-RDGFS,congruent,15,3.0310532105088396e-07,4.4883431147275984e-07
0213-RDGFS,congruent,16,3.817568638463941e-06,1.2959391851309262e-06
0213-RDGFS,congruent,17,5.225600407233787e-06,-1.39924857303821e-08
0213-RDGFS,congruent,18,-6.674864440020245e-08,-1.5417191886771517e-06
0213-RDGFS,congruent,19,1.2983166424321666e-05,7.379701965122289e-06
0213-RDGFS,congruent,20,5.203323384622529e-06,5.000527249365385e-06
0213-RDGFS,congruent,21,4.725769907486972e-06,7.917734126731821e-06
0213-RDGFS,congruent,22,-7.2067060228986325e-06,2.466057439474512e-06
0213-RDGFS,congruent,23,3.908865088548831e-06,2.3245022674789503e-06
0213-RDGFS,congruent,24,3.7558144182922865e-07,4.09186663718721e-06
0213-RDGFS,congruent,25,7.359511215116127e-06,7.089861276078092e-06
0213-RDGFS,congruent,26,-6.488027085195476e-07,-4.818684914046856e-06
0213-RDGFS,congruent,27,7.120419004546909e-06,1.1150294998634229e-05
0213-RDGFS,congruent,28,-6.8257524326735125e-06,-3.2663071204464897e-06
0213-RDGFS,congruent,29,6.66282413200763e-06,-6.555674933534775e-07
0213-RDGFS,congruent,30,-1.302048165867579e-07,1.6045129419013115e-06
0213-RDGFS,congruent,31,3.7823524535701423e-06,4.186141607534731e-06
0213-RDGFS,congruent,32,3.019431989928474e-07,1.0814939204106254e-06
0213-RDGFS,congruent,33,6.2163551219392075e-06,8.769639170641789e-06
0213-RDGFS,congruent,34,5.077217841687693e-06,7.019423656859426e-06
0213-RDGFS,congruent,35,-2.3623025834117706e-06,3.19234717102604e-06
0213-RDGFS,congruent,36,-9.99937012185614e-08,-5.6780456171818456e-06
0213-RDGFS,congruent,37,3.871648931807449e-06,2.696981454863094e-06
0213-RDGFS,congruent,38,-6.586674222861147e-06,-1.3280329345939173e-06
0213-RDGFS,congruent,39,2.5778441016327462e-06,1.4746032117213167e-06
0213-RDGFS,congruent,40,-1.4917752934997061e-06,-1.148003771299786e-06
0213-RDGFS,congruent,41,-5.8789305380133497e-08,-1.5089657659185798e-06
0213-RDGFS,congruent,42,-3.4760099196912174e-06,-1.9943891763883003e-06
0213-RDGFS,congruent,43,2.8784736207594066e-06,-7.933452745522644e-07
0213-RDGFS,congruent,44,-2.215370205715918e-07,-5.670299125327355e-07
0213-RDGFS,congruent,45,7.572691159030967e-08,-1.960707872029685e-07
0213-RDGFS,congruent,46,-4.009409849729432e-06,-2.2247449044161963e-06
0213-RDGFS,congruent,47,-8.890762180561716e-06,-2.6995187611308856e-06
0213-RDGFS,congruent,48,2.064106628925781e-06,2.2221525180685546e-06
0213-RDGFS,congruent,49,-2.3848114068691194e-06,8.252952359342467e-07
0213-RDGFS,congruent,50,7.2820731485334306e-06,5.56215052517991e-06
0213-RDGFS,congruent,51,-1.0665222605803706e-06,-2.30923487220926e-06
0213-RDGFS,congruent,52,1.2387183429398463e-06,6.258778170231785e-08
0213-RDGFS,congruent,53,6.284302352760206e-06,9.21835694451556e-06
0213-RDGFS,congruent,54,-2.6828516196284414e-06,-8.34792195407871e-06
0213-RDGFS,congruent,55,5.257422590578597e-06,-9.843379904586453e-07
0213-RDGFS,congruent,56,9.725548898459572e-06,7.95806732806637e-06
0213-RDGFS,congruent,57,1.6420497062322331e-06,3.0007530041393178e-06
0213-RDGFS,congruent,58,3.1847101160376324e-06,1.5600230060068264e-06
0213-RDGFS,congruent,59,6.629252900671656e-06,6.825461512023749e-06
0213-RDGFS,congruent,60,9.841319507396547e-07,1.417966768384839e-07
0213-RDGFS,congruent,61,3.6281463110622203e-07,-2.3326769854377806e-07
0213-RDGFS,congruent,62,6.906743759341261e-06,2.5742859551115615e-06
0213-RDGFS,congruent,63,1.0667260547054629e-05,7.401582516126815e-06
0213-RDGFS,congruent,64,-7.180667108709907e-06,-6.451176888212467e-06
0213-RDGFS,congruent,65,9.735140068866212e-06,-7.345267039364209e-06
0213-RDGFS,congruent,66,3.4983291587492635e-06,1.462092206896316e-06
0213-RDGFS,congruent,67,7.691585388185093e-06,3.288622575055179e-06
0213-RDGFS,congruent,68,3.3889803811239065e-06,5.031755941838411e-06
0213-RDGFS,congruent,69,1.3744813543017875e-06,6.802195969444486e-06
0213-RDGFS,congruent,70,2.0726890632511545e-06,1.2339359685027534e-06
0213-RDGFS,congruent,71,3.839756730253308e-06,1.6249732350106272e-06
0213-RDGFS,congruent,72,-5.173847243962514e-06,1.6780081457453745e-06
0213-RDGFS,congruent,73,5.463018588597499e-07,-2.0239142130108365e-06
0213-RDGFS,congruent,74,-3.900232839054357e-06,-1.7546430378250775e-06
0213-RDGFS,congruent,75,1.0254456325860728e-06,-3.5072781287941617e-06
0213-RDGFS,congruent,76,2.924613486887971e-06,3.5854142947842466e-06
0213-RDGFS,congruent,77,1.2568140055392104e-06,2.0425051625933443e-06
0213-RDGFS,congruent,78,-8.771486913791782e-07,-1.2991991977420556e-06
0213-RDGFS,congruent,79,7.602621936244494e-06,7.358906517121707e-06
0213-RDGFS,congruent,80,-7.847704069978482e-07,-3.1557050955627404e-06
0213-RDGFS,congruent,81,1.1635525127984125e-06,-3.842900967072268e-06
0213-RDGFS,congruent,82,-2.1212603356858592e-06,3.595604239681194e-06
0213-RDGFS,congruent,83,-6.65710256358883e-06,1.4610630887986295e-06
0213-RDGFS,congruent,84,2.629199614974955e-06,-4.827928678329838e-06
0213-RDGFS,congruent,85,-1.053795991751469e-06,-3.4283841610651742e-06
0213-RDGFS,congruent,86,-2.9581607781013337e-06,3.615506955789654e-07
0213-RDGFS,congruent,87,-3.583013053228622e-06,-7.891383661111977e-06
0213-RDGFS,congruent,88,-3.535469563167658e-06,2.926344310122037e-06
0213-RDGFS,congruent,89,9.14501348195049e-07,-3.0170494374495214e-06
0213-RDGFS,congruent,90,2.8020191110183306e-06,2.727935233919001e-06
0213-RDGFS,congruent,91,8.514133873481228e-06,5.9282738516957255e-06
0213-RDGFS,congruent,92,-4.050719083916953e-06,-6.056861000842366e-06
0213-RDGFS,congruent,93,-3.170751254111465e-06,6.027076534098248e-07
0213-RDGFS,congruent,94,6.242679235086178e-06,7.08534941525457e-06
0213-RDGFS,congruent,95,5.259474338431227e-06,2.9970079312995527e-06
0213-RDGFS,congruent,96,-2.270790310870293e-06,-6.732924857814186e-06
0213-RDGFS,congruent,97,6.3744841709950745e-06,1.0239784041887498e-05
0213-RDGFS,congruent,98,-2.1799352803989014e-06,-7.480243310371983e-07
0213-RDGFS,congruent,99,8.774994748014421e-06,3.839777129050369e-06
0213-RDGFS,congruent,100,5.446285225213232e-06,5.068868987107845e-06
0213-RDGFS,congruent,101,4.147622617321033e-06,3.933068603189689e-06
0213-RDGFS,congruent,102,5.54424015472169e-06,1.7976081039718788e-06
0213-RDGFS,congruent,103,4.693211004207877e-06,5.887608823672191e-06
0213-RDGFS,congruent,104,1.4508672625234284e-06,-8.0200896618073e-07
0213-RDGFS,congruent,105,1.464740221135449e-07,3.2748664963819926e-06
0213-RDGFS,congruent,106,-7.299174608205224e-06,-2.0839208145221094e-06
0213-RDGFS,congruent,107,-1.1107138067228127e-06,-2.67813580794336e-06
0213-RDGFS,congruent,108,1.7225257178568192e-06,-3.9823494827527596e-06
0213-RDGFS,congruent,109,4.278452996960809e-06,-2.8888929458380753e-06
0213-RDGFS,congruent,110,-5.513496808995583e-06,-5.127459966422452e-06
0213-RDGFS,congruent,111,2.999711121282581e-06,1.641713306563444e-06
0213-RDGFS,congruent,112,-8.42876041896221e-06,-4.082617632254427e-06
0213-RDGFS,congruent,113,4.981193419687364e-06,-5.67265759010107e-07
0213-RDGFS,congruent,114,6.844941396804641e-06,5.790983784908364e-06
0213-RDGFS,congruent,115,4.9130059229796075e-06,2.4108767700406143e-06
0213-RDGFS,congruent,116,-5.372278332814932e-06,-7.716361419946038e-06
0213-RDGFS,congruent,117,-4.115165965089806e-06,5.064217115491012e-07
0213-RDGFS,congruent,118,5.690010969686982e-06,5.270980373315114e-06
0213-RDGFS,congruent,119,-3.919556704991971e-06,-1.0523362813138084e-06
0213-RDGFS,congruent,120,6.75917792710159e-06,5.976147221425931e-06
0213-RDGFS,congruent,121,-4.107910056715978e-06,-6.9832957564074965e-06
0213-RDGFS,congruent,122,-5.15917368701498e-06,-4.291611046767823e-06
0213-RDGFS,congruent,123,-9.75703041616727e-07,-3.33420882881073e-06
0213-RDGFS,congruent,124,2.1584727674909887e-06,-4.898890346155939e-07
0213-RDGFS,congruent,125,-8.28284060369523e-06,-6.566906407918991e-06
0213-RDGFS,congruent,126,5.739715642227766e-07,3.059003997501937e-06
0213-RDGFS,congruent,127,6.047778344603627e-06,-1.238755873704984e-06
0213-RDGFS,congruent,128,4.01498329607951e-06,-5.690635636627296e-07
0213-RDGFS,congruent,129,2.024939927851461e-06,5.174720561124659e-06
0213-RDGFS,congruent,130,-5.2774030849054725e-06,-4.2374449161344524e-07
0213-RDGFS,congruent,131,6.158999536451006e-06,-6.860004063627396e-08
0213-RDGFS,congruent,132,1.3530603503107725e-05,4.544571258774831e-06
0213-RDGFS,congruent,133,6.190763542268704e-06,6.116139803237263e-06
0213-RDGFS,congruent,134,-7.923928685334439e-07,2.254117656101238e-07
0213-RDGFS,congruent,135,-2.7844732226446986e-06,-5.706709301271071e-06
0213-RDGFS,congruent,136,-3.279023651533136e-06,3.073711194607539e-06
0213-RDGFS,congruent,137,-3.902232220470919e-07,3.5486575217790276e-06
0213-RDGFS,congruent,138,5.830722632170459e-06,3.352409900955956e-06
0213-RDGFS,congruent,139,1.998317230570368e-06,9.516330642626423e-07
0213-RDGFS,congruent,140,1.713021208630988e-06,4.0543587773174675e-06
0213-RDGFS,congruent,141,-5.683398779383961e-06,-3.1526505270890915e-06
0213-RDGFS,congruent,142,-3.986407136801843e-06,-1.6501734176991039e-06
0213-RDGFS,congruent,143,-7.626518909047469e-07,3.6883876051307797e-06
0213-RDGFS,congruent,144,7.767453083862327e-07,-2.5140346378354237e-06
0213-RDGFS,congruent,145,6.29681857493804e-06,-2.1141852091315597e-07
0213-RDGFS,congruent,146,-1.990446923614642e-06,1.6558781584745238e-06
0213-RDGFS,congruent,147,4.893125407547406e-06,2.7405258228557207e-06
0213-RDGFS,congruent,148,9.966493236177203e-06,2.573961730626742e-06
0213-RDGFS,congruent,149,9.912256353426001e-06,5.492864273173905e-06
0213-RDGFS,congruent,150,2.375510418404036e-06,-8.265195857056797e-07
0213-RDGFS,congruent,151,4.0883761115367916e-07,3.989626237426743e-06
0213-RDGFS,congruent,152,-4.207732951289685e-07,9.69746497521821e-07
0213-RDGFS,congruent,153,-4.915190487667071e-06,-9.167395014130239e-06
0213-RDGFS,congruent,154,-6.088474708489536e-06,-5.153392879332922e-06
0213-RDGFS,congruent,155,-2.7785003024742815e-06,-4.103444815296319e-06
0213-RDGFS,congruent,156,3.0538394561264687e-06,-1.2620241273261093e-06
0213-RDGFS,congruent,157,5.416845486150269e-06,-1.7567939756458414e-06
0213-RDGFS,congruent,158,2.148150288194178e-06,1.1122642376501898e-06
0213-RDGFS,congruent,159,2.512899883182575e-06,5.670262261503467e-06
0213-RDGFS,congruent,160,1.0783573583133768e-06,-3.4775870487711987e-07
0213-RDGFS,congruent,161,4.679401709590567e-06,7.587234976431833e-06
0213-RDGFS,congruent,162,-3.3701383646688917e-06,2.6825864434579945e-06
0213-RDGFS,congruent,163,-8.396451789335258e-07,1.795143887843676e-06
0213-RDGFS,congruent,164,2.919527224732755e-06,6.2754117312966855e-06
0213-RDGFS,congruent,165,7.284119457194395e-06,-3.560733874027883e-07
0213-RDGFS,congruent,166,6.326379420599674e-06,8.126235968641115e-07
0213-RDGFS,congruent,167,4.4189796566210833e-07,3.5322412123490735e-06
0213-RDGFS,congruent,168,4.260929640470771e-07,-1.806748113741736e-06
0213-RDGFS,congruent,169,1.6099925311495421e-06,2.0603813466324595e-07
0213-RDGFS,congruent,170,-3.1559576482658773e-06,4.7344002172541554e-07
0213-RDGFS,congruent,171,-2.2420109698033597e-06,1.6926824441043756e-06
0213-RDGFS,congruent,172,6.955331460875234e-07,3.9241818677094376e-06
0213-RDGFS,congruent,173,2.761968717359226e-06,6.082808379099094e-06
0213-RDGFS,congruent,174,-2.4505314574004096e-06,-4.59488364294752e-06
0213-RDGFS,congruent,175,-5.9948304546062294e-06,-6.975904230051353e-06
0213-RDGFS,congruent,176,9.177544615092128e-06,7.963003857424406e-06
0213-RDGFS,congruent,177,3.1187641696633916e-06,2.822818725285913e-06
0213-RDGFS,incongruent,0,3.630600193181367e-07,9.665637809685166e-07
0213-RDGFS,incongruent,1,3.5046473328461385e-06,3.118696358677952e-06
0213-RDGFS,incongruent,2,-1.8986782572525392e-06,-2.333507059227736e-06
0213-RDGFS,incongruent,3,5.715799455051874e-06,4.076973997381452e-06
0213-RDGFS,incongruent,4,9.577978980367651e-06,9.537907735017939e-06
0213-RDGFS,incongruent,5,4.181700267911097e-06,-2.833656489087132e-06
0213-RDGFS,incongruent,6,-2.1588468641996606e-06,-5.47338312126396e-07
0213-RDGFS,incongruent,7,-1.8488883016300744e-06,5.970461804122214e-06
0213-RDGFS,incongruent,8,5.806573265564245e-06,-1.4305637640886561e-06
0213-RDGFS,incongruent,9,5.36217293431302e-06,7.38523178374385e-07
0213-RDGFS,incongruent,10,1.0218657958474238e-05,3.521794857331615e-06
0213-RDGFS,incongruent,11,5.78015561278813e-06,4.475066670096234e-06
0213-RDGFS,incongruent,12,-5.39676347006723e-06,-8.402539286924347e-07
0213-RDGFS,incongruent,13,9.121388015461134e-06,6.782888036232225e-06
0213-RDGFS,incongruent,14,8.180799948180644e-07,3.590900825580489e-07
0213-RDGFS,incongruent,15,-4.249282502387671e-06,-1.7378344142576497e-06
0213-RDGFS,incongruent,16,1.548834868794021e-07,-1.015713021058404e-06
0213-RDGFS,incongruent,17,5.1904025896011125e-06,1.1296671059314128e-05
0213-RDGFS,incongruent,18,9.143858993303158e-06,5.556508254525917e-06
0213-RDGFS,incongruent,19,-2.146841190016967e-06,5.063897909452271e-06
0213-RDGFS,incongruent,20,5.785787725785506e-06,2.5799816165135706e-06
0213-RDGFS,incongruent,21,6.602023277305003e-06,-2.7739436325930375e-07
0213-RDGFS,incongruent,22,3.385623543903017e-06,9.092318948090234e-06
0213-RDGFS,incongruent,23,-1.0278360860908904e-05,-7.69458807908003e-06
0213-RDGFS,incongruent,24,6.069555212325622e-06,1.25314071512443e-06
0213-RDGFS,incongruent,25,6.945515282537116e-07,5.446101873078685e-06
0213-RDGFS,incongruent,26,3.9477058935354625e-06,6.580534236097641e-06
0213-RDGFS,incongruent,27,-2.641436404699113e-06,-6.642169423772387e-06
0213-RDGFS,incongruent,28,-3.4328351498523632e-06,2.0376207142019324e-06
0213-RDGFS,incongruent,29,5.024143833984858e-06,3.1939578234167206e-06
0213-RDGFS,incongruent,30,2.773723380637835e-06,1.2507184979410562e-06
0213-RDGFS,incongruent,31,1.8352240112348555e-06,3.028264604688452e-06
0213-RDGFS,incongruent,32,-8.321161444879483e-07,-3.670038073419742e-06
0213-RDGFS,incongruent,33,9.387999155516365e-06,1.1185302824717715e-05
0213-RDGFS,incongruent,34,6.080045520078163e-06,3.921234914583054e-06
0213-RDGFS,incongruent,35,1.4089670126653672e-06,-3.097135006964213e-06
0213-RDGFS,incongruent,36,9.698130499073573e-06,6.610379047185999e-06
0213-RDGFS,incongruent,37,-2.567614489897443e-06,-2.6736409539008966e-08
0213-RDGFS,incongruent,38,-9.298547479949736e-07,3.2827759514790537e-06
0213-RDGFS,incongruent,39,-4.3644134915115435e-06,-1.8552714913248846e-06
0213-RDGFS,incongruent,40,-1.538377131064432e-06,8.257718713972352e-06
0213-RDGFS,incongruent,41,4.4674427458230595e-06,6.1686613721181365e-06
0213-RDGFS,incongruent,42,9.424312058993356e-07,1.171818455774476e-06
0213-RDGFS,incongruent,43,4.62703944276959e-06,-9.405060072717315e-07
0213-RDGFS,incongruent,44,1.0895256823901813e-05,9.229997657105868e-06
0213-RDGFS,incongruent,45,1.4503373524410095e-06,4.081530771157943e-06
0213-RDGFS,incongruent,46,7.2728062364499314e-06,1.1456387102750884e-05
0213-RDGFS,incongruent,47,-2.4426320967897164e-06,5.724232371210693e-06
0213-RDGFS,incongruent,48,-2.6253956739995096e-06,-4.626176682475544e-06
0213-RDGFS,incongruent,49,-2.7503737801303606e-06,1.408379895479742e-06
0213-RDGFS,incongruent,50,2.587743407021356e-06,8.883766048811105e-06
0213-RDGFS,incongruent,51,4.696497044211163e-07,-2.201893684496809e-06
0213-RDGFS,incongruent,52,2.2146883024597317e-06,4.667707712384001e-06
0213-RDGFS,incongruent,53,1.3576892559406298e-05,4.313935922743518e-06
0213-RDGFS,incongruent,54,2.349988152941997e-06,3.460021551589895e-06
0213-RDGFS,incongruent,55,8.142761295785322e-06,2.26593887961398e-06
0213-RDGFS,incongruent,56,-1.7658262811632555e-06,4.374884498573374e-06
